id;category;lv;srl;src;img;audio;ru;en;sr-ex;ru-ex;en-ex;;
1221;general;1;Gotov;Готов;assets/images/words/gotov.webp;assets/sounds/words/gotov.mp3;Готовый;Ready;Rad je gotov. Ručak je gotov. Most je gotov.;Работа закончена. Обед готов. Мост закончен.;The work is done. Lunch is ready. The bridge is finished.;;
1;general;1;Ja;Ја;assets/images/words/ja.webp;assets/sounds/words/ja.mp3;Я;I;Ja sam student. Ja volim kafu. Ja idem kući.;Я студент. Я люблю кофе. Я иду домой.;I am a student. I love coffee. I am going home.;;
2;general;1;Imam;Имам;assets/images/words/imam.webp;assets/sounds/words/imam.mp3;Я имею / у меня есть;I have;Imam auto. Imam brata. Imam vremena.;У меня есть машина. У меня есть брат. У меня есть время.;I have a car. I have a brother. I have time.;;
3;general;1;Volim;Волим;assets/images/words/volim.webp;assets/sounds/words/volim.mp3;Люблю;I love / I like;Volim muziku. Volim tebe. Volim leto.;Я люблю музыку. Я люблю тебя. Я люблю лето.;I love music. I love you. I love summer.;;
4;general;1;Jedem;Једем;assets/images/words/jedem.webp;assets/sounds/words/jedem.mp3;Ем;I eat;Jedem hleb. Jedem svako jutro. Jedem voće.;Я ем хлеб. Я ем каждое утро. Я ем фрукты.;I eat bread. I eat every morning. I eat fruit.;;
5;general;1;Pijem;Пијем;assets/images/words/pijem.webp;assets/sounds/words/pijem.mp3;Пью;I drink;Pijem vodu. Pijem kafu ujutru. Pijem čaj.;Я пью воду. Я пью кофе утром. Я пью чай.;I drink water. I drink coffee in the morning. I drink tea.;;
6;general;1;Dobar;Добар;assets/images/words/dobar.webp;assets/sounds/words/dobar.mp3;Добрый / Хороший;Good;Dobar dan. On je dobar. Moj pas je dobar.;Добрый день. Он хороший. Моя собака хорошая.;Good afternoon. He is good. My dog is good.;;
7;general;1;Velika;Велика;assets/images/words/velika.webp;assets/sounds/words/velika.mp3;Большая;Big / large;Moja flaša je velika. Moja kuća je velika. Ovo je velika jabuka.;Моя бутылка большая. Мой дом большой. Это большое яблоко.;My bottle is big. My house is big. This is a big apple.;;
8;general;1;Ti;Ти;assets/images/words/ti.webp;assets/sounds/words/ti.mp3;Ты;You;Ti si dobar. Ti voliš pse. Ti čitaš knjigu.;Ты добрый. Ты любишь собак. Ты читаешь книгу.;You are good. You love dogs. You read a book.;;
9;general;1;Mi;Ми;assets/images/words/mi.webp;assets/sounds/words/mi.mp3;Мы;We;Mi smo prijatelji. Mi idemo u školu. Mi volimo more.;Мы друзья. Мы идём в школу. Мы любим море.;We are friends. We are going to school. We love the sea.;;
22;general;1;Mesto;Место;assets/images/words/mesto.webp;assets/sounds/words/mesto.mp3;Место;Place;Ovo je lepo mesto. Znam dobro mesto. To mesto je daleko.;Это красивое место. Я знаю хорошее место. Это место далеко.;This is a nice place. I know a good place. That place is far away.;;
23;general;1;Ali;Али;assets/images/words/ali.webp;assets/sounds/words/ali.mp3;Но;But;Volim kafu, ali ne pijem mnogo. Volim čaj, ali ne volim mleko. Imam psa, ali nemam mačku.;Я люблю кофе, но много не пью. Я люблю чай, но не люблю молоко. У меня есть собака, но нет кошки.;I like coffee, but I don't drink much. I like tea, but I don't like milk. I have a dog, but I don't have a cat.;;
24;general;1;Vi;Ви;assets/images/words/vi.webp;assets/sounds/words/vi.mp3;Вы;You (plural / formal);Vi ste moj prijatelj. Vi živite u Beogradu. Vi volite kafu.;Вы мой друг. Вы живёте в Белграде. Вы любите кофе.;You are my friend. You live in Belgrade. You like coffee.;;
25;general;1;On;Он;assets/images/words/on.webp;assets/sounds/words/on.mp3;Он;He;On je moj brat. On radi u banci. On voli fudbal.;Он мой брат. Он работает в банке. Он любит футбол.;He is my brother. He works at a bank. He loves football.;;
26;general;1;Ona;Она;assets/images/words/ona.webp;assets/sounds/words/ona.mp3;Она;She;Ona je moja sestra. Ona voli knjige. Ona živi u Beogradu.;Она моя сестра. Она любит книги. Она живёт в Белграде.;She is my sister. She loves books. She lives in Belgrade.;;
27;general;1;Je;Је;assets/images/words/je.webp;assets/sounds/words/je.mp3;Есть;Is;Grammar. Ovo je moja kuća. Vreme je lepo.;«je» — форма глагола «biti» (быть) для 3-го лица единственного числа (on/ona/ono + je). Это мой дом. Погода хорошая.;"je is the 3rd person singular form of the verb ""biti"" (to be) (on/ona/ono + je). This is my house. The weather is nice.";;
41;general;1;Čovek;Човек;assets/images/words/covek.webp;assets/sounds/words/covek.mp3;Человек;Man / person;On je dobar čovek. Svaki čovek ima izbor. Video sam čoveka napolju.;Он хороший человек. У каждого человека есть выбор. Я видел человека на улице.;He is a good man. Every person has a choice. I saw a man outside.;;
42;general;1;Hladno;Хладно;assets/images/words/hladno.webp;assets/sounds/words/hladno.mp3;Холодно;Cold;Napolju je hladno. Voda je hladna. Hladno mi je.;На улице холодно. Вода холодная. Мне холодно.;It's cold outside. The water is cold. I am cold.;;
43;general;1;Toplo;Топло;assets/images/words/toplo.webp;assets/sounds/words/toplo.mp3;Тепло;Warm;Danas je toplo. Supa je topla. Toplo mi je u jakni.;Сегодня тепло. Суп тёплый. Мне тепло в куртке.;It's warm today. The soup is warm. I'm warm in the jacket.;;
44;general;1;Sada;Сада;assets/images/words/sada.webp;assets/sounds/words/sada.mp3;Сейчас;Now;Sada moram da idem. Šta radiš sada? Sada je pravo vreme.;Сейчас мне нужно идти. Что ты сейчас делаешь? Сейчас самое подходящее время.;I have to go now. What are you doing now? Now is the right time.;;
45;general;1;Gde;Где;assets/images/words/gde.webp;assets/sounds/words/gde.mp3;Где;Where;Gde je stanica? Ne znam gde je telefon. Gde sada ideš?;Где остановка? Не знаю, где телефон. Куда ты сейчас идёшь?;Where is the station? I don't know where the phone is. Where are you going now?;;
46;general;1;Šta;Шта;assets/images/words/sta.webp;assets/sounds/words/sta.mp3;Что;What;Šta sada radiš? Šta je ovo? Ne znam šta reći.;Что ты сейчас делаешь? Что это? Я не знаю, что сказать.;What are you doing now? What is this? I don't know what to say.;;
47;general;1;Dobro;Добро;assets/images/words/dobro.webp;assets/sounds/words/dobro.mp3;Хорошо;Well / good / OK;Osećam se dobro. Dobro jutro, prijatelju. To zvuči dobro.;Я чувствую себя хорошо. Доброе утро, друг. Звучит хорошо.;I feel well. Good morning, friend. That sounds good.;;
48;general;1;I;И;assets/images/words/i.webp;assets/sounds/words/i.mp3;И;And;Ja i ti. Kupio sam hleb i mleko. Sunčano i toplo je.;Я и ты. Я купил хлеб и молоко. Солнечно и тепло.;You and I. I bought bread and milk. It's sunny and warm.;;
49;general;1;Loš;Лош;assets/images/words/los.webp;assets/sounds/words/los.mp3;Плохой;Bad;Ovo je loš dan. On je loš vozač. Imam loš osećaj.;Это плохой день. Он плохой водитель. У меня плохое предчувствие.;This is a bad day. He is a bad driver. I have a bad feeling.;;
543;general;1;Biti;Бити;assets/images/words/biti.webp;assets/sounds/words/biti.mp3;Быть;To be;Bio sam umoran juče. Ona je uvek tačna. Bićemo tamo za sat.;Вчера я был уставшим. Она всегда пунктуальна. Мы будем там через час.;I was tired yesterday. She is always punctual. We'll be there in an hour.;;
544;general;1;Dati;Дати;assets/images/words/dati.webp;assets/sounds/words/dati.mp3;Дать;To give;Daj mi taj papir. Dala mu je poklon. Daćemo sve od sebe.;Дай мне ту бумагу. Она подарила ему подарок. Мы сделаем всё возможное.;Give me that paper. She gave him a gift. We'll do our best.;;
545;general;1;Hteti;Хтети;assets/images/words/hteti.webp;assets/sounds/words/hteti.mp3;Хотеть;To want;Hoću da naučim jezik. Ona neće da ide sama. Hteli smo videti more.;Хочу выучить язык. Она не хочет идти одна. Мы хотели увидеть море.;I want to learn a language. She doesn't want to go alone. We wanted to see the sea.;;
546;general;1;Imati;Имати;assets/images/words/imati.webp;assets/sounds/words/imati.mp3;Иметь;To have;Imam brata i sestru. Nemamo dovoljno vremena. Imali smo sreće danas.;У меня брат и сестра. У нас недостаточно времени. Нам сегодня повезло.;I have a brother and sister. We don't have enough time. We got lucky today.;;
547;general;1;Ići;Ићи;assets/images/words/ici.webp;assets/sounds/words/ici.mp3;Идти;To go;Idem na posao ujutru. Idemo li večeras negde? Išli smo peške do centra.;Я иду на работу утром. Мы куда-то идём вечером? Мы шли пешком в центр.;I go to work in the morning. Are we going out tonight? We walked downtown.;;
548;general;1;Moći;Моћи;assets/images/words/moci.webp;assets/sounds/words/moci.mp3;Мочь;To be able to / can;Mogu li ti pomoći? Ne mogu doći sutra. Mogli bismo raditi zajedno.;Могу тебе помочь? Я не могу прийти завтра. Мы могли бы работать вместе.;Can I help you? I can't come tomorrow. We could work together.;;
549;general;1;Pisati;Писати;assets/images/words/pisati.webp;assets/sounds/words/pisati.mp3;Писать;To write;Pišem dnevnik svako veče. Piše knjigu dve godine. Pisali smo pisma leti.;Я пишу дневник каждый вечер. Он пишет книгу два года. Мы писали письма летом.;I write in a diary every evening. He's been writing a book for two years. We wrote letters in summer.;;
550;general;1;Raditi;Радити;assets/images/words/raditi.webp;assets/sounds/words/raditi.mp3;Работать;To work / to do;Radim u banci godinama. Šta radiš ovog vikenda? Radili smo zajedno danas.;Я годами работаю в банке. Что ты делаешь в эти выходные? Мы работали вместе сегодня.;I've worked at the bank for years. What are you doing this weekend? We worked together today.;;
551;general;1;Reći;Рећи;assets/images/words/reci.webp;assets/sounds/words/reci.mp3;Сказать;To say;Reci mi istinu. Rekla je da dolazi. Nisam znao šta reći.;Скажи мне правду. Она сказала, что придёт. Я не знал, что сказать.;Tell me the truth. She said she's coming. I didn't know what to say.;;
552;general;1;Uzeti;Узети;assets/images/words/uzeti.webp;assets/sounds/words/uzeti.mp3;Взять;To take;Uzmi kišobran, možda će padati kiša. Uzela je knjigu danas. Uzeli smo taksi danas.;Возьми зонт, может пойти дождь. Она взяла книгу сегодня. Мы взяли такси сегодня.;Take an umbrella, it might rain. She took a book today. We took a taxi today.;;
553;general;1;Videti;Видети;assets/images/words/videti.webp;assets/sounds/words/videti.mp3;Видеть;To see;Video sam je juče. Jesi li video film? Videćemo se sledeće nedelje.;Я видел её вчера. Ты видел фильм? Мы увидимся на следующей неделе.;I saw her yesterday. Have you seen the movie? We'll see each other next week.;;
554;general;1;Voleti;Волети;assets/images/words/voleti.webp;assets/sounds/words/voleti.mp3;Любить;To love;Volim tvoju porodicu jako. Ona voli da čita. Voleli smo se odmah.;Я очень люблю твою семью. Она любит читать. Мы сразу полюбили друг друга.;I love your family a lot. She loves to read. We loved each other right away.;;
555;general;1;Znati;Знати;assets/images/words/znati.webp;assets/sounds/words/znati.mp3;Знать;To know;Znam odgovor na pitanje. Ne znam gde je torba. Znali smo se odavno.;Я знаю ответ на вопрос. Не знаю, где сумка. Мы давно знакомы.;I know the answer to the question. I don't know where the bag is. We've known each other for a long time.;;
556;general;1;Čitati;Читати;assets/images/words/citati.webp;assets/sounds/words/citati.mp3;Читать;To read;Čitam knjigu pre spavanja. Deca vole da čitaju. Čitali smo istu knjigu.;Я читаю книгу перед сном. Дети любят читать. Мы читали одну книгу.;I read a book before bed. Kids love to read. We read the same book.;;
1838;general;1;Visok;Висок;assets/images/words/visok.webp;assets/sounds/words/visok.mp3;Высокий;Tall;Moj brat je visok. Zgrada je visoka, ogromna. Visoki vrh je prekriven snegom.;Мой брат высокий. Здание высокое, огромное. Высокая вершина покрыта снегом.;My brother is tall. The building is tall, huge. The tall peak is covered with snow.;;
1091;cafe;1;Kafić;Кафић;assets/images/words/kafic.webp;assets/sounds/words/kafic.mp3;Кафе;Cafe;Sastajemo se u kafiću. Kafić je pun ujutru. Ovaj kafić ima kafu.;Мы встречаемся в кафе. Утром кафе полно людей. В этом кафе есть кофе.;We're meeting at the cafe. The cafe is full in the morning. This cafe has coffee.;;
1092;cafe;1;Sto;Сто;assets/images/words/sto.webp;assets/sounds/words/sto.mp3;Стол;Table;Rezervisao sam sto danas. Sto je pored prozora. Sedimo za stolom u uglu.;Я забронировал стол сегодня. Стол у окна. Мы сидим за столом в углу.;I booked a table today. The table is by the window. We're sitting at the table in the corner.;;
1093;cafe;1;Naručujem;Наручујем;assets/images/words/narucujem.webp;assets/sounds/words/narucujem.mp3;Заказываю;I order;Uvek naručujem kapućino. Naručujem kolač uz kafu. Naručujem uvek isto piće.;Я всегда заказываю капучино. Я заказываю пирожное к кофе. Я всегда заказываю один и тот же напиток.;I always order cappuccino. I'm ordering cake with the coffee. I always order the same drink.;;
1094;cafe;1;Želim;Желим;assets/images/words/zelim.webp;assets/sounds/words/zelim.mp3;Хочу;I want;Želim šolju čaja. Želim da sednem napolju. Želim nešto slatko.;Я хочу чашку чая. Я хочу сесть на улице. Я хочу что-нибудь сладкое.;I want a cup of tea. I want to sit outside. I want something sweet.;;
1095;cafe;1;Šolja;Шоља;assets/images/words/solja.webp;assets/sounds/words/solja.mp3;Чашка;Cup;Šolja kafe me budi. Šolja je vruća. Popio sam dve šolje.;Чашка кофе меня будит. Чашка горячая. Я выпил две чашки.;A cup of coffee wakes me. The cup is hot. I drank two cups.;;
1096;cafe;1;Bakšiš;Бакшиш;assets/images/words/baksis.webp;assets/sounds/words/baksis.mp3;Чаевые;Tip;Ostavio sam bakšiš konobaru. Bakšiš nije obavezan. Bakšiš je bio malen.;Я оставил чаевые официанту. Чаевые не обязательны. Чаевые были маленькие.;I left a tip for the waiter. A tip isn't mandatory. The tip was small.;;
1097;cafe;1;Espreso;Еспресо;assets/images/words/espreso.webp;assets/sounds/words/espreso.mp3;Эспрессо;Espresso;Naručio sam espreso. Espreso je jak, gorak. Popio sam espreso brzo.;Я заказал эспрессо. Эспрессо крепкий, горький. Я быстро выпил эспрессо.;I ordered an espresso. Espresso is strong, bitter. I quickly drank the espresso.;;
1098;cafe;1;Kapućino;Капућино;assets/images/words/kapucino.webp;assets/sounds/words/kapucino.mp3;Капучино;Cappuccino;Volim kapućino sa cimetom. Kapućino ima mlečnu penu. Naručila sam veliki kapućino.;Я люблю капучино с корицей. У капучино молочная пена. Я заказала большой капучино.;I love cappuccino with cinnamon. Cappuccino has milk foam. I ordered a large cappuccino.;;
1100;cafe;1;Kolačić;Колачић;assets/images/words/kolacic.webp;assets/sounds/words/kolacic.mp3;Печенье;Cookie;Kolačić uz kafu je besplatan. Pojeo sam dva kolačića. Kolačić je sa čokoladom.;Печенье к кофе бесплатно. Я съел два печенья. Печенье с шоколадом.;The cookie with coffee is free. I ate two cookies. The cookie has chocolate.;;
1101;cafe;1;Gas;Гас;assets/images/words/gas.webp;assets/sounds/words/gas.mp3;Газ;Gas;Molim vas negaziranu vodu. Ovaj sok ima gas. Popio je gaziranu vodu.;Пожалуйста, воду без газа. В этом соке есть газ. Он выпил газированную воду.;Still water, please. This juice has fizz. He drank sparkling water.;;
1102;cafe;1;Piće;Пиће;assets/images/words/pice.webp;assets/sounds/words/pice.mp3;Напиток;Drink;Koje piće želite? Piće je hladno. Naručio sam bezalkoholno piće.;Какой напиток вы хотите? Напиток холодный. Я заказал безалкогольный напиток.;Which drink would you like? The drink is cold. I ordered a non-alcoholic drink.;;
1103;cafe;1;Poslastica;Посластица;assets/images/words/poslastica.webp;assets/sounds/words/poslastica.mp3;Десерт;Dessert;Naručio sam poslasticu danas. Poslastica je bila slatka. Podelili smo poslasticu.;Я заказал десерт сегодня. Десерт был сладким. Мы поделили десерт.;I ordered a dessert today. The dessert was sweet. We shared the dessert.;;
1104;cafe;1;Toalet;Тоалет;assets/images/words/toalet.webp;assets/sounds/words/toalet.mp3;Туалет;Restroom;Gde je toalet, molim? Toalet je iza šanka. Toalet je zauzet.;Где туалет, пожалуйста? Туалет за стойкой. Туалет занят.;Where is the restroom, please? The restroom is behind the counter. The restroom is occupied.;;
1106;cafe;1;Deo;Део;assets/images/words/deo.webp;assets/sounds/words/deo.mp3;Часть;Part;Ovo je deo menija. Popio sam deo kafe. Sedimo u zadnjem delu.;Это часть меню. Я выпил часть кофе. Мы сидим в задней части.;This is part of the menu. I drank part of the coffee. We're sitting in the back part.;;
1107;cafe;1;Odvojen;Одвојен;assets/images/words/odvojen.webp;assets/sounds/words/odvojen.mp3;Раздельный;Separate;Molim vas odvojene račune. Sedimo za odvojenim stolovima. Mleko je stavljeno odvojeno.;Пожалуйста, раздельные счета. Мы сидим за отдельными столиками. Молоко подано отдельно.;Separate bills, please. We're sitting at separate tables. The milk is served separately.;;
1108;cafe;1;Laktoza;Лактоза;assets/images/words/laktoza.webp;assets/sounds/words/laktoza.mp3;Лактоза;Lactose;Nemam mleko bez laktoze. Alergičan sam na laktozu. Ovo mleko je bezlaktozno.;У меня нет безлактозного молока. У меня аллергия на лактозу. Это молоко безлактозное.;I don't have lactose-free milk. I'm allergic to lactose. This milk is lactose-free.;;
1125;cafe;1;Kafa;Кафа;assets/images/words/kafa.webp;assets/sounds/words/kafa.mp3;Кофе;Coffee;Pijem kafu svako jutro. Ova kafa ima jak ukus. Naručila je kafu bez šećera.;Я пью кофе каждое утро. У этого кофе крепкий вкус. Она заказала кофе без сахара.;I drink coffee every morning. This coffee has a strong taste. She ordered coffee without sugar.;;
1128;cafe;1;Sok;Сок;assets/images/words/sok.webp;assets/sounds/words/sok.mp3;Сок;Juice;Popila sam čašu soka od pomorandže. Sok je sveže ceđen. Deca vole sok od jabuke.;Я выпила стакан апельсинового сока. Сок свежевыжатый. Дети любят яблочный сок.;I drank a glass of orange juice. The juice is freshly squeezed. Children love apple juice.;;
1129;cafe;1;Vino;Вино;assets/images/words/vino.webp;assets/sounds/words/vino.mp3;Вино;Wine;Popili smo čašu crvenog vina uz večeru. Ovo vino je iz lokalnog vinograda. Vino se čuva na tamnom mestu.;Мы выпили бокал красного вина за ужином. Это вино с местного виноградника. Вино хранят в тёмном месте.;We had a glass of red wine with dinner. This wine is from a local vineyard. Wine is stored in a dark place.;;
1130;cafe;1;Voda;Вода;assets/images/words/voda.webp;assets/sounds/words/voda.mp3;Вода;Water;Popio je čašu vode posle trčanja. Voda u ovoj reci je čista. Treba piti dovoljno vode svaki dan.;Он выпил стакан воды после бега. Вода в этой реке чистая. Нужно пить достаточно воды каждый день.;He drank a glass of water after running. The water in this river is clean. You should drink enough water every day.;;
1131;cafe;1;Čaj;Чај;assets/images/words/caj.webp;assets/sounds/words/caj.mp3;Чай;Tea;Popila je šolju čaja pre spavanja. Voli čaj sa medom i limunom. Skuvao je zeleni čaj.;Она выпила чашку чая перед сном. Она любит чай с мёдом и лимоном. Он заварил зелёный чай.;She drank a cup of tea before bed. She likes tea with honey and lemon. He brewed green tea.;;
384;city;1;Kvart;Кварт;assets/images/words/kvart.webp;assets/sounds/words/kvart.mp3;Квартал;Neighborhood;Ovaj kvart je miran. Živim u novom kvartu. Kvart ima puno prodavnica.;Этот квартал спокойный. Я живу в новом квартале. В квартале много магазинов.;This neighborhood is quiet. I live in a new neighborhood. The neighborhood has many shops.;;
385;city;1;Prelaz;Прелаз;assets/images/words/prelaz.webp;assets/sounds/words/prelaz.mp3;Переход;Crossing, passage;Pređi na pešačkom prelazu. Granični prelaz je blizu. Pešački prelaz je obeležen.;Переходи по пешеходному переходу. Пограничный переход близко. Пешеходный переход обозначен.;Cross at the pedestrian crossing. The border crossing is close. The pedestrian crossing is marked.;;
386;city;1;Sprat;Спрат;assets/images/words/sprat.webp;assets/sounds/words/sprat.mp3;Этаж;Floor / storey;Stanujem na trećem spratu. Zgrada ima deset spratova. Kancelarija je na poslednjem spratu.;Я живу на третьем этаже. В здании десять этажей. Офис на последнем этаже.;I live on the third floor. The building has ten floors. The office is on the top floor.;;
387;city;1;Zgrada;Зграда;assets/images/words/zgrada.webp;assets/sounds/words/zgrada.mp3;Здание;Building;Ova zgrada je nova. Zgrada ima podzemnu garažu. Živim u visokoj zgradi.;Это здание новое. В здании есть подземный гараж. Я живу в высоком здании.;This building is new. The building has an underground garage. I live in a tall building.;;
388;city;1;Aerodrom;Аеродром;assets/images/words/aerodrom.webp;assets/sounds/words/aerodrom.mp3;Аэропорт;Airport;Aerodrom je daleko odavde. Idem na aerodrom taksijem. Aerodrom je velik, moderan.;Аэропорт далеко отсюда. Я еду в аэропорт на такси. Аэропорт большой, современный.;The airport is far from here. I'm going to the airport by taxi. The airport is big, modern.;;
389;city;1;Banka;Банка;assets/images/words/banka.webp;assets/sounds/words/banka.mp3;Банк;Bank;Banka je zatvorena vikendom. Idem u banku danas. Banka je preko puta.;Банк закрыт по выходным. Я иду в банк сегодня. Банк напротив.;The bank is closed on weekends. I'm going to the bank today. The bank is across the street.;;
390;city;1;Biblioteka;Библиотека;assets/images/words/biblioteka.webp;assets/sounds/words/biblioteka.mp3;Библиотека;Library;Biblioteka je tiha, mirna. Uzeo sam knjigu iz biblioteke. Biblioteka radi do osam.;Библиотека тихая, спокойная. Я взял книгу в библиотеке. Библиотека работает до восьми.;The library is quiet, peaceful. I borrowed a book from the library. The library is open until eight.;;
391;city;1;Bioskop;Биоскоп;assets/images/words/bioskop.webp;assets/sounds/words/bioskop.mp3;Кинотеатр;Cinema;Idemo u bioskop večeras. Bioskop je pun vikendom. Kupio sam kartu za bioskop.;Мы идём в кино сегодня вечером. Кинотеатр полон по выходным. Я купил билет в кино.;We're going to the cinema tonight. The cinema is full on weekends. I bought a cinema ticket.;;
392;city;1;Blizu;Близу;assets/images/words/blizu.webp;assets/sounds/words/blizu.mp3;Близко;Near / close;Prodavnica je blizu kuće. Škola je blizu parka. Živimo blizu jedno drugom.;Магазин близко к дому. Школа рядом с парком. Мы живём близко друг к другу.;The store is close to home. The school is near the park. We live close to each other.;;
393;city;1;Bolnica;Болница;assets/images/words/bolnica.webp;assets/sounds/words/bolnica.mp3;Больница;Hospital;Bolnica je pored parka. Odveli su ga hitno u bolnicu. Bolnica radi non-stop.;Больница рядом с парком. Его срочно отвезли в больницу. Больница работает круглосуточно.;The hospital is next to the park. They rushed him to the hospital. The hospital operates 24/7.;;
394;city;1;Centar;Центар;assets/images/words/centar.webp;assets/sounds/words/centar.mp3;Центр;Center;Nalazimo se u centru. Centar grada je pretrpan. Živim u samom centru.;Мы встречаемся в центре. Центр города переполнен. Я живу в самом центре.;We're meeting in the center. The city center is crowded. I live right in the center.;;
395;city;1;Crkva;Црква;assets/images/words/crkva.webp;assets/sounds/words/crkva.mp3;Церковь;Church;Crkva je jako stara. Venčanje je bilo u crkvi. Crkva je otvorena danas.;Церковь очень старая. Свадьба была в церкви. Церковь открыта сегодня.;The church is very old. The wedding was in the church. The church is open today.;;
396;city;1;Daleko;Далеко;assets/images/words/daleko.webp;assets/sounds/words/daleko.mp3;Далеко;Far;Stanica je daleko odavde. Ne živim daleko odavde. To je predaleko peške.;Станция далеко отсюда. Я живу недалеко отсюда. Это слишком далеко пешком.;The station is far from here. I don't live far from here. That's too far on foot.;;
397;city;1;Desno;Десно;assets/images/words/desno.webp;assets/sounds/words/desno.mp3;Направо;Right (direction);Skrenite desno na semaforu. Kuća je odmah desno. Idi pravo pa desno.;Поверните направо на светофоре. Дом сразу справа. Иди прямо, потом направо.;Turn right at the traffic light. The house is right there on the right. Go straight then right.;;
399;city;1;Hotel;Хотел;assets/images/words/hotel.webp;assets/sounds/words/hotel.mp3;Отель;Hotel;Rezervisao sam sobu u hotelu. Hotel je blizu plaže. Hotel ima bazen.;Я забронировал номер в отеле. Отель рядом с пляжем. В отеле есть бассейн.;I booked a room at the hotel. The hotel is near the beach. The hotel has a pool.;;
400;city;1;Ispred;Испред;assets/images/words/ispred.webp;assets/sounds/words/ispred.mp3;Перед;In front of;Sastanimo se ispred zgrade. Automobil je parkiran ispred kuće. Stani ispred vrata.;Встретимся перед зданием. Машина припаркована перед домом. Встань перед дверью.;Let's meet in front of the building. The car is parked in front of the house. Stand in front of the door.;;
401;city;1;Iza;Иза;assets/images/words/iza.webp;assets/sounds/words/iza.mp3;За;Behind;Park je iza zgrade. Sedi iza mene. Iza ugla je prodavnica.;Парк находится за зданием. Сядь позади меня. За углом магазин.;The park is behind the building. Sit behind me. There's a store around the corner.;;
402;city;1;Između;Између;assets/images/words/izmedju.webp;assets/sounds/words/izmedju.mp3;Между;Between;Kuća je između zgrada. Sedim između njih. Grad je između reka.;Дом между зданиями. Я сижу между ними. Город между реками.;The house is between buildings. I'm sitting between them. The city is between rivers.;;
403;city;1;Iznad;Изнад;assets/images/words/iznad.webp;assets/sounds/words/iznad.mp3;Над;Above;Ptica leti iznad krova. Stan iznad nas je prazan. Oblaci su iznad grada.;Птица летит над крышей. Квартира над нами пустая. Облака над городом.;The bird is flying above the roof. The apartment above us is empty. The clouds are above the city.;;
404;city;1;Levo;Лево;assets/images/words/levo.webp;assets/sounds/words/levo.mp3;Налево;Left;Skrenite levo na uglu. Kuća je odmah levo. Idi pravo pa levo.;Поверните налево на углу. Дом сразу слева. Иди прямо, потом налево.;Turn left at the corner. The house is right there on the left. Go straight then left.;;
405;city;1;Luka;Лука;assets/images/words/luka.webp;assets/sounds/words/luka.mp3;Порт;Port / harbor;Brod je stigao u luku. Luka je puna brodova. Radim u luci.;Корабль прибыл в порт. Порт полон кораблей. Я работаю в порту.;The ship arrived at the port. The harbor is full of ships. I work at the port.;;
406;city;1;Most;Мост;assets/images/words/most.webp;assets/sounds/words/most.mp3;Мост;Bridge;Prešli smo most peške. Most je danas zatvoren. Ovaj most je star.;Мы перешли мост пешком. Мост сегодня закрыт. Этот мост старый.;We crossed the bridge on foot. The bridge is closed today. This bridge is old.;;
407;city;1;Muzej;Музеј;assets/images/words/muzej.webp;assets/sounds/words/muzej.mp3;Музей;Museum;Posetili smo muzej juče. Muzej je besplatan nedeljom. Muzej ima zanimljivu izložbu.;Мы посетили музей вчера. Музей бесплатный по воскресеньям. В музее интересная выставка.;We visited the museum yesterday. The museum is free on Sundays. The museum has an interesting exhibit.;;
408;city;1;Ovde;Овде;assets/images/words/ovde.webp;assets/sounds/words/ovde.mp3;Здесь;Here;Ovde je moja kuća. Sačekaj me ovde. Ovde nema mesta.;Здесь мой дом. Подожди меня здесь. Здесь нет места.;My house is here. Wait for me here. There's no room here.;;
409;city;1;Park;Парк;assets/images/words/park.webp;assets/sounds/words/park.mp3;Парк;Park;Šetamo po parku. Park je pun dece. Park je pored reke.;Мы гуляем по парку. Парк полон детей. Парк рядом с рекой.;We're walking in the park. The park is full of children. The park is by the river.;;
410;city;1;Plaža;Плажа;assets/images/words/plaza.webp;assets/sounds/words/plaza.mp3;Пляж;Beach;Idemo na plažu sutra. Plaža je puna turista. Voda na plaži je čista.;Завтра мы идём на пляж. Пляж полон туристов. Вода на пляже чистая.;We're going to the beach tomorrow. The beach is full of tourists. The water at the beach is clean.;;
411;city;1;Pored;Поред;assets/images/words/pored.webp;assets/sounds/words/pored.mp3;Рядом;Next to;Sedi pored mene. Prodavnica je pored banke. Parkirao sam pored ulaza.;Сядь рядом со мной. Магазин рядом с банком. Я припарковался рядом со входом.;Sit next to me. The store is next to the bank. I parked next to the entrance.;;
412;city;1;Pozorište;Позориште;assets/images/words/pozoriste.webp;assets/sounds/words/pozoriste.mp3;Театр;Theater;Predstava je u pozorištu. Pozorište je puno večeras. Kupio sam kartu za pozorište.;Спектакль в театре. Сегодня вечером театр полон. Я купил билет в театр.;The play is at the theater. The theater is full tonight. I bought a theater ticket.;;
413;city;1;Pošta;Пошта;assets/images/words/posta.webp;assets/sounds/words/posta.mp3;Почта;Post office;Idem u poštu da pošaljem paket. Pošta radi do šest. Pošta je zatvorena danas.;Я иду на почту отправить посылку. Почта работает до шести. Почта сегодня закрыта.;I'm going to the post office to send a package. The post office is open until six. The post office is closed today.;;
414;city;1;Pravo;Право;assets/images/words/pravo.webp;assets/sounds/words/pravo.mp3;Прямо;Straight;Idite pravo do kraja ulice. Nastavite pravo. Kuća je pravo napred.;Идите прямо до конца улицы. Продолжайте прямо. Дом прямо впереди.;Go straight to the end of the street. Continue straight. The house is straight ahead.;;
416;city;1;Reka;Река;assets/images/words/reka.webp;assets/sounds/words/reka.mp3;Река;River;Reka protiče kroz grad. Kuća je pored reke. Reka je duboka ovde.;Река протекает через город. Дом рядом с рекой. Здесь река глубокая.;The river flows through the city. The house is by the river. The river is deep here.;;
417;city;1;Restoran;Ресторан;assets/images/words/restoran.webp;assets/sounds/words/restoran.mp3;Ресторан;Restaurant;Večerali smo u restoranu. Restoran je popularan kod turista. Restoran je rezervisan za večeras.;Мы поужинали в ресторане. Ресторан популярен у туристов. Ресторан забронирован на сегодняшний вечер.;We had dinner at the restaurant. The restaurant is popular with tourists. The restaurant is booked for tonight.;;
419;city;1;Trg;Трг;assets/images/words/trg.webp;assets/sounds/words/trg.mp3;Городская площадь;Square;Trg je pun ljudi. Sastanimo se na trgu. Trg je u centru grada.;Площадь полна людей. Встретимся на площади. Площадь в центре города.;The square is full of people. Let's meet at the square. The square is in the city center.;;
429;city;1;Adresa;Адреса;assets/images/words/adresa.webp;assets/sounds/words/adresa.mp3;Адрес;Address;Koja je vaša adresa? Zapisao sam adresu hotela. Adresa je pogrešna.;Какой у вас адрес? Я записал адрес отеля. Адрес неверный.;What is your address? I wrote down the hotel's address. The address is wrong.;;
1004;clothing;1;Farmerke;Фармерке;assets/images/words/farmerke.webp;assets/sounds/words/farmerke.mp3;Джинсы;Jeans;Kupio sam nove farmerke. Ove farmerke su tesne. Volim plave farmerke.;Я купил новые джинсы. Эти джинсы тесные. Я люблю синие джинсы.;I bought new jeans. These jeans are tight. I love blue jeans.;;
1005;clothing;1;Kabina;Кабина;assets/images/words/kabina.webp;assets/sounds/words/kabina.mp3;Кабина;Cabin, booth;Kabina za presvlačenje je slobodna. Probaj haljinu u kabini. Kabina je bila zauzeta.;Примерочная кабина свободна. Примерь платье в примерочной. Кабина была занята.;The fitting room is free. Try the dress on in the fitting room. The fitting room was occupied.;;
1006;clothing;1;Probam;Пробам;assets/images/words/probam.webp;assets/sounds/words/probam.mp3;Примеряю;I'm trying on;Probam ovu haljinu. Probam nekoliko veličina. Probam cipele pre kupovine.;Я примеряю это платье. Я примеряю несколько размеров. Я примеряю обувь перед покупкой.;I'm trying on this dress. I'm trying on a few sizes. I try on shoes before buying.;;
1007;clothing;1;Skidam;Скидам;assets/images/words/skidam.webp;assets/sounds/words/skidam.mp3;Снимаю;I'm taking off;Skidam jaknu, toplo je. Skidam cipele na vratima. Skidam prsten pre spavanja.;Я снимаю куртку, жарко. Я снимаю обувь у двери. Я снимаю кольцо перед сном.;I'm taking off my jacket, it's warm. I take off my shoes at the door. I take off my ring before sleeping.;;
1008;clothing;1;Šorc;Шорц;assets/images/words/sorc.webp;assets/sounds/words/sorc.mp3;Шорты;Shorts;Nosim šorc kada je toplo. Kupio sam kratak šorc. Ovaj šorc je udoban.;Ношу шорты, когда тепло. Я купил короткие шорты. Эти шорты удобные.;I wear shorts when it's warm. I bought short shorts. These shorts are comfortable.;;
1009;clothing;1;Odelo;Одело;assets/images/words/odelo.webp;assets/sounds/words/odelo.mp3;Костюм;Suit;Obukao je odelo danas. Kupio sam novo odelo. Odelo mu dobro stoji.;Он надел костюм сегодня. Я купил новый костюм. Костюм ему хорошо идёт.;He wore a suit today. I bought a new suit. The suit fits him well.;;
1010;clothing;1;Kaiš;Каиш;assets/images/words/kais.webp;assets/sounds/words/kais.mp3;Ремень;Belt;Kaiš mi je dugačak. Kupio sam kožni kaiš. Zategni kaiš malo.;Ремень мне длинный. Я купил кожаный ремень. Затяни ремень немного.;The belt is long for me. I bought a leather belt. Tighten the belt a little.;;
1011;clothing;1;Prekratko;Прекратко;assets/images/words/prekratko.webp;assets/sounds/words/prekratko.mp3;Слишком коротко;Too short;Ova suknja je prekratka. Rukavi su prekratki. Haljina je prekratka danas.;Эта юбка слишком короткая. Рукава слишком короткие. Платье сегодня слишком короткое.;This skirt is too short. The sleeves are too short. The dress is too short today.;;
1012;clothing;1;Preveliko;Превелико;assets/images/words/preveliko.webp;assets/sounds/words/preveliko.mp3;Слишком велико;Too big;Ova jakna je prevelika. Cipele su mi prevelike. Košulja mi je prevelika.;Эта куртка слишком большая. Обувь мне велика. Рубашка мне велика.;This jacket is too big. The shoes are too big for me. The shirt is too big for me.;;
1013;clothing;1;Premalo;Премало;assets/images/words/premalo.webp;assets/sounds/words/premalo.mp3;Слишком мало;Too small;Ova majica je premala. Pantalone su mi premale. Šešir je premali.;Эта футболка слишком маленькая. Брюки мне малы. Шляпа слишком маленькая.;This T-shirt is too small. The pants are too small for me. The hat is too small.;;
1014;clothing;1;Taman;Таман;assets/images/words/taman.webp;assets/sounds/words/taman.mp3;Впору;Just right;Ova veličina je taman. Cipele su mi taman. Haljina mi je taman.;Этот размер как раз. Обувь мне как раз. Платье мне как раз.;This size is just right. The shoes fit just right. The dress fits just right.;;
1015;beauty;1;Brada;Брада;assets/images/words/brada.webp;assets/sounds/words/brada.mp3;Борода;Beard;On ima gustu bradu. Obrijao je bradu. Brada mu stoji dobro.;У него густая борода. Он побрил бороду. Борода ему идёт.;He has a thick beard. He shaved off his beard. The beard suits him well.;;
1016;beauty;1;Brkovi;Бркови;assets/images/words/brkovi.webp;assets/sounds/words/brkovi.mp3;Усы;Mustache;Njegovi brkovi su sedi. Pustio je brkove. Zbog brkova izgleda starije.;Его усы седые. Он отпустил усы. С усами он выглядит старше.;His mustache is grey. He grew a mustache. The mustache makes him look older.;;
1017;clothing;1;Dugme;Дугме;assets/images/words/dugme.webp;assets/sounds/words/dugme.mp3;Пуговица;Button;Dugme je otpalo danas. Brzo zakopčaj dugme. Kupio sam nova dugmad.;Пуговица оторвалась сегодня. Быстро застегни пуговицу. Я купил новые пуговицы.;A button fell off today. Quickly button up. I bought new buttons.;;
1018;clothing;1;Džemper;Џемпер;assets/images/words/dzemper.webp;assets/sounds/words/dzemper.mp3;Свитер;Sweater;Obukao sam topao džemper. Kupio sam vuneni džemper. Ovaj džemper je udoban.;Я надел тёплый свитер. Я купил шерстяной свитер. Этот свитер удобный.;I put on a warm sweater. I bought a wool sweater. This sweater is comfortable.;;
1019;clothing;1;Džep;Џеп;assets/images/words/dzep.webp;assets/sounds/words/dzep.mp3;Карман;Pocket;Stavi ključeve u džep. Ovaj kaput ima džepove. Novac mi je ispao iz džepa.;Положи ключи в карман. У этого пальто есть карманы. Деньги выпали у меня из кармана.;Put the keys in your pocket. This coat has pockets. The money fell out of my pocket.;;
1020;clothing;2;Elegantan;Елегантан;assets/images/words/elegantan.webp;assets/sounds/words/elegantan.mp3;Элегантный;Elegant;Ona nosi elegantnu haljinu. On izgleda elegantno danas. Ovo je elegantan stil.;Она носит элегантное платье. Он выглядит элегантно сегодня. Это элегантный стиль.;She's wearing an elegant dress. He looks elegant today. This is an elegant style.;;
1021;beauty;1;Frizura;Фризура;assets/images/words/frizura.webp;assets/sounds/words/frizura.mp3;Причёска;Hairstyle;Promenila je frizuru. Ova frizura joj stoji. Sviđa joj se nova frizura.;Она сменила причёску. Эта причёска ей идёт. Ей нравится новая причёска.;She changed her hairstyle. This hairstyle suits her. She likes her new hairstyle.;;
1022;clothing;1;Garderoba;Гардероба;assets/images/words/garderoba.webp;assets/sounds/words/garderoba.mp3;Гардероб;Wardrobe;Moja garderoba je puna. Kupio sam novu garderobu. Organizovala sam svoju garderobu.;Мой гардероб полон. Я купил новый гардероб. Я организовала свой гардероб.;My wardrobe is full. I bought a new wardrobe. I organized my wardrobe.;;
1023;clothing;1;Haljina;Хаљина;assets/images/words/haljina.webp;assets/sounds/words/haljina.mp3;Платье;Dress;Kupila sam novu haljinu. Ova haljina je duga. Haljina joj lepo stoji.;Я купила новое платье. Это платье длинное. Платье ей хорошо идёт.;I bought a new dress. This dress is long. The dress suits her well.;;
1024;clothing;1;Isprobati;Испробати;assets/images/words/isprobati.webp;assets/sounds/words/isprobati.mp3;Примерить;To try on;Hoću da isprobam jaknu. Isprobaj ove cipele. Isprobala sam pet haljina.;Хочу примерить куртку. Примерь эту обувь. Я примерила пять платьев.;I want to try on the jacket. Try on these shoes. I tried on five dresses.;;
1025;clothing;1;Izgled;Изглед;assets/images/words/izgled.webp;assets/sounds/words/izgled.mp3;Внешность;Appearance;Izgled mu se promenio. Vodi računa o izgledu. Njen izgled je uredan.;Его внешность изменилась. Он заботится о внешности. Её вид опрятный.;His appearance has changed. He takes care of his looks. Her look is neat.;;
1026;clothing;1;Kostim;Костим;assets/images/words/kostim.webp;assets/sounds/words/kostim.mp3;Костюм (женский);Costume / suit;Nosi poslovni kostim. Kupila je novi kostim. Kostim joj dobro stoji.;Она носит деловой костюм. Она купила новый костюм. Костюм ей хорошо идёт.;She wears a business suit. She bought a new suit. The suit fits her well.;;
1027;clothing;1;Košulja;Кошуља;assets/images/words/kosulja.webp;assets/sounds/words/kosulja.mp3;Рубашка;Shirt;Obukao je belu košulju. Ova košulja je pamučna. Košulja mu je zgužvana.;Он надел белую рубашку. Эта рубашка хлопковая. Рубашка у него мятая.;He put on a white shirt. This shirt is cotton. His shirt is wrinkled.;;
1028;clothing;1;Kravata;Кравата;assets/images/words/kravata.webp;assets/sounds/words/kravata.mp3;Галстук;Tie;Nosi kravatu na poslu. Kupio sam novu kravatu. Kravata mu je šarena.;Он носит галстук на работе. Я купил новый галстук. Его галстук пёстрый.;He wears a tie at work. I bought a new tie. His tie is colorful.;;
1029;clothing;1;Krupan;Крупан;assets/images/words/krupan.webp;assets/sounds/words/krupan.mp3;Крупный;Large / burly;On je krupan muškarac. Krupan pas trči napolju. Nosi krupan nakit.;Он крупный мужчина. Крупный пёс бегает снаружи. Она носит крупные украшения.;He is a large man. A big dog runs outside. She wears large jewelry.;;
1030;clothing;1;Majica;Мајица;assets/images/words/majica.webp;assets/sounds/words/majica.mp3;Футболка;T-shirt;Obukao sam belu majicu. Ovo je moja omiljena majica. Kupio sam majicu danas.;Я надел белую футболку. Это моя любимая футболка. Я купил футболку сегодня.;I put on a white T-shirt. This is my favorite T-shirt. I bought a T-shirt today.;;
1031;clothing;1;Moda;Мода;assets/images/words/moda.webp;assets/sounds/words/moda.mp3;Мода;Fashion;Prati modu redovno. Moda se stalno menja. Ovo je poslednja moda.;Она регулярно следит за модой. Мода постоянно меняется. Это последняя мода.;She follows fashion regularly. Fashion is constantly changing. This is the latest fashion.;;
1032;clothing;1;Moderan;Модеран;assets/images/words/moderan.webp;assets/sounds/words/moderan.mp3;Современный / модный;Modern / fashionable;Ovo je moderan stil. On je moderno obučen. Kupila sam moderne cipele.;Это современный стиль. Он модно одет. Я купила модную обувь.;This is a modern style. He's fashionably dressed. I bought fashionable shoes.;;
1785;colors;1;Beo;Бео;assets/images/words/beo.webp;assets/sounds/words/beo.mp3;Белый;White;Nosila je belu haljinu. Zidovi kuhinje su beli. Sneg je bio beo.;На ней было белое платье. Стены кухни белые. Снег был белым.;She wore a white dress. The kitchen walls are white. The snow was white.;;
1786;colors;1;Crn;Црн;assets/images/words/crn.webp;assets/sounds/words/crn.mp3;Чёрный;Black;Obukla je crnu haljinu. Mačka je bila crna. Nebo je postalo crno.;Она надела чёрное платье. Кошка была чёрной. Небо стало чёрным.;She put on a black dress. The cat was black. The sky turned black.;;
1787;colors;1;Crven;Црвен;assets/images/words/crven.webp;assets/sounds/words/crven.mp3;Красный;Red;Kupila je crvenu haljinu. Lice mu je crveno. Voli crveno vino.;Она купила красное платье. Его лицо красное. Он любит красное вино.;She bought a red dress. His face is red. He likes red wine.;;
1788;colors;1;Plav;Плав;assets/images/words/plav.webp;assets/sounds/words/plav.mp3;Синий;Blue;Ima predivne plave oči. Nebo je danas plavo. Kupila je plavu haljinu.;У него удивительные голубые глаза. Сегодня небо синее. Она купила синее платье.;He has beautiful blue eyes. Today the sky is blue. She bought a blue dress.;;
1789;colors;1;Zelen;Зелен;assets/images/words/zelen.webp;assets/sounds/words/zelen.mp3;Зелёный;Green;Livada je bila zelena. Nosila je zelenu haljinu. Njegove oči su zelene.;Луг был зелёным. На ней было зелёное платье. У него зелёные глаза.;The meadow was green. She wore a green dress. His eyes are green.;;
1790;colors;1;Žut;Жут;assets/images/words/zut.webp;assets/sounds/words/zut.mp3;Жёлтый;Yellow;Suncokret je žute boje. Kupila je žutu haljinu. Lišće je postalo žuto.;Подсолнух жёлтого цвета. Она купила жёлтое платье. Листья стали жёлтыми.;The sunflower is yellow. She bought a yellow dress. The leaves turned yellow.;;
1791;colors;1;Braon;Браон;assets/images/words/braon.webp;assets/sounds/words/braon.mp3;Коричневый;Brown;Kupila je braon čizme. Njegova kosa je braon. Sto je braon boje.;Она купила коричневые сапоги. Его волосы каштановые. Стол коричневого цвета.;She bought brown boots. His hair is brown. The table is brown.;;
1792;colors;1;Siv;Сив;assets/images/words/siv.webp;assets/sounds/words/siv.mp3;Серый;Grey;Nebo je bilo sivo. Kupio je siv kaput. Zidovi kancelarije su sivi.;Небо было серым. Он купил серое пальто. Стены офиса серые.;The sky was grey. He bought a grey coat. The office walls are grey.;;
1793;colors;1;Ružičast;Ружичаст;assets/images/words/ruzicast.webp;assets/sounds/words/ruzicast.mp3;Розовый;Pink;Nosila je ružičastu haljinu. Sobu je obojila ružičasto. Ružičasti cvetovi prekrili baštu.;На ней было розовое платье. Она покрасила комнату в розовый. Розовые цветы покрыли сад.;She wore a pink dress. She painted the room pink. Pink flowers covered the garden.;;
1794;colors;1;Narandžast;Наранџаст;assets/images/words/narandzast.webp;assets/sounds/words/narandzast.mp3;Оранжевый;Orange;Sunce je bilo narandžasto. Kupila je narandžastu jaknu. Bundeva je narandžaste boje.;Солнце было оранжевым. Она купила оранжевую куртку. Тыква оранжевого цвета.;The sun was orange. She bought an orange jacket. The pumpkin is orange.;;
1795;colors;1;Ljubičast;Љубичаст;assets/images/words/ljubicast.webp;assets/sounds/words/ljubicast.mp3;Фиолетовый;Purple;Lavanda ima ljubičastu boju. Obukla je ljubičastu haljinu. Nebo je bilo ljubičasto.;У лаванды фиолетовый цвет. Она надела фиолетовое платье. Небо было фиолетовым.;Lavender has a purple color. She wore a purple dress. The sky was purple.;;
1796;colors;1;Zlatan;Златан;assets/images/words/zlatan.webp;assets/sounds/words/zlatan.mp3;Золотой;Golden;Nosila je zlatnu narukvicu. Lišće je postalo zlatno. Prsten je bio zlatan.;Она носила золотой браслет. Листья стали золотыми. Кольцо было золотым.;She wore a golden bracelet. The leaves turned golden. The ring was golden.;;
1797;colors;1;Srebrn;Сребрн;assets/images/words/srebrn.webp;assets/sounds/words/srebrn.mp3;Серебряный;Silver;Poklonio joj je srebrnu ogrlicu. Auto je bio srebrn. Mesec je bacao srebrnu svetlost.;Он подарил ей серебряное ожерелье. Машина была серебристой. Луна отбрасывала серебристый свет.;He gave her a silver necklace. The car was silver. The moon cast a silver light.;;
1751;descriptions;1;Jak;Јак;assets/images/words/jak.webp;assets/sounds/words/jak.mp3;Сильный;Strong;On je fizički jak. Kafa je bila prejaka. Osećala je jak bol u leđima.;Он физически силён. Кофе был слишком крепким. Она чувствовала сильную боль в спине.;He is physically strong. The coffee was too strong. She felt severe back pain.;;
1752;descriptions;1;Slab;Слаб;assets/images/words/slab.webp;assets/sounds/words/slab.mp3;Слабый;Weak;Posle bolesti se osećao slabo. Signal je bio slab. Njegov argument je slab.;После болезни он чувствовал себя слабым. Сигнал был слабым. Его аргумент слабый.;He felt weak after the illness. The signal was weak. His argument is weak.;;
1753;descriptions;1;Dug;Дуг;assets/images/words/dug.webp;assets/sounds/words/dug.mp3;Длинный;Long;Put do mora je dug. Napisala je dug tekst. Kosa joj je duga.;Дорога к морю длинная. Она написала длинный текст. У неё длинные волосы.;The road to the sea is long. She wrote a long text. Her hair is long.;;
1754;descriptions;1;Mek;Мек;assets/images/words/mek.webp;assets/sounds/words/mek.mp3;Мягкий;Soft;Jastuk je bio mek. Ova tkanina je meka. Meso je meko, sočno.;Подушка была мягкой. Эта ткань мягкая. Мясо мягкое, сочное.;The pillow was soft. This fabric is soft. The meat is soft, juicy.;;
1755;descriptions;1;Bogat;Богат;assets/images/words/bogat.webp;assets/sounds/words/bogat.mp3;Богатый;Rich;Postao je bogat čovek. Ova zemlja je bogata resursima. Njegova porodica je bogata.;Он стал богатым человеком. Эта страна богата ресурсами. Его семья богатая.;He became a rich man. This country is rich in resources. His family is rich.;;
1756;descriptions;1;Debeo;Дебео;assets/images/words/debeo.webp;assets/sounds/words/debeo.mp3;Толстый;Fat / thick;Ova knjiga je debela. Sneg je bio debeo. Zid je debeo pola metra.;Эта книга толстая. Снег был толстым. Стена толщиной в полметра.;This book is thick. The snow was thick. The wall is half a meter thick.;;
1757;descriptions;1;Dosadan;Досадан;assets/images/words/dosadan.webp;assets/sounds/words/dosadan.mp3;Скучный;Boring;Film je bio dosadan. Predavanje je bilo dosadno. Ovaj posao je dosadan.;Фильм был скучным. Лекция была скучной. Эта работа скучная.;The movie was boring. The lecture was boring. This job is boring.;;
1758;descriptions;1;Glasan;Гласан;assets/images/words/glasan.webp;assets/sounds/words/glasan.mp3;Громкий;Loud;Muzika je bila glasna. Njegov glas je glasan. Grad je noću glasan.;Музыка была громкой. Его голос громкий. Ночью город шумный.;The music was loud. His voice is loud. The city is loud at night.;;
1759;descriptions;1;Glup;Глуп;assets/images/words/glup.webp;assets/sounds/words/glup.mp3;Глупый;Stupid;To je glupa ideja. Osećala se glupo danas. Nemoj raditi nešto glupo.;Это глупая идея. Она сегодня чувствовала себя глупо. Не делай ничего глупого.;That's a stupid idea. She felt stupid today. Don't do anything stupid.;;
1760;descriptions;1;Hladan;Хладан;assets/images/words/hladan.webp;assets/sounds/words/hladan.mp3;Холодный;Cold;Voda u reci je hladna. Napolju je hladno danas. Popila je hladan sok.;Вода в реке холодная. Сегодня на улице холодно. Она выпила холодный сок.;The water in the river is cold. It's cold outside today. She drank cold juice.;;
1761;descriptions;1;Kratak;Кратак;assets/images/words/kratak.webp;assets/sounds/words/kratak.mp3;Короткий;Short;Napisao je kratak tekst. Ova haljina je kratka. Put do posla je kratak.;Он написал короткий текст. Это платье короткое. Дорога на работу короткая.;He wrote a short text. This dress is short. The way to work is short.;;
1762;descriptions;1;Lak;Лак;assets/images/words/lak.webp;assets/sounds/words/lak.mp3;Лёгкий;Easy / light;Ovaj zadatak je lak. Torba je bila laka. Ispit je bio lakši.;Это задание лёгкое. Сумка была лёгкой. Экзамен был легче.;This task is easy. The bag was light. The exam was easier.;;
1763;descriptions;1;Lep;Леп;assets/images/words/lep.webp;assets/sounds/words/lep.mp3;Красивый;Beautiful;Ovo je najlepši grad. Nosila je lepu haljinu. Danas je lep dan.;Это самый красивый город. На ней было красивое платье. Сегодня прекрасный день.;This is the most beautiful city. She wore a beautiful dress. Today is a beautiful day.;;
1764;descriptions;1;Mali;Мали;assets/images/words/mali.webp;assets/sounds/words/mali.mp3;Маленький;Small;Živimo u malom stanu. Njihova kuća ima mali vrt. Kupila je malu torbu.;Мы живём в маленькой квартире. У их дома маленький сад. Она купила маленькую сумку.;We live in a small apartment. Their house has a small garden. She bought a small bag.;;
1765;descriptions;1;Mršav;Мршав;assets/images/words/mrsav.webp;assets/sounds/words/mrsav.mp3;Худой;Thin / skinny;Posle bolesti je postao mršav. Bila je previše mršava. Njegov mršav izgled nas je zabrinuo.;После болезни он похудел. Она была слишком худой. Его худой вид нас обеспокоил.;He became thin after the illness. She was too thin. His thin look worried us.;;
1766;descriptions;1;Nizak;Низак;assets/images/words/nizak.webp;assets/sounds/words/nizak.mp3;Низкий;Low / short (stature);On je niži od brata. Zid je nizak. Cene su bile niže lane.;Он ниже брата. Стена низкая. В прошлом году цены были ниже.;He is shorter than his brother. The wall is low. Prices were lower last year.;;
1767;descriptions;1;Otvoren;Отворен;assets/images/words/otvoren.webp;assets/sounds/words/otvoren.mp3;Открытый;Open;Prozor je bio otvoren. Prodavnica je otvorena uveče. Vrata su ostala otvorena.;Окно было открыто. Магазин открыт вечером. Дверь осталась открытой.;The window was open. The store is open in the evening. The door remained open.;;
1768;descriptions;1;Prazan;Празан;assets/images/words/prazan.webp;assets/sounds/words/prazan.mp3;Пустой;Empty;Frižider je bio prazan. Ulica je prazna noću. Čaša je ostala prazna.;Холодильник был пустым. Улица пустая ночью. Стакан остался пустым.;The fridge was empty. The street is empty at night. The glass remained empty.;;
1769;descriptions;1;Prljav;Прљав;assets/images/words/prljav.webp;assets/sounds/words/prljav.mp3;Грязный;Dirty;Odeća mu je prljava. Pod u kuhinji je prljav. Ruke su joj prljave.;Его одежда грязная. Пол на кухне грязный. Её руки грязные.;His clothes are dirty. The kitchen floor is dirty. Her hands are dirty.;;
1770;descriptions;1;Pun;Пун;assets/images/words/pun.webp;assets/sounds/words/pun.mp3;Полный;Full;Autobus je bio pun. Čaša je puna vode. Stan je pun uspomena.;Автобус был полным. Стакан полон воды. Квартира полна воспоминаний.;The bus was full. The glass is full of water. The apartment is full of memories.;;
1771;descriptions;1;Ružan;Ружан;assets/images/words/ruzan.webp;assets/sounds/words/ruzan.mp3;Некрасивый;Ugly;To je najružnija zgrada. Vreme je danas ružno. Rekao je nešto ružno.;Это самое некрасивое здание. Сегодня плохая погода. Он сказал что-то плохое.;That's the ugliest building. The weather is bad today. He said something unkind.;;
1772;descriptions;1;Siromašan;Сиромашан;assets/images/words/siromasan.webp;assets/sounds/words/siromasan.mp3;Бедный;Poor;Odrastao je siromašan. Ova zemlja je siromašna. Bili su siromašni, ali srećni.;Он вырос бедным. Эта страна бедная. Они были бедными, но счастливыми.;He grew up poor. This country is poor. They were poor but happy.;;
1773;descriptions;1;Smešan;Смешан;assets/images/words/smesan.webp;assets/sounds/words/smesan.mp3;Смешной;Funny;Ispričao je smešan vic. Bilo je smešno gledati. Ovaj film je smešan.;Он рассказал смешной анекдот. Было смешно смотреть. Этот фильм смешной.;He told a funny joke. It was funny to watch. This movie is funny.;;
1774;descriptions;1;Težak;Тежак;assets/images/words/tezak.webp;assets/sounds/words/tezak.mp3;Тяжёлый;Heavy / difficult;Kofer je bio težak. Ovaj ispit je težak. Prošla je težak period.;Чемодан был тяжёлым. Этот экзамен сложный. Она прошла трудный период.;The suitcase was heavy. This exam is difficult. She went through a hard time.;;
1775;descriptions;1;Tih;Тих;assets/images/words/tih.webp;assets/sounds/words/tih.mp3;Тихий;Quiet;Selo je tiho noću. Govorio je tihim glasom. Voleo je tihe večeri.;Деревня тихая ночью. Он говорил тихим голосом. Он любил тихие вечера.;The village is quiet at night. He spoke in a quiet voice. He loved quiet evenings.;;
1776;descriptions;1;Topao;Топао;assets/images/words/topao.webp;assets/sounds/words/topao.mp3;Тёплый;Warm;Obukla je topli džemper. Danas je vreme toplo. Popila je topao čaj.;Она надела тёплый свитер. Сегодня тёплая погода. Она выпила тёплый чай.;She put on a warm sweater. Today the weather is warm. She drank warm tea.;;
1777;descriptions;1;Tvrd;Тврд;assets/images/words/tvrd.webp;assets/sounds/words/tvrd.mp3;Твёрдый;Hard;Ovaj hleb je tvrd. Materijal je tvrd, izdržljiv. Kamen je bio tvrd.;Этот хлеб твёрдый. Материал твёрдый, прочный. Камень был твёрдым.;This bread is hard. The material is hard, durable. The stone was hard.;;
1778;descriptions;1;Uzak;Узак;assets/images/words/uzak.webp;assets/sounds/words/uzak.mp3;Узкий;Narrow;Ulica je bila uzana. Prošli smo uzak prolaz. Staza je uzana, strma.;Улица была узкой. Мы прошли узкий проход. Тропа узкая, крутая.;The street was narrow. We passed a narrow passage. The path is narrow, steep.;;
1779;descriptions;1;Velik;Велик;assets/images/words/velik.webp;assets/sounds/words/velik.mp3;Большой;Big / large;Kupili su veliku kuću. To je veliki problem. Grad ima veliki park.;Они купили большой дом. Это большая проблема. В городе большой парк.;They bought a big house. That's a big problem. The city has a big park.;;
1780;descriptions;1;Vruć;Врућ;assets/images/words/vruc.webp;assets/sounds/words/vruc.mp3;Горячий;Hot;Kafa je bila prevruća. Danas je vruć dan. Ulje u tiganju je vruće.;Кофе был слишком горячим. Сегодня жаркий день. Масло на сковороде горячее.;The coffee was too hot. Today is a hot day. The oil in the pan is hot.;;
1781;descriptions;1;Zanimljiv;Занимљив;assets/images/words/zanimljiv.webp;assets/sounds/words/zanimljiv.mp3;Интересный;Interesting;Ovo je zanimljiva knjiga. Imala je zanimljivu ideju. Predavanje je bilo zanimljivo.;Это интересная книга. У неё была интересная идея. Лекция была интересной.;This is an interesting book. She had an interesting idea. The lecture was interesting.;;
1782;descriptions;1;Zatvoren;Затворен;assets/images/words/zatvoren.webp;assets/sounds/words/zatvoren.mp3;Закрытый;Closed;Prodavnica je zatvorena nedeljom. Vrata su bila zatvorena. Fabrika je zatvorena danas.;Магазин закрыт по воскресеньям. Дверь была закрыта. Завод сегодня закрыт.;The store is closed on Sundays. The door was closed. The factory is closed today.;;
1783;descriptions;1;Čist;Чист;assets/images/words/cist.webp;assets/sounds/words/cist.mp3;Чистый;Clean;Kuhinja je čista, uredna. Voda u jezeru je čista. Obukla je čistu košulju.;Кухня чистая, аккуратная. Вода в озере чистая. Она надела чистую рубашку.;The kitchen is clean, tidy. The water in the lake is clean. She put on a clean shirt.;;
1784;descriptions;1;Širok;Широк;assets/images/words/sirok.webp;assets/sounds/words/sirok.mp3;Широкий;Wide;Reka je ovde široka. Put je širok, ravan. Ima širok osmeh.;Здесь река широкая. Дорога широкая, ровная. У него широкая улыбка.;The river is wide here. The road is wide, flat. He has a wide smile.;;
1617;everyday;1;Naći;Наћи;assets/images/words/naci.webp;assets/sounds/words/naci.mp3;Найти;To find;Konačno sam našao ključeve. Nadam se da ćeš naći ono što tražiš. Nismo mogli naći parking.;Наконец я нашёл ключи. Надеюсь, ты найдёшь то, что ищешь. Мы не смогли найти парковку.;I finally found the keys. I hope you find what you're looking for. We couldn't find parking.;;
1618;everyday;1;Pitati;Питати;assets/images/words/pitati.webp;assets/sounds/words/pitati.mp3;Спрашивать;To ask;Hteo sam da pitam. Pitala me je koliko je sati. Slobodno pitaj ako treba.;Я хотел спросить. Она спросила меня, который час. Спрашивай, если нужно.;I wanted to ask. She asked me what time it was. Feel free to ask if needed.;;
1619;everyday;1;Pričati;Причати;assets/images/words/pricati.webp;assets/sounds/words/pricati.mp3;Разговаривать;To talk / to chat;Volimo da pričamo dugo. Pričali smo o svemu. Ne voli da priča o poslu.;Мы любим долго разговаривать. Мы говорили обо всём. Он не любит говорить о работе.;We love talking for a long time. We talked about everything. He doesn't like talking about work.;;
1620;everyday;1;Da;Да;assets/images/words/da.webp;assets/sounds/words/da.mp3;Да;Yes;Da, slažem se potpuno. Da li dolaziš večeras? Da, sigurno dolazim. Odmah je rekla da.;Да, полностью согласен. Ты придёшь сегодня вечером? Да, точно приду. Она сразу сказала «да».;Yes, I fully agree. Are you coming tonight? Yes, I'm definitely coming. She said yes right away.;;
1621;everyday;1;Govoriti;Говорити;assets/images/words/govoriti.webp;assets/sounds/words/govoriti.mp3;Говорить;To speak;Govori tri jezika tečno. Molim te, govori sporije. Voleo bih govoriti bolje.;Он свободно говорит на трёх языках. Пожалуйста, говори помедленнее. Хотел бы говорить лучше.;He speaks three languages fluently. Please speak more slowly. I'd like to speak better.;;
1622;everyday;1;Misliti;Мислити;assets/images/words/misliti.webp;assets/sounds/words/misliti.mp3;Думать;To think;Mislim da je dobra. Šta misliš o filmu? Nisam mislio da dolaziš.;Я думаю, это хорошо. Что думаешь о фильме? Не думал, что придёшь.;I think it's good. What do you think of the movie? I didn't think you'd come.;;
1623;everyday;1;Možda;Можда;assets/images/words/mozda.webp;assets/sounds/words/mozda.mp3;Возможно;Maybe;Možda dođem sutra. Možda si u pravu. Možda ćemo otići tamo uskoro.;Может, приду завтра. Может быть, ты прав. Может быть, мы скоро туда поедем.;Maybe I'll come tomorrow. Maybe you're right. Maybe we'll go there soon.;;
1624;everyday;1;Ne;Не;assets/images/words/ne.webp;assets/sounds/words/ne.mp3;Нет;No;Ne, hvala, ništa mi ne treba. Odmah je rekla ne. Da li ideš na more? Ne, ostajem kod kuće.;Нет, спасибо, ничего не нужно. Она сразу сказала «нет». Ты едешь на море? Нет, я остаюсь дома.;No thanks, I need nothing. She said no right away. Are you going to the sea? No, I'm staying home.;;
1625;everyday;1;Nikad;Никад;assets/images/words/nikad.webp;assets/sounds/words/nikad.mp3;Никогда;Never;Nikad nisam bio u Parizu. On nikad ne kasni. Nikad nisam probala ovo.;Я никогда не был в Париже. Он никогда не опаздывает. Я никогда это не пробовала.;I've never been to Paris. He's never late. I've never tried this.;;
1626;everyday;1;Odgovoriti;Одговорити;assets/images/words/odgovoriti.webp;assets/sounds/words/odgovoriti.mp3;Ответить;To answer;Odgovorio je mirno. Nije mi odgovorila. Odgovori mi što pre.;Он спокойно ответил. Она мне не ответила. Ответь мне поскорее.;He answered calmly. She didn't answer me. Answer me soon.;;
1627;everyday;1;Pomoći;Помоћи;assets/images/words/pomoci.webp;assets/sounds/words/pomoci.mp3;Помочь;To help;Mogu li ti pomoći? Pomogla mi je danas. Uvek si spreman pomoći.;Могу тебе помочь? Она мне сегодня помогла. Ты всегда готов помочь.;Can I help you? She helped me today. You're always ready to help.;;
1628;everyday;1;Razumeti;Разумети;assets/images/words/razumeti.webp;assets/sounds/words/razumeti.mp3;Понимать;To understand;Ne razumem šta govoriš. Konačno sam razumeo lekciju. Da li razumeš srpski?;Не понимаю, что говоришь. Наконец я понял урок. Ты понимаешь сербский?;I don't understand what you're saying. I finally understood the lesson. Do you understand Serbian?;;
1629;everyday;1;Sedeti;Седети;assets/images/words/sedeti.webp;assets/sounds/words/sedeti.mp3;Сидеть;To sit;Volim sedeti pored prozora. Sedeli smo dugo i pričali. Sedi ovde, ima mesta.;Люблю сидеть у окна. Мы долго сидели и разговаривали. Садись сюда, здесь есть место.;I love sitting by the window. We sat and talked for a long time. Sit here, there's room.;;
1630;everyday;1;Sresti;Срести;assets/images/words/sresti.webp;assets/sounds/words/sresti.mp3;Встретить;To meet;Sreo sam prijateljicu danas. Nadam se da ćemo se opet sresti. Sreli smo se slučajno.;Я сегодня встретил подругу. Надеюсь, встретимся снова. Мы случайно встретились.;I met a friend today. I hope we meet again. We met by chance.;;
1631;everyday;1;Stajati;Стајати;assets/images/words/stajati.webp;assets/sounds/words/stajati.mp3;Стоять;To stand;Stajao je čekajući autobus. Ne voli stajati dugo. Stanite ovde, molim vas.;Он стоял, ожидая автобус. Не любит долго стоять. Встаньте здесь, пожалуйста.;He stood waiting for the bus. Doesn't like standing long. Please stand here.;;
1632;everyday;1;Tražiti;Тражити;assets/images/words/traziti.webp;assets/sounds/words/traziti.mp3;Искать;To look for;Tražim stan u centru. Tražila je ključeve svuda. Šta tačno tražiš?;Ищу квартиру в центре. Она искала ключи везде. Что именно ты ищешь?;I'm looking for a downtown apartment. She looked for keys everywhere. What exactly are you looking for?;;
1633;everyday;1;Upoznati;Упознати;assets/images/words/upoznati.webp;assets/sounds/words/upoznati.mp3;Познакомить(ся) / узнать;To meet / to get to know;Drago mi je što smo se upoznali. Upoznala sam njegove roditelje. Voleo bih da te bolje upoznam.;Рад, что мы познакомились. Я познакомилась с его родителями. Хотел бы узнать тебя получше.;Glad we met. I met his parents. I'd like to get to know you better.;;
1634;everyday;1;Često;Често;assets/images/words/cesto.webp;assets/sounds/words/cesto.mp3;Часто;Often;Često idem u restoran. Ona me često zove uveče. Vidimo se često sada.;Часто хожу в ресторан. Она часто звонит мне вечером. Мы часто видимся сейчас.;I often go to the restaurant. She often calls me in the evening. We see each other often now.;;
1635;everyday;1;Čuti;Чути;assets/images/words/cuti.webp;assets/sounds/words/cuti.mp3;Слышать;To hear;Nisam čuo šta si rekao. Čula sam vest jutros. Jesi li čuo za taj film?;Я не слышал, что ты сказал. Слышала новость утром. Ты слышал про этот фильм?;I didn't hear what you said. I heard the news this morning. Have you heard about that movie?;;
1636;everyday;1;Desiti;Десити;assets/images/words/desiti.webp;assets/sounds/words/desiti.mp3;Случиться;To happen;Šta se desilo juče? Desilo se nešto neverovatno. Nadam se da se neće ponoviti.;Что случилось вчера? Случилось нечто невероятное. Надеюсь, это не повторится.;What happened yesterday? Something incredible happened. I hope it won't happen again.;;
1637;everyday;1;Sećati;Сећати;assets/images/words/secati.webp;assets/sounds/words/secati.mp3;Вспоминать;To recall;Sećam se tog dana. Sećaš li se imena? Retko se sećam snova.;Я помню тот день. Помнишь имя? Я редко помню сны.;I remember that day. Do you remember the name? I rarely remember dreams.;;
1638;everyday;1;Uspomena;Успомена;assets/images/words/uspomena.webp;assets/sounds/words/uspomena.mp3;Воспоминание;Memory / recollection;Imam lepe uspomene iz detinjstva. Ova slika budi uspomene. Sačuvala je tu uspomenu.;У меня хорошие воспоминания из детства. Эта картина будит воспоминания. Она сохранила это воспоминание.;I have good childhood memories. This picture stirs memories. She kept that memory.;;
1639;everyday;1;Slučajno;Случајно;assets/images/words/slucajno.webp;assets/sounds/words/slucajno.mp3;Случайно;By chance / accidentally;Sreli smo se slučajno. Slučajno sam obrisala fajl. Otkrila je istinu slučajno.;Мы случайно встретились. Я случайно удалила файл. Она случайно узнала правду.;We met by chance. I accidentally deleted a file. She found out the truth by chance.;;
1912;everyday;1;Dan;Дан;assets/images/words/dan.webp;assets/sounds/words/dan.mp3;День;Day;Danas je naporan dan. Svaki dan idem u šetnju. Ovaj dan je poseban.;Сегодня тяжёлый день. Каждый день я хожу на прогулку. Этот день особенный.;Today is a tough day. I go for a walk every day. This day is special.;;
1913;everyday;1;Danas;Данас;assets/images/words/danas.webp;assets/sounds/words/danas.mp3;Сегодня;Today;Danas idem na sastanak. Šta radiš danas popodne? Danas je sunčano vreme.;Сегодня я иду на встречу. Что ты делаешь сегодня днём? Сегодня солнечная погода.;Today I'm going to a meeting. What are you doing this afternoon? Today the weather is sunny.;;
1914;everyday;1;Dolaziti;Долазити;assets/images/words/dolaziti.webp;assets/sounds/words/dolaziti.mp3;Приходить;To arrive / come;Uvek dolazim na vreme. Ona dolazi svake nedelje. Autobus dolazi svakih sat vremena.;Я всегда прихожу вовремя. Она приходит каждую неделю. Автобус приходит каждый час.;I always arrive on time. She comes every week. The bus comes every hour.;;
1915;everyday;1;Doručkovati;Доручковати;assets/images/words/doruckovati.webp;assets/sounds/words/doruckovati.mp3;Завтракать;To have breakfast;Doručkujem svako jutro. Doručkovala je jaja i tost. Nismo doručkovali jutros.;Я завтракаю каждое утро. Она позавтракала яйцами и тостом. Мы не позавтракали утром.;I have breakfast every morning. She had eggs and toast for breakfast. We didn't have breakfast this morning.;;
1916;everyday;1;Dremati;Дремати;assets/images/words/dremati.webp;assets/sounds/words/dremati.mp3;Дремать;To nap;Voli da drema posle ručka. Dremala je pola sata. Deca ponekad dremaju popodne.;Он любит вздремнуть после обеда. Она дремала полчаса. Дети иногда дремлют днём.;He likes to nap after lunch. She napped for half an hour. Children sometimes nap in the afternoon.;;
1917;everyday;1;Gledati;Гледати;assets/images/words/gledati.webp;assets/sounds/words/gledati.mp3;Смотреть;To watch;Gledamo film svako veče. Voli da gleda vesti. Gledali smo utakmicu zajedno.;Мы каждый вечер смотрим фильм. Он любит смотреть новости. Мы вместе смотрели матч.;We watch a movie every evening. He likes watching the news. We watched the match together.;;
1918;everyday;1;Izlaziti;Излазити;assets/images/words/izlaziti.webp;assets/sounds/words/izlaziti.mp3;Выходить (наружу);To go out;Izlazimo sa prijateljima petkom. Ona retko izlazi zimi. Izlazio je rano ujutru.;Мы выходим с друзьями по пятницам. Она редко выходит зимой. Он рано выходил утром.;We go out with friends on Fridays. She rarely goes out in winter. He went out early in the morning.;;
1919;everyday;1;Jesti;Јести;assets/images/words/jesti.webp;assets/sounds/words/jesti.mp3;Есть;To eat;Jedemo zajedno svako veče. Volim jesti sveže voće. Nismo jeli pre posla.;Мы едим вместе каждый вечер. Люблю есть свежие фрукты. Мы не ели перед работой.;We eat together every evening. I love eating fresh fruit. We didn't eat before work.;;
1920;everyday;1;Jutro;Јутро;assets/images/words/jutro.webp;assets/sounds/words/jutro.mp3;Утро;Morning;Jutro je moje omiljeno doba dana. Ovo jutro je bilo hladno. Svako jutro pijem kafu.;Утро — моё любимое время суток. Это утро было холодным. Каждое утро я пью кофе.;Morning is my favorite time of day. This morning was cold. Every morning I drink coffee.;;
1921;everyday;1;Kuvati;Кувати;assets/images/words/kuvati.webp;assets/sounds/words/kuvati.mp3;Варить / готовить;To cook;Kuvam večeru svako veče. Voli da kuva vikendom. Kuvala je supu danas.;Я готовлю ужин каждый вечер. Он любит готовить по выходным. Она сегодня варила суп.;I cook dinner every evening. He likes cooking on weekends. She cooked soup today.;;
1922;everyday;1;Kuća;Кућа;assets/images/words/kuca.webp;assets/sounds/words/kuca.mp3;Дом;House;Naša kuća je blizu parka. Kuća ima veliko dvorište. Kupili smo kuću davno.;Наш дом рядом с парком. У дома большой двор. Мы давно купили дом.;Our house is near the park. The house has a big yard. We bought the house long ago.;;
1923;everyday;1;Navika;Навика;assets/images/words/navika.webp;assets/sounds/words/navika.mp3;Привычка;Habit;Rano ustajanje je navika. Loše navike se teško menjaju. Stekla je naviku čitanja.;Раннее вставание — привычка. Плохие привычки трудно менять. У неё появилась привычка читать.;Early rising is a habit. Bad habits are hard to change. She developed a reading habit.;;
1924;everyday;1;Oblačiti;Облачити;assets/images/words/oblaciti.webp;assets/sounds/words/oblaciti.mp3;Одеваться;To get dressed;Oblačim se brzo ujutru. Dete se samo oblači. Uvek se lepo oblači.;Я быстро одеваюсь утром. Ребёнок одевается сам. Он всегда красиво одевается.;I get dressed quickly in the morning. The child dresses himself. He always dresses nicely.;;
1925;everyday;1;Odmor;Одмор;assets/images/words/odmor.webp;assets/sounds/words/odmor.mp3;Отдых;Rest;Potreban mi je odmor. Odmor na moru nas je opustio. Uzeli smo kratak odmor.;Мне нужен отдых. Отдых на море нас расслабил. Мы взяли короткий отдых.;I need rest. The seaside rest relaxed us. We took a short break.;;
1926;everyday;1;Pamtiti;Памтити;assets/images/words/pamtiti.webp;assets/sounds/words/pamtiti.mp3;Помнить / запоминать;To remember / to memorize;Pamtim njeno lice. Teško pamtim brojeve telefona. Pamtila je svaki detalj.;Я помню её лицо. Мне трудно запоминать номера телефонов. Она помнила каждую деталь.;I remember her face. I find it hard to memorize phone numbers. She remembered every detail.;;
1927;everyday;1;Popodne;Поподне;assets/images/words/popodne.webp;assets/sounds/words/popodne.mp3;После полудня;Afternoon;Radim popodne, do šest. Popodne obično odmaram. Sastanak je zakazan popodne.;Я работаю во второй половине дня, до шести. Обычно днём отдыхаю. Встреча назначена на вторую половину дня.;I work afternoons, until six. I usually rest in the afternoon. The meeting is set for the afternoon.;;
1928;everyday;1;Posao;Посао;assets/images/words/posao.webp;assets/sounds/words/posao.mp3;Работа;Job / work;Volim posao u banci. Posao je zahtevao trud. Tražila je posao mesecima.;Мне нравится работа в банке. Работа требовала усилий. Она месяцами искала работу.;I love the job at the bank. The job required effort. She looked for a job for months.;;
1929;everyday;1;Prijatelj;Пријатељ;assets/images/words/prijatelj.webp;assets/sounds/words/prijatelj.mp3;Друг;Friend;Moj prijatelj živi daleko. Prijatelj mi je pomogao. Upoznali smo se preko njega.;Мой друг живёт далеко. Друг мне помог. Мы познакомились через него.;My friend lives far away. A friend helped me. We met through him.;;
1930;everyday;1;Ručati;Ручати;assets/images/words/rucati.webp;assets/sounds/words/rucati.mp3;Обедать;To have lunch;Ručamo zajedno radnim danima. Ručala je blizu posla. Nismo ručali pre sastanka.;Мы обедаем вместе по будням. Она обедала рядом с работой. Мы не пообедали перед встречей.;We have lunch together on weekdays. She had lunch near work. We didn't have lunch before the meeting.;;
1931;everyday;1;Slušati;Слушати;assets/images/words/slusati.webp;assets/sounds/words/slusati.mp3;Слушать;To listen;Slušam muziku dok radim. Voli da sluša podcaste. Slušali smo predavanje pažljivo.;Я слушаю музыку во время работы. Он любит слушать подкасты. Мы внимательно слушали лекцию.;I listen to music while working. He likes listening to podcasts. We listened to the lecture carefully.;;
1932;everyday;1;Spavati;Спавати;assets/images/words/spavati.webp;assets/sounds/words/spavati.mp3;Спать;To sleep;Spavam osam sati noću. Deca spavaju rano uveče. Nismo dobro spavali sinoć.;Я сплю восемь часов ночью. Дети рано ложатся спать вечером. Мы плохо спали вчера ночью.;I sleep eight hours at night. The children go to sleep early in the evening. We slept badly last night.;;
1933;everyday;1;Tuširati;Туширати;assets/images/words/tusirati.webp;assets/sounds/words/tusirati.mp3;Принимать душ;To shower;Tuširam se svako jutro. Volim tuširanje toplom vodom. On se tušira posle.;Я принимаю душ каждое утро. Люблю душ с тёплой водой. Он потом принимает душ.;I take a shower every morning. I love a warm water shower. He showers afterward.;;
1934;everyday;1;Umoran;Уморан;assets/images/words/umoran.webp;assets/sounds/words/umoran.mp3;Уставший;Tired;Bio sam umoran posle posla. Izgledala je umorno danas. Deca su bila umorna.;После работы я был уставшим. Сегодня она выглядела уставшей. Дети были уставшими.;I was tired after work. She looked tired today. The children were tired.;;
1935;everyday;1;Ustajati;Устајати;assets/images/words/ustajati.webp;assets/sounds/words/ustajati.mp3;Вставать;To get up;Ustajem u šest ujutru. Ona teško ustaje ponedeljkom. Ustajali smo rano zbog posla.;Я встаю в шесть утра. Ей трудно вставать по понедельникам. Мы рано вставали из-за работы.;I get up at six. She has a hard time getting up on Mondays. We got up early because of work.;;
1936;everyday;1;Uvek;Увек;assets/images/words/uvek.webp;assets/sounds/words/uvek.mp3;Всегда;Always;Uvek jedem doručak. Uvek je bila tačna. Uvek ću te podsećati.;Я всегда завтракаю. Она всегда была пунктуальной. Я всегда буду тебе напоминать.;I always eat breakfast. She was always punctual. I'll always remind you.;;
1937;everyday;1;Večerati;Вечерати;assets/images/words/vecerati.webp;assets/sounds/words/vecerati.mp3;Ужинать;To have dinner;Večeramo zajedno svake nedelje. Večerala je kasno danas. Nismo večerali pre filma.;Мы ужинаем вместе каждое воскресенье. Сегодня она поздно поужинала. Мы не поужинали перед фильмом.;We have dinner together every Sunday. She had dinner late today. We didn't have dinner before the movie.;;
1938;everyday;1;Vežbati;Вежбати;assets/images/words/vezbati.webp;assets/sounds/words/vezbati.mp3;Тренироваться;To exercise;Vežbam u teretani nedeljno. Voli da vežba ujutru. Vežbali smo zajedno danas.;Я тренируюсь в зале еженедельно. Он любит тренироваться утром. Мы сегодня тренировались вместе.;I work out at the gym weekly. He likes exercising in the morning. We worked out together today.;;
1939;everyday;1;Zaboraviti;Заборавити;assets/images/words/zaboraviti.webp;assets/sounds/words/zaboraviti.mp3;Забыть;To forget;Zaboravio sam ključeve kući. Nemoj zaboraviti pozvati mamu. Zaboravila je njegovo ime.;Я забыл ключи дома. Не забудь позвонить маме. Она забыла его имя.;I forgot the keys at home. Don't forget to call mom. She forgot his name.;;
1940;everyday;1;Zvati;Звати;assets/images/words/zvati.webp;assets/sounds/words/zvati.mp3;Звать;To call;Zovem majku svako veče. Zovi me kad stigneš. Zvala ga je triput.;Я звоню маме каждый вечер. Позвони, когда доберёшься. Она звонила ему трижды.;I call my mother every evening. Call when you arrive. She called him thrice.;;
1941;everyday;1;Čistiti;Чистити;assets/images/words/cistiti.webp;assets/sounds/words/cistiti.mp3;Чистить / убирать;To clean;Čistim stan svake subote. Volimo čistiti zajedno vikendom. Čistila je kuću danas.;Я убираю квартиру каждую субботу. Мы любим убираться вместе. Сегодня она убирала дом.;I clean the apartment every Saturday. We love cleaning together. She cleaned the house today.;;
1942;everyday;1;Škola;Школа;assets/images/words/skola.webp;assets/sounds/words/skola.mp3;Школа;School;Deca idu u školu. Škola počinje u osam. Ova škola je poznata.;Дети ходят в школу. Школа начинается в восемь. Эта школа известная.;The children go to school. School starts at eight. This school is well-known.;;
1943;everyday;1;Živeti;Живети;assets/images/words/ziveti.webp;assets/sounds/words/ziveti.mp3;Жить;To live;Dugo živim u gradu. Žele da žive na selu. Živeli su dugo i srećno.;Я долго живу в городе. Они хотят жить в деревне. Они жили долго и счастливо.;I've lived in the city for a long time. They want to live in the countryside. They lived long and happily.;;
1543;family;1;Komšija;Комшија;assets/images/words/komsija.webp;assets/sounds/words/komsija.mp3;Сосед;Neighbor (male);Moj komšija je ljubazan. Pozdravio sam komšiju napolju. Komšija nam je pomogao.;Мой сосед любезный. Я поздоровался с соседом снаружи. Сосед нам помог.;My neighbor is kind. I greeted my neighbor outside. The neighbor helped us.;;
1544;family;1;Roditi;Родити;assets/images/words/roditi.webp;assets/sounds/words/roditi.mp3;Родить(ся);To give birth / to be born;Rodio se u gradu. Kada si se rodio? Njihova ćerka se rodila.;Он родился в городе. Когда ты родился? Их дочь родилась.;He was born in a town. When were you born? Their daughter was born.;;
1545;family;1;Poštovati;Поштовати;assets/images/words/postovati.webp;assets/sounds/words/postovati.mp3;Уважать;To respect;Poštujem svoje roditelje bezuslovno. Treba da poštujemo tuđe mišljenje. Deca poštuju starije ljude.;Я безусловно уважаю своих родителей. Нам стоит уважать чужое мнение. Дети уважают старших.;I respect my parents unconditionally. We should respect others' opinions. Children respect elders.;;
1546;family;1;Baka;Бака;assets/images/words/baka.webp;assets/sounds/words/baka.mp3;Бабушка;Grandmother;Moja baka peče hleb. Baka nas je posetila. Volim bakine stare priče.;Моя бабушка печёт хлеб. Бабушка нас навестила. Люблю старые бабушкины истории.;My grandma bakes bread. Grandma visited us. I love grandma's old stories.;;
1547;family;1;Beba;Беба;assets/images/words/beba.webp;assets/sounds/words/beba.mp3;Младенец;Baby;Beba je zaspala tamo. Beba plače svake noći. Rodila se zdrava beba.;Малыш там уснул. Малыш плачет каждую ночь. Родился здоровый ребёнок.;The baby fell asleep there. The baby cries every night. A healthy baby was born.;;
1548;family;1;Blizanac;Близанац;assets/images/words/blizanac.webp;assets/sounds/words/blizanac.mp3;Близнец;Twin;Ona ima brata blizanca. Blizanci su slični, ali različiti. Njena sestra je blizanac.;У неё есть брат-близнец. Близнецы похожи, но разные. Её сестра — близнец.;She has a twin brother. Twins are similar but different. Her sister is a twin.;;
1549;family;1;Brat;Брат;assets/images/words/brat.webp;assets/sounds/words/brat.mp3;Брат;Brother;Moj brat živi daleko. Brat mi je pomogao. Imam brata i sestru.;Мой брат живёт далеко. Брат мне помог. У меня брат и сестра.;My brother lives far away. My brother helped me. I have a brother and sister.;;
1550;family;1;Brinuti;Бринути;assets/images/words/brinuti.webp;assets/sounds/words/brinuti.mp3;Беспокоиться / заботиться;To worry / to care;Majka brine o deci. Ne brini, biće dobro. Brinemo jedni o drugima.;Мама заботится о детях. Не волнуйся, будет хорошо. Мы заботимся друг о друге.;The mother takes care of the children. Don't worry, it'll be fine. We take care of each other.;;
1551;family;1;Deda;Деда;assets/images/words/deda.webp;assets/sounds/words/deda.mp3;Дедушка;Grandfather;Moj deda je bio vojnik. Deda nas uči šahu. Deda voli stare priče.;Мой дед был солдатом. Дедушка учит нас шахматам. Дедушка любит старые истории.;My grandpa was a soldier. Grandpa teaches us chess. Grandpa loves old stories.;;
1552;family;1;Dete;Дете;assets/images/words/dete.webp;assets/sounds/words/dete.mp3;Ребёнок;Child;Njihovo dete ide u školu. Svako dete zaslužuje ljubav. Dete se igra napolju.;Их ребёнок идёт в школу. Каждый ребёнок заслуживает любовь. Ребёнок играет снаружи.;Their child goes to school. Every child deserves love. The child plays outside.;;
1553;family;1;Familija;Фамилија;assets/images/words/familija.webp;assets/sounds/words/familija.mp3;Семья;Family;Cela familija se okupila. Njena familija je velika. Familija se preselila danas.;Вся семья собралась. Её семья большая. Семья переехала сегодня.;The whole family gathered. Her family is big. The family moved today.;;
1554;family;1;Komšinica;Комшиница;assets/images/words/komsinica.webp;assets/sounds/words/komsinica.mp3;Соседка;Neighbor (female);Moja komšinica uvek pomaže. Pozdravila sam komšinicu danas. Komšinica nam je donela kolač.;Моя соседка всегда помогает. Я поздоровалась с соседкой сегодня. Соседка принесла нам пирог.;My neighbor always helps. I greeted my neighbor today. The neighbor brought us a cake.;;
1555;family;1;Majka;Мајка;assets/images/words/majka.webp;assets/sounds/words/majka.mp3;Мать;Mother;Moja majka radi kao lekar. Majka me je naučila da kuvam. Majka je uvek uz mene.;Моя мать работает врачом. Мать научила меня готовить. Мама всегда рядом со мной.;My mother works as a doctor. Mother taught me to cook. Mother is always by my side.;;
1556;family;1;Muž;Муж;assets/images/words/muz.webp;assets/sounds/words/muz.mp3;Муж;Husband;Njen muž radi u banci. Muž mi je doneo cveće. Muž i žena slave godišnjicu.;Её муж работает в банке. Муж принёс мне цветы. Муж и жена празднуют годовщину.;Her husband works at a bank. My husband brought me flowers. Husband and wife are celebrating their anniversary.;;
1557;family;1;Odrastao;Одрастао;assets/images/words/odrastao.webp;assets/sounds/words/odrastao.mp3;Взрослый;Adult (grown up);Njegov sin je odrastao. Odrasla deca žive daleko. Postao je odrastao i samostalan.;Его сын взрослый. Взрослые дети живут далеко. Он стал взрослым и самостоятельным.;His son is grown up. Grown-up children live far away. He became grown-up and independent.;;
1558;family;1;Odrasti;Одрасти;assets/images/words/odrasti.webp;assets/sounds/words/odrasti.mp3;Вырасти;To grow up;Odrasla je u selu. Deca brzo odrastu. Odrastao je bez oca.;Она выросла в деревне. Дети быстро вырастают. Он вырос без отца.;She grew up in a village. Children grow up fast. He grew up without a father.;;
1559;family;1;Otac;Отац;assets/images/words/otac.webp;assets/sounds/words/otac.mp3;Отец;Father;Moj otac radi kao inženjer. Otac me je naučio da vozim bicikl. Otac je strog, ali pravedan.;Мой отец работает инженером. Отец научил меня кататься на велосипеде. Отец строгий, но справедливый.;My father works as an engineer. Father taught me to ride a bicycle. Father is strict but fair.;;
1560;family;1;Oženjen;Ожењен;assets/images/words/ozenjen.webp;assets/sounds/words/ozenjen.mp3;Женатый;Married (of a man);On je već godinama oženjen. Njen brat je oženjen. Bio je oženjen dvaput.;Он женат уже много лет. Её брат женат. Он был женат дважды.;He's been married for years. Her brother is married. He was married twice.;;
1561;family;1;Pomagati;Помагати;assets/images/words/pomagati.webp;assets/sounds/words/pomagati.mp3;Помогать;To help;Roditelji pomažu deci u učenju. Volimo pomagati jedni drugima. Pomagala je majci danas.;Родители помогают детям в учёбе. Мы любим помогать друг другу. Она помогала маме сегодня.;Parents help kids with studying. We love helping each other. She helped her mom today.;;
1562;family;1;Porodica;Породица;assets/images/words/porodica.webp;assets/sounds/words/porodica.mp3;Семья;Family;Naša porodica se okuplja. Porodica joj je bliska. Porodica je najvažnija stvar.;Наша семья собирается. Её семья близкая. Семья — самое важное.;Our family gathers. Her family is close. Family is the most important.;;
1563;family;1;Posetiti;Посетити;assets/images/words/posetiti.webp;assets/sounds/words/posetiti.mp3;Посетить;To visit;Posetili smo babu i dedu. Planiram posetiti prijatelja uskoro. Posetila je bolesnog rođaka.;Мы навестили бабушку и дедушку. Я планирую навестить друга скоро. Она навестила больного родственника.;We visited grandma and grandpa. I plan to visit a friend soon. She visited her sick relative.;;
1564;family;1;Prijateljica;Пријатељица;assets/images/words/prijateljica.webp;assets/sounds/words/prijateljica.mp3;Подруга;Friend (female);Moja prijateljica živi blizu. Upoznala sam novu prijateljicu. Prijateljica mi je pomogla.;Моя подруга живёт рядом. Я познакомилась с новой подругой. Подруга мне помогла.;My friend lives nearby. I met a new friend. My friend helped me.;;
1565;family;1;Razveden;Разведен;assets/images/words/razveden.webp;assets/sounds/words/razveden.mp3;Разведённый;Divorced;On je već godinama razveden. Njeni roditelji su razvedeni. Razveden je i ima decu.;Он в разводе уже много лет. Её родители в разводе. Он разведён, у него есть дети.;He's been divorced for years. Her parents are divorced. He's divorced and has kids.;;
1566;family;1;Roditelji;Родитељи;assets/images/words/roditelji.webp;assets/sounds/words/roditelji.mp3;Родители;Parents;Moji roditelji žive na selu. Roditelji su me naučili svemu. Roditelji su ponosni na mene.;Мои родители живут в деревне. Родители меня всему научили. Родители гордятся мной.;My parents live in the countryside. My parents taught me everything. My parents are proud of me.;;
1567;family;1;Rođak;Рођак;assets/images/words/rodjak.webp;assets/sounds/words/rodjak.mp3;Родственник;Relative;Imam rođake u inostranstvu. Rođak mi je pomogao. Naš rođak dolazi danas.;У меня родственники за границей. Родственник мне помог. Наш родственник приезжает сегодня.;I have relatives abroad. A relative helped me. Our relative is coming today.;;
1568;family;1;Sestra;Сестра;assets/images/words/sestra.webp;assets/sounds/words/sestra.mp3;Сестра;Sister;Moja sestra studira medicinu. Sestra mi je prijateljica. Sestra i ja se često čujemo.;Моя сестра изучает медицину. Сестра мне подруга. Мы с сестрой часто созваниваемся.;My sister is studying medicine. My sister is my friend. My sister and I often talk on the phone.;;
1569;family;1;Sin;Син;assets/images/words/sin.webp;assets/sounds/words/sin.mp3;Сын;Son;Njihov sin ide u školu. Sin liči na oca. Ponosni su na sina.;Их сын учится в школе. Сын похож на отца. Они гордятся сыном.;Their son goes to school. The son takes after his father. They're proud of their son.;;
1570;family;2;Stric;Стриц;assets/images/words/stric.webp;assets/sounds/words/stric.mp3;Дядя (по отцу);Uncle (paternal);Moj stric živi daleko. Stric nas je posetio. Stric je brat oca.;Мой дядя живёт далеко. Дядя нас навестил. Дядя — брат отца.;My uncle lives far away. My uncle visited us. My uncle is my father's brother.;;
1571;family;1;Tetka;Тетка;assets/images/words/tetka.webp;assets/sounds/words/tetka.mp3;Тётя;Aunt;Moja tetka odlično kuva. Tetka nas je posetila. Tetka mi je dala haljinu.;Моя тётя отлично готовит. Тётя нас навестила. Тётя дала мне платье.;My aunt cooks very well. My aunt visited us. My aunt gave me a dress.;;
1572;family;1;Udata;Удата;assets/images/words/udata.webp;assets/sounds/words/udata.mp3;Замужняя;Married (of a woman);Ona je već godinama udata. Njena sestra je udata. Bila je udata jednom.;Она замужем уже много лет. Её сестра замужем. Она была замужем один раз.;She's been married for years. Her sister is married. She was married once.;;
1573;family;2;Ujak;Ујак;assets/images/words/ujak.webp;assets/sounds/words/ujak.mp3;Дядя (по матери);Uncle (maternal);Moj ujak živi daleko. Ujak nas je iznenadio. Ujak je brat majke.;Мой дядя живёт далеко. Дядя нас удивил. Дядя — брат матери.;My uncle lives far away. My uncle surprised us. My uncle is my mother's brother.;;
1574;family;2;Unuk;Унук;assets/images/words/unuk.webp;assets/sounds/words/unuk.mp3;Внук;Grandson;Njihov unuk ih posećuje. Unuk ima dedin osmeh. Baka je ponosna na unuka.;Их внук их навещает. У внука дедушкина улыбка. Бабушка гордится внуком.;Their grandson visits them. The grandson has grandpa's smile. Grandma is proud of her grandson.;;
1575;family;2;Unuka;Унука;assets/images/words/unuka.webp;assets/sounds/words/unuka.mp3;Внучка;Granddaughter;Njihova unuka je pametna. Unuka pomaže baki u bašti. Deda priča priče unuci.;Их внучка умная. Внучка помогает бабушке в саду. Дедушка рассказывает истории внучке.;Their granddaughter is smart. The granddaughter helps grandma in the garden. Grandpa tells stories to his granddaughter.;;
1576;family;2;Verenica;Вереница;assets/images/words/verenica.webp;assets/sounds/words/verenica.mp3;Невеста;Fiancee;Njegova verenica je lepa. Upoznao je verenicu tamo. Verenica priprema venčanje.;Его невеста красивая. Он познакомился там с невестой. Невеста готовится к свадьбе.;His fiancee is beautiful. He met his fiancee there. The fiancee is preparing for the wedding.;;
1577;family;2;Verenik;Вереник;assets/images/words/verenik.webp;assets/sounds/words/verenik.mp3;Жених;Fiance;Njen verenik radi kao inženjer. Verenik joj je dao prsten. Verenik i verenica su srećni.;Её жених работает инженером. Жених подарил ей кольцо. Жених и невеста счастливы.;Her fiance works as an engineer. The fiance gave her a ring. The fiance and fiancee are happy.;;
1578;family;1;Ćerka;Ћерка;assets/images/words/cerka.webp;assets/sounds/words/cerka.mp3;Дочь;Daughter;Njihova ćerka ide u vrtić. Ćerka ima majčine oči. Ponosni su na ćerku.;Их дочь ходит в сад. У дочери глаза матери. Они гордятся дочерью.;Their daughter goes to daycare. The daughter has mother's eyes. They're proud of their daughter.;;
1579;family;1;Žena;Жена;assets/images/words/zena.webp;assets/sounds/words/zena.mp3;Жена;Wife;Njegova žena radi kao učiteljica. Žena mu je priredila iznenađenje. Muž i žena su otputovali.;Его жена работает учительницей. Жена устроила ему сюрприз. Муж и жена уехали.;His wife works as a teacher. His wife prepared a surprise for him. Husband and wife went on a trip.;;
2095;greetings;1;Nazdravlje;Наздравље;assets/images/words/nazdravlje.webp;assets/sounds/words/nazdravlje.mp3;За здоровье;Cheers;Podigli su čaše i viknuli „Nazdravlje!“. Kucnuli smo se čašama.;Они подняли бокалы и крикнули «За здоровье!». Мы чокнулись бокалами.;They raised their glasses and shouted “Cheers!”. We clinked glasses.;;
2096;greetings;1;Prijatno;Пријатно;assets/images/words/prijatno.webp;assets/sounds/words/prijatno.mp3;Приятно;Enjoy your meal;"Konobar je rekao ""Prijatno"". Prijatno, uživajte u ručku! Poželeli su nam prijatno.";Официант сказал «Приятного аппетита». Приятного аппетита, наслаждайтесь обедом! Нам пожелали приятного аппетита.;"The waiter said ""Enjoy your meal."" Enjoy your meal, have a nice lunch! They wished us a nice meal.";;
2097;greetings;1;Živeli;Живели;assets/images/words/ziveli.webp;assets/sounds/words/ziveli.mp3;Будем здоровы;Cheers / long live;Podigao je čašu i viknuo: „Živeli!“. Svi su uglas rekli „Živeli!“.;Он поднял бокал и крикнул: «Будем здоровы!». Все хором сказали «Будем здоровы!».;He raised his glass and shouted: “Cheers!”. Everyone said “Cheers!” together.;;
2098;greetings;1;Uskoro;Ускоро;assets/images/words/skor.webp;assets/sounds/words/skor.mp3;Скоро;Soon;Vidimo se uskoro! Stižem vrlo uskoro. Uskoro krećemo na put.;Увидимся скоро! Я скоро приеду. Скоро отправляемся в путь.;See you soon! I'll arrive very soon. We're leaving on the trip soon.;;
2099;greetings;1;Dobrodošli;Добродошли;assets/images/words/dobrodosli.webp;assets/sounds/words/dobrodosli.mp3;Добро пожаловать;Welcome;Dobrodošli u naš dom! Rekli su nam dobrodošli. Dobrodošli, sedite udobno.;Добро пожаловать в наш дом! Нам сказали «добро пожаловать». Добро пожаловать, садитесь удобно.;Welcome to our home! They welcomed us. Welcome, sit comfortably.;;
2100;greetings;1;Doviđenja;Довиђења;assets/images/words/dovidjenja.webp;assets/sounds/words/dovidjenja.mp3;До свидания;Goodbye;Doviđenja, vidimo se uskoro. Rekla je doviđenja odmah. Doviđenja svima, hvala.;До свидания, увидимся скоро. Она сразу сказала «до свидания». До свидания всем, спасибо.;Goodbye, see you soon. She said goodbye right away. Goodbye everyone, thanks.;;
2101;greetings;1;Hvala;Хвала;assets/images/words/hvala.webp;assets/sounds/words/hvala.mp3;Спасибо;Thank you;Hvala na pomoći. Hvala, baš mi treba. Rekla je hvala odmah.;Спасибо за помощь. Спасибо, мне это очень нужно. Она сразу сказала «спасибо».;Thank you for the help. Thanks, I really need that. She said thanks right away.;;
2102;greetings;1;Izvini;Извини;assets/images/words/izvini.webp;assets/sounds/words/izvini.mp3;Извини;Sorry (informal);Izvini što kasnim. Izvini, nisam te čuo. Rekao je izvini brzo.;Извини, что опаздываю. Извини, я тебя не слышал. Он быстро сказал «извини».;Sorry I'm late. Sorry, I didn't hear you. He quickly said sorry.;;
2103;greetings;1;Izvinite;Извините;assets/images/words/izvinite.webp;assets/sounds/words/izvinite.mp3;Извините;Sorry (formal);Izvinite na smetnji. Izvinite, je li slobodno? Izvinite zbog kašnjenja, gospodine.;Извините за беспокойство. Извините, свободно? Извините за опоздание, господин.;Excuse me for the interruption. Excuse me, is it free? I apologize for the delay, sir.;;
2104;greetings;1;Izvolite;Изволите;assets/images/words/izvolite.webp;assets/sounds/words/izvolite.mp3;Пожалуйста / прошу;Here you are / please;Izvolite, vaša kafa. Izvolite, sedite ovde. Izvolite pogledajte meni.;Пожалуйста, ваш кофе. Пожалуйста, садитесь сюда. Пожалуйста, посмотрите меню.;Here you are, your coffee. Please, sit here. Please have a look at the menu.;;
2105;greetings;1;Molim;Молим;assets/images/words/molim.webp;assets/sounds/words/molim.mp3;Пожалуйста;Please;Molim, izvolite sesti. Račun, molim. Molim, ponovite pitanje.;Пожалуйста, присаживайтесь. Счёт, пожалуйста. Пожалуйста, повторите вопрос.;Please, have a seat. The bill, please. Please repeat the question.;;
2106;greetings;1;Naravno;Наравно;assets/images/words/naravno.webp;assets/sounds/words/naravno.mp3;Конечно;Of course;Naravno, rado pomažem. Dolaziš li na žurku? Da, naravno! Naravno, slažem se.;Конечно, с радостью помогу. Придёшь на вечеринку? Да, конечно! Конечно, я согласен.;Of course, happy to help. Are you coming to the party? Yes, of course! Of course, I agree.;;
2107;greetings;1;Oprostite;Опростите;assets/images/words/oprostite.webp;assets/sounds/words/oprostite.mp3;Простите;Excuse me / forgive me;Oprostite, gde je pošta? Oprostite, imam pitanje. Oprostite ako sam pogrešio.;Простите, где почта? Простите, у меня вопрос. Простите, если ошибся.;Excuse me, where's the post office? Sorry, I have a question. Forgive me if I was wrong.;;
2108;greetings;1;Srećno;Срећно;assets/images/words/srecno.webp;assets/sounds/words/srecno.mp3;Удачи;Good luck;Srećno na ispitu! Poželela mu je srećno. Srećno u novom poslu.;Удачи на экзамене! Она пожелала ему удачи. Удачи в новой работе.;Good luck on the exam! She wished him luck. Good luck in the new job.;;
2109;greetings;1;Zdravo;Здраво;assets/images/words/zdravo.webp;assets/sounds/words/zdravo.mp3;Здравствуй;Hello;Zdravo, kako si? Rekla je zdravo svima. Zdravo, drago mi je što te vidim.;Здравствуй, как дела? Она поздоровалась со всеми. Привет, рад тебя видеть.;Hello, how are you? She said hello to everyone. Hi, nice to see you.;;
2110;greetings;1;Ćao;Ћао;assets/images/words/cao.webp;assets/sounds/words/cao.mp3;Привет;Hi / bye;Ćao, dugo se nismo videli! Ćao svima, vidimo se. Mahnula mu je i rekla ćao.;Привет, давно виделись! Пока всем, увидимся. Она помахала ему и сказала «пока».;Hi, long time no see! Bye everyone, see you. She waved at him and said bye.;;
2111;greetings;1;Čestitam;Честитам;assets/images/words/cestitam.webp;assets/sounds/words/cestitam.mp3;Поздравляю;Congratulations;Čestitam na diplomiranju! Čestitam vam na novom poslu. Svi su nam čestitali na pobedi.;Поздравляю с окончанием учёбы! Поздравляю вас с новой работой. Все поздравили нас с победой.;Congratulations on graduating! Congratulations on your new job. Everyone congratulated us on the win.;;
2112;greetings;1;Žao;Жао;assets/images/words/zao.webp;assets/sounds/words/zao.mp3;Жаль;Sorry, regret;Žao mi je zbog kašnjenja. Bilo mu je žao. Žao nam je zbog toga.;Мне жаль, что я опоздал. Ему было жаль. Нам очень жаль, что так вышло.;Sorry for being late. He was sorry. We're sorry about that.;;
2113;greetings;1;Viđenje;Виђење;assets/images/words/vidjenje.webp;assets/sounds/words/vidjenje.mp3;Свидание;Meeting, seeing;Do viđenja, vidimo se! Viđenje nam je bilo prijatno. Radujem se sledećem viđenju.;До свидания, увидимся! Встреча была приятной. Жду следующей встречи.;Goodbye, see you! The meeting was pleasant. Looking forward to the next meeting.;;
278;home;1;Kupati;Купати;assets/images/words/kupati.webp;assets/sounds/words/kupati.mp3;Купать(ся);To bathe;Kupam bebu svako veče. Volim da se kupam. Deca vole kupanje.;Я купаю ребёнка каждый вечер. Я люблю купаться. Дети любят купание.;I bathe the baby every evening. I love bathing. Kids love bathing.;;
279;home;1;Spavam;Спавам;assets/images/words/spavam.webp;assets/sounds/words/spavam.mp3;Сплю;I sleep;Spavam osam sati. Spavam u ovoj sobi. Spavam rano subotom.;Я сплю восемь часов. Я сплю в этой комнате. По субботам я рано ложусь спать.;I sleep eight hours. I sleep in this room. I sleep early on Saturdays.;;
280;home;1;Čistim;Чистим;assets/images/words/cistim.webp;assets/sounds/words/cistim.mp3;Убираю;I clean;Čistim kuću svake subote. Čistim prozore redovno. Čistim sobu pre gostiju.;Я убираю дом каждую субботу. Я регулярно мою окна. Я убираю комнату перед приходом гостей.;I clean the house every Saturday. I clean the windows regularly. I tidy the room before guests arrive.;;
281;home;1;Balkon;Балкон;assets/images/words/balkon.webp;assets/sounds/words/balkon.mp3;Балкон;Balcony;Sedimo na balkonu leti. Balkon ima lep pogled. Cveće je na balkonu.;Летом мы сидим на балконе. С балкона красивый вид. Цветы на балконе.;We sit on the balcony in summer. The balcony has a nice view. The flowers are on the balcony.;;
283;home;1;Dvorište;Двориште;assets/images/words/dvoriste.webp;assets/sounds/words/dvoriste.mp3;Двор;Yard / courtyard;Deca se igraju u dvorištu. Dvorište je puno cveća. Ograđujemo celo dvorište.;Дети играют во дворе. Двор полон цветов. Мы огораживаем весь двор.;The children play in the yard. The yard is full of flowers. We're fencing the whole yard.;;
285;home;1;Frižider;Фрижидер;assets/images/words/frizider.webp;assets/sounds/words/frizider.mp3;Холодильник;Refrigerator;Frižider je pun hrane. Frižider ne radi dobro. Stavi mleko u frižider.;Холодильник полон еды. Холодильник плохо работает. Поставь молоко в холодильник.;The refrigerator is full of food. The refrigerator isn't working well. Put the milk in the refrigerator.;;
286;home;1;Garaža;Гаража;assets/images/words/garaza.webp;assets/sounds/words/garaza.mp3;Гараж;Garage;Auto je u garaži. Garaža je pored kuće. Parkiraj bicikl u garaži.;Машина в гараже. Гараж рядом с домом. Поставь велосипед в гараж.;The car is in the garage. The garage is next to the house. Park the bike in the garage.;;
288;home;1;Jastuk;Јастук;assets/images/words/jastuk.webp;assets/sounds/words/jastuk.mp3;Подушка;Pillow;Jastuk je mekan. Kupila sam nove jastuke. Spavam sa dva jastuka.;Подушка мягкая. Я купила новые подушки. Я сплю на двух подушках.;The pillow is soft. I bought new pillows. I sleep with two pillows.;;
290;home;1;Kauč;Кауч;assets/images/words/kauc.webp;assets/sounds/words/kauc.mp3;Диван;Couch;Sedim na kauču. Kauč je udoban. Kupili smo nov kauč.;Я сижу на диване. Диван удобный. Мы купили новый диван.;I'm sitting on the couch. The couch is comfortable. We bought a new couch.;;
291;home;1;Kašika;Кашика;assets/images/words/kasika.webp;assets/sounds/words/kasika.mp3;Ложка;Spoon;Daj mi kašiku, molim. Kašika je prljava. Jedem supu kašikom.;Дай мне ложку, пожалуйста. Ложка грязная. Я ем суп ложкой.;Give me a spoon, please. The spoon is dirty. I eat soup with a spoon.;;
292;home;1;Krov;Кров;assets/images/words/krov.webp;assets/sounds/words/krov.mp3;Крыша;Roof;Krov curi kada pada kiša. Popravili smo krov. Ptica sedi na krovu.;Крыша течёт, когда дождь. Мы починили крышу. Птица сидит на крыше.;The roof leaks when it rains. We fixed the roof. A bird is sitting on the roof.;;
293;home;1;Kuhinja;Кухиња;assets/images/words/kuhinja.webp;assets/sounds/words/kuhinja.mp3;Кухня;Kitchen;Kuvam u kuhinji. Kuhinja je mala, funkcionalna. Kuhinja miriše na hleb.;Я готовлю на кухне. Кухня маленькая, функциональная. На кухне пахнет хлебом.;I cook in the kitchen. The kitchen is small, functional. The kitchen smells like bread.;;
294;home;1;Kupatilo;Купатило;assets/images/words/kupatilo.webp;assets/sounds/words/kupatilo.mp3;Ванная;Bathroom;Kupatilo je čisto. Kupatilo ima tuš i kadu. Perem ruke u kupatilu.;Ванная чистая. В ванной есть душ и ванна. Я мою руки в ванной.;The bathroom is clean. The bathroom has a shower and a tub. I wash my hands in the bathroom.;;
296;home;1;Nož;Нож;assets/images/words/noz.webp;assets/sounds/words/noz.mp3;Нож;Knife;Nož je oštar. Seci hleb nožem. Kupio sam nove noževe.;Нож острый. Режь хлеб ножом. Я купил новые ножи.;The knife is sharp. Cut the bread with a knife. I bought new knives.;;
297;home;1;Ograda;Ограда;assets/images/words/ograda.webp;assets/sounds/words/ograda.mp3;Забор;Fence;Ograda okružuje dvorište. Popravili smo ogradu. Pas ne može preskočiti ogradu.;Забор окружает двор. Мы починили забор. Собака не может перепрыгнуть через забор.;The fence surrounds the yard. We repaired the fence. The dog can't jump over the fence.;;
298;home;1;Orman;Орман;assets/images/words/orman.webp;assets/sounds/words/orman.mp3;Шкаф;Wardrobe / cabinet;Odeća je u ormanu. Orman je pun. Kupili smo novi orman.;Одежда в шкафу. Шкаф полон. Мы купили новый шкаф.;The clothes are in the wardrobe. The wardrobe is full. We bought a new wardrobe.;;
300;home;1;Pegla;Пегла;assets/images/words/pegla.webp;assets/sounds/words/pegla.mp3;Утюг;Iron (appliance);Pegla je vruća. Kupio sam novu peglu. Pegla ne radi.;Утюг горячий. Я купил новый утюг. Утюг не работает.;The iron is hot. I bought a new iron. The iron isn't working.;;
301;home;1;Peškir;Пешкир;assets/images/words/peskir.webp;assets/sounds/words/peskir.mp3;Полотенце;Towel;Peškir je čist. Obriši ruke peškirom. Kupila sam nove peškire.;Полотенце чистое. Вытри руки полотенцем. Я купила новые полотенца.;The towel is clean. Dry your hands with the towel. I bought new towels.;;
302;home;1;Plafon;Плафон;assets/images/words/plafon.webp;assets/sounds/words/plafon.mp3;Потолок;Ceiling;Plafon je visok. Plafon je obojen belo. Lampa visi sa plafona.;Потолок высокий. Потолок покрашен в белый. Лампа висит с потолка.;The ceiling is high. The ceiling is painted white. The lamp hangs from the ceiling.;;
303;home;1;Podrum;Подрум;assets/images/words/podrum.webp;assets/sounds/words/podrum.mp3;Подвал;Basement;Čuvamo stvari u podrumu. Podrum je vlažan. Sišao sam u podrum.;Мы храним вещи в подвале. Подвал сырой. Я спустился в подвал.;We keep things in the basement. The basement is damp. I went down to the basement.;;
304;home;1;Slavina;Славина;assets/images/words/slavina.webp;assets/sounds/words/slavina.mp3;Кран;Faucet;Stara slavina curi. Zatvori odmah slavinu. Popravio sam slavinu.;Старый кран течёт. Сейчас же закрой кран. Я починил кран.;The old faucet leaks. Turn off the faucet now. I fixed the faucet.;;
306;home;1;Soba;Соба;assets/images/words/soba.webp;assets/sounds/words/soba.mp3;Комната;Room;Moja soba je mala. Soba ima veliki prozor. Uredila sam svoju sobu.;Моя комната маленькая. В комнате большое окно. Я привела свою комнату в порядок.;My room is small. The room has a big window. I tidied up my room.;;
314;home;1;Vaza;Ваза;assets/images/words/vaza.webp;assets/sounds/words/vaza.mp3;Ваза;Vase;Vaza je na stolu. Stavio sam cveće u vazu. Vaza se razbila.;Ваза на столе. Я поставил цветы в вазу. Ваза разбилась.;The vase is on the table. I put flowers in the vase. The vase broke.;;
152;shop;1;Biram;Бирам;assets/images/words/biram.webp;assets/sounds/words/biram.mp3;Выбираю;I choose;Biram sveže povrće. Uvek biram kvalitet. Biram poklon za mamu.;Я выбираю свежие овощи. Я всегда выбираю качество. Я выбираю подарок для мамы.;I'm choosing fresh vegetables. I always choose quality. I'm choosing a gift for my mom.;;
153;shop;1;Kolica;Колица;assets/images/words/kolica.webp;assets/sounds/words/kolica.mp3;Тележка;Shopping cart / trolley;Gurni kolica do kase. Kolica su puna namirnica. Uzmi kolica na ulazu.;Толкай тележку к кассе. Тележка полна продуктов. Возьми тележку у входа.;Push the cart to the checkout. The cart is full of groceries. Take a cart at the entrance.;;
154;shop;1;Cenovnik;Ценовник;assets/images/words/cenovnik.webp;assets/sounds/words/cenovnik.mp3;Прайс-лист;Price list;Pogledaj cenovnik na zidu. Cenovnik je ažuriran. Nema cenovnika za proizvod.;Посмотри на прайс-лист на стене. Прайс-лист обновлён. Нет прайс-листа на товар.;Look at the price list on the wall. The price list has been updated. There's no price list for the product.;;
155;shop;1;Jeftinije;Јефтиније;assets/images/words/jeftinije.webp;assets/sounds/words/jeftinije.mp3;Дешевле;Cheaper;Ovaj hleb je jeftiniji. Tražim nešto jeftinije. Ovde je sve jeftinije.;Этот хлеб дешевле. Я ищу что-нибудь подешевле. Здесь всё дешевле.;This bread is cheaper. I'm looking for something cheaper. Everything here is cheaper.;;
156;shop;1;Plaćam;Плаћам;assets/images/words/placam.webp;assets/sounds/words/placam.mp3;Плачу;I pay;Plaćam samo karticom. Plaćam samo gotovinom. Plaćam na kasi.;Я плачу только картой. Я плачу только наличными. Я плачу на кассе.;I only pay by card. I only pay in cash. I pay at the checkout.;;
158;shop;1;Tražim;Тражим;assets/images/words/trazim.webp;assets/sounds/words/trazim.mp3;Ищу;I look for / I'm searching;Tražim mleko bez laktoze. Šta danas tražite? Tražim glavnog prodavca.;Я ищу молоко без лактозы. Что вы сегодня ищете? Я ищу главного продавца.;I'm looking for lactose-free milk. What are you looking for today? I'm looking for the main clerk.;;
159;shop;1;Kupovina;Куповина;assets/images/words/kupovina.webp;assets/sounds/words/kupovina.mp3;Покупка;Purchase, shopping;Idemo u kupovinu danas. Ova kupovina je skupa. Onlajn kupovina je praktična.;Мы идём за покупками сегодня. Эта покупка дорогая. Онлайн-покупки удобны.;We're going shopping today. This purchase is expensive. Online shopping is convenient.;;
160;shop;1;Akcija;Акција;assets/images/words/akcija.webp;assets/sounds/words/akcija.mp3;Акция;Sale / promotion;Ovaj proizvod je na akciji. Akcija traje do petka. Volim kupovinu na akciji.;Этот товар по акции. Акция длится до пятницы. Я люблю покупки по акции.;This product is on sale. The promotion runs until Friday. I love shopping during a sale.;;
161;shop;1;Apoteka;Апотека;assets/images/words/apoteka.webp;assets/sounds/words/apoteka.mp3;Аптека;Pharmacy;Idem u apoteku danas. Apoteka je pored prodavnice. Apoteka radi do devet.;Я иду в аптеку сегодня. Аптека рядом с магазином. Аптека работает до девяти.;I'm going to the pharmacy today. The pharmacy is next to the store. The pharmacy is open until nine.;;
162;shop;1;Besplatno;Бесплатно;assets/images/words/besplatno.webp;assets/sounds/words/besplatno.mp3;Бесплатно;Free (of charge);Dostava je besplatna. Ova degustacija je besplatna. Deci je ulaz besplatan.;Доставка бесплатная. Эта дегустация бесплатная. Для детей вход бесплатный.;Delivery is free. This tasting is free. Entry is free for children.;;
163;shop;1;Boja;Боја;assets/images/words/boja.webp;assets/sounds/words/boja.mp3;Цвет;Color;Koju boju želite? Ova boja mi odgovara. Imate li drugu boju?;Какой цвет вы хотите? Этот цвет мне подходит. У вас есть другой цвет?;Which color would you like? This color suits me. Do you have another color?;;
164;shop;1;Butik;Бутик;assets/images/words/butik.webp;assets/sounds/words/butik.mp3;Бутик;Boutique;Ovaj butik prodaje haljine. Otvorili su novi butik. Butik je skup, ali lep.;Этот бутик продаёт платья. Открыли новый бутик. Бутик дорогой, но красивый.;This boutique sells dresses. They opened a new boutique. The boutique is expensive but nice.;;
165;shop;1;Cena;Цена;assets/images/words/cena.webp;assets/sounds/words/cena.mp3;Цена;Price;Kolika je cena? Cena je previsoka. Cena uključuje porez.;Какая цена? Цена слишком высокая. Цена включает налог.;What is the price? The price is too high. The price includes tax.;;
166;shop;1;Dovoljno;Довољно;assets/images/words/dovoljno.webp;assets/sounds/words/dovoljno.mp3;Достаточно;Enough;Imam dovoljno novca. Dovoljno je jedna kesa. Nemamo dovoljno hleba.;У меня достаточно денег. Достаточно одного пакета. У нас недостаточно хлеба.;I have enough money. One bag is enough. We don't have enough bread.;;
167;shop;1;Flaša;Флаша;assets/images/words/flasa.webp;assets/sounds/words/flasa.mp3;Бутылка;Bottle;Kupio sam flašu vode. Flaša je prazna. Vrati flašu u prodavnicu.;Я купил бутылку воды. Бутылка пустая. Верни бутылку в магазин.;I bought a bottle of water. The bottle is empty. Return the bottle to the store.;;
168;shop;1;Gotovina;Готовина;assets/images/words/gotovina.webp;assets/sounds/words/gotovina.mp3;Наличные;Cash;Plaćam u gotovini. Nemam gotovine kod sebe. Prihvatate li gotovinu?;Я плачу наличными. У меня нет с собой наличных. Вы принимаете наличные?;I pay in cash. I don't have cash on me. Do you accept cash?;;
169;shop;1;Jeftin;Јефтин;assets/images/words/jeftin.webp;assets/sounds/words/jeftin.mp3;Дешёвый;Cheap;Ovo je jeftin proizvod. Tražim jeftin poklon. Nije sve jeftino ovde.;Это дешёвый товар. Я ищу недорогой подарок. Здесь не всё дёшево.;This is a cheap product. I'm looking for a cheap gift. Not everything here is cheap.;;
170;shop;1;Kartica;Картица;assets/images/words/kartica.webp;assets/sounds/words/kartica.mp3;Карта;Card;Platio sam karticom. Kartica nije prošla. Imate li bonus karticu?;Я заплатил картой. Карта не прошла. У вас есть бонусная карта?;I paid by card. The card didn't go through. Do you have a loyalty card?;;
171;shop;1;Kasa;Каса;assets/images/words/kasa.webp;assets/sounds/words/kasa.mp3;Касса;Checkout / cash register;Idi do kase. Kasa tri je slobodna. Red na kasi je dug.;Иди к кассе. Касса три свободна. Очередь на кассе длинная.;Go to the checkout. Register three is free. The checkout line is long.;;
172;shop;1;Kesa;Кеса;assets/images/words/kesa.webp;assets/sounds/words/kesa.mp3;Пакет;Bag;Stavi jabuke u kesu. Kesa se pocepala. Treba mi još kesa.;Положи яблоки в пакет. Пакет порвался. Мне нужны ещё пакеты.;Put the apples in a bag. The bag tore. I need more bags.;;
173;shop;1;Količina;Количина;assets/images/words/kolicina.webp;assets/sounds/words/kolicina.mp3;Количество;Quantity;Kolika je ova količina? Smanjite količinu šećera. Količina je ograničena.;Какое это количество? Уменьшите количество сахара. Количество ограничено.;What is this quantity? Reduce the amount of sugar. The quantity is limited.;;
174;shop;1;Kupac;Купац;assets/images/words/kupac.webp;assets/sounds/words/kupac.mp3;Покупатель;Customer;Kupac je uvek u pravu. Novi kupac je ušao. Kupac traži pomoć.;Покупатель всегда прав. Новый покупатель вошёл. Покупателю нужна помощь.;The customer is always right. A new customer entered. The customer needs help.;;
175;shop;1;Kupovati;Куповати;assets/images/words/kupovati.webp;assets/sounds/words/kupovati.mp3;Покупать;To buy / to shop;Volim kupovati odeću. Idemo kupovati namirnice. Kupovati onlajn je lako.;Я люблю покупать одежду. Мы идём покупать продукты. Покупать онлайн легко.;I love buying clothes. We're going to buy groceries. Buying online is easy.;;
176;shop;1;Kutija;Кутија;assets/images/words/kutija.webp;assets/sounds/words/kutija.mp3;Коробка;Box;Otvori ovu kutiju. Kutija je teška. Stavi cipele u kutiju.;Открой эту коробку. Коробка тяжёлая. Положи обувь в коробку.;Open this box. The box is heavy. Put the shoes in the box.;;
177;shop;1;Kvalitet;Квалитет;assets/images/words/kvalitet.webp;assets/sounds/words/kvalitet.mp3;Качество;Quality;Kvalitet je odličan. Cena ne odgovara kvalitetu. Biramo proizvode po kvalitetu.;Качество отличное. Цена не соответствует качеству. Мы выбираем товары по качеству.;The quality is excellent. The price doesn't match the quality. We choose products by quality.;;
178;shop;1;Malo;Мало;assets/images/words/malo.webp;assets/sounds/words/malo.mp3;Мало;A little / few;Imamo malo vremena. Kupio sam malo hleba. Ima malo ljudi ovde.;У нас мало времени. Я купил немного хлеба. Здесь мало людей.;We have little time. I bought a little bread. There are few people here.;;
179;shop;1;Mesara;Месара;assets/images/words/mesara.webp;assets/sounds/words/mesara.mp3;Мясная лавка;Butcher shop;Idem u mesaru danas. Mesara radi do šest. Kupio sam sveže meso u mesari.;Я иду в мясную сегодня. Мясная лавка работает до шести. Я купил свежее мясо в мясной лавке.;I'm going to the butcher today. The butcher shop is open until six. I bought fresh meat at the butcher's.;;
180;shop;1;Mnogo;Много;assets/images/words/mnogo.webp;assets/sounds/words/mnogo.mp3;Много;A lot / many;Ima mnogo izbora. Kupio sam mnogo voća. Mnogo ljudi čeka ovde.;Здесь большой выбор. Я купил много фруктов. Много людей ждёт здесь.;There is a lot of choice. I bought a lot of fruit. Many people are waiting here.;;
181;shop;1;Novac;Новац;assets/images/words/novac.webp;assets/sounds/words/novac.mp3;Деньги;Money;Nemam dovoljno novca. Uštedeo sam novac. Gde je moj novac?;У меня недостаточно денег. Я накопил деньги. Где мои деньги?;I don't have enough money. I saved money. Where is my money?;;
182;shop;1;Paket;Пакет;assets/images/words/paket.webp;assets/sounds/words/paket.mp3;Посылка;Package;Poslao sam paket poštom. Paket je stigao danas. Otvori paket pažljivo.;Я отправил посылку по почте. Посылка пришла сегодня. Открой посылку осторожно.;I sent the package by mail. The package arrived today. Open the package carefully.;;
183;shop;1;Par;Пар;assets/images/words/par.webp;assets/sounds/words/par.mp3;Пара;Pair;Kupio sam par cipela. Treba mi par čarapa. Imam par rukavica.;Я купил пару обуви. Мне нужна пара носков. У меня есть пара перчаток.;I bought a pair of shoes. I need a pair of socks. I have a pair of gloves.;;
184;shop;1;Pekara;Пекара;assets/images/words/pekara.webp;assets/sounds/words/pekara.mp3;Пекарня;Bakery;Pekara je pored prodavnice. Kupujem hleb u pekari. Pekara miriše divno.;Пекарня рядом с магазином. Я покупаю хлеб в пекарне. Пекарня чудесно пахнет.;The bakery is next to the store. I buy bread at the bakery. The bakery smells wonderful.;;
185;shop;1;Pijaca;Пијаца;assets/images/words/pijaca.webp;assets/sounds/words/pijaca.mp3;Рынок;Market;Idemo na pijacu subotom. Pijaca ima sveže povrće. Kupio sam voće na pijaci.;Мы ходим на рынок по субботам. На рынке есть свежие овощи. Я купил фрукты на рынке.;We go to the market on Saturdays. The market has fresh vegetables. I bought fruit at the market.;;
186;shop;1;Platiti;Платити;assets/images/words/platiti.webp;assets/sounds/words/platiti.mp3;Заплатить;To pay;Moram platiti račun. Mogu li platiti karticom? Platio sam previše.;Мне нужно оплатить счёт. Могу я заплатить картой? Я заплатил слишком много.;I have to pay the bill. Can I pay by card? I paid too much.;;
187;shop;1;Poklon;Поклон;assets/images/words/poklon.webp;assets/sounds/words/poklon.mp3;Подарок;Gift;Kupio sam poklon danas. Ovo je poklon tebi. Tražim lep poklon.;Я купил подарок сегодня. Это подарок тебе. Я ищу красивый подарок.;I bought a gift today. This is a gift for you. I'm looking for a nice gift.;;
188;shop;1;Pola;Пола;assets/images/words/pola.webp;assets/sounds/words/pola.mp3;Половина;Half;Uzeću pola kilograma sira. Popust je pola cene. Ostala je pola torte.;Я возьму полкило сыра. Скидка — половина цены. Осталась половина торта.;I'll take half a kilogram of cheese. The discount is half the price. Half the cake is left.;;
189;shop;1;Popust;Попуст;assets/images/words/popust.webp;assets/sounds/words/popust.mp3;Скидка;Discount;Imate li popust danas? Popust je dvadeset posto. Kupio sam sa popustom.;У вас есть скидка сегодня? Скидка двадцать процентов. Я купил со скидкой.;Do you have a discount today? The discount is twenty percent. I bought it with a discount.;;
190;shop;1;Prodavac;Продавац;assets/images/words/prodavac.webp;assets/sounds/words/prodavac.mp3;Продавец;Salesman;Prodavac mi je pomogao. Pitaj prodavca za cenu. Prodavac je ljubazan.;Продавец мне помог. Спроси продавца о цене. Продавец вежливый.;The salesman helped me. Ask the salesman for the price. The salesman is polite.;;
191;shop;1;Prodavačica;Продавачица;assets/images/words/prodavacica.webp;assets/sounds/words/prodavacica.mp3;Продавщица;Saleswoman;Prodavačica je nasmejana. Pitala sam prodavačicu danas. Prodavačica radi ceo dan.;Продавщица улыбается. Я спросила продавщицу сегодня. Продавщица работает целый день.;The saleswoman is smiling. I asked the saleswoman today. The saleswoman works all day.;;
192;shop;1;Prodavnica;Продавница;assets/images/words/prodavnica.webp;assets/sounds/words/prodavnica.mp3;Магазин;Store / shop;Prodavnica je blizu kuće. Ova prodavnica radi non-stop. Otišao sam u prodavnicu.;Магазин рядом с домом. Этот магазин работает круглосуточно. Я пошёл в магазин.;The store is close to home. This store is open 24/7. I went to the store.;;
193;shop;1;Račun;Рачун;assets/images/words/racun.webp;assets/sounds/words/racun.mp3;Счёт / чек;Bill / receipt;Sačuvaj ovaj račun. Treba mi račun sada. Račun je na kasi.;Сохрани этот чек. Мне нужен чек сейчас. Чек на кассе.;Keep this receipt. I need the receipt now. The receipt is at the checkout.;;
940;time;1;Sekund;Секунд;assets/images/words/sekund.webp;assets/sounds/words/sekund.mp3;Секунда;Second;Sačekaj samo sekund. Kasnio sam jedan sekund. Sve se desilo u sekundi.;Подожди секунду. Я опоздал на секунду. Всё случилось за секунду.;Wait just a second. I was a second late. Everything happened in a second.;;
941;time;1;Rok;Рок;assets/images/words/rok.webp;assets/sounds/words/rok.mp3;Срок;Deadline;Rok za predaju je sutra. Prošao je rok. Produžili su rok za nedelju dana.;Срок сдачи завтра. Срок прошёл. Продлили срок на неделю.;The deadline is tomorrow. The deadline has passed. They extended the deadline by a week.;;
942;time;1;Sastanak;Састанак;assets/images/words/sastanak.webp;assets/sounds/words/sastanak.mp3;Встреча;Meeting;Imam sastanak u deset. Sastanak je otkazan. Pripremio sam se za sastanak.;У меня встреча в десять. Встреча отменена. Я подготовился к встрече.;I have a meeting at ten. The meeting is cancelled. I prepared for the meeting.;;
943;time;1;Zakazati;Заказати;assets/images/words/zakazati.webp;assets/sounds/words/zakazati.mp3;Назначить;To schedule;Zakazao sam pregled danas. Zakazali smo sastanak za petak. Treba da zakažemo termin.;Сегодня я записался на осмотр. Мы назначили встречу на пятницу. Нам нужно назначить время.;I scheduled a checkup today. We scheduled a meeting for Friday. We need to schedule an appointment.;;
944;time;1;Davno;Давно;assets/images/words/davno.webp;assets/sounds/words/davno.mp3;Давно;Long ago;To se desilo davno. Poznajem ga davno. Davno nisam bio ovde.;Это случилось давно. Я знаю его давно. Я давно здесь не был.;That happened a long time ago. I've known him for a long time. I haven't been here in a long time.;;
945;time;1;Godina;Година;assets/images/words/godina.webp;assets/sounds/words/godina.mp3;Год;Year;Ova godina je prošla brzo. Sledeće godine idem tamo. Studiram treću godinu.;Этот год прошёл быстро. В следующем году я туда еду. Я учусь на третьем курсе.;This year passed quickly. Next year I'm going there. I'm in my third year of studies.;;
946;time;1;Kasniti;Каснити;assets/images/words/kasniti.webp;assets/sounds/words/kasniti.mp3;Опаздывать;To be late;Kasnim na posao. Uvek kasni na sastanke. Nemoj kasniti sutra.;Я опаздываю на работу. Он всегда опаздывает на встречи. Не опаздывай завтра.;I'm late for work. He's always late for meetings. Don't be late tomorrow.;;
947;time;1;Kasno;Касно;assets/images/words/kasno.webp;assets/sounds/words/kasno.mp3;Поздно;Late;Stigao sam kasno. Sada je prekasno. Radim do kasno uveče.;Я приехал поздно. Сейчас уже слишком поздно. Я работаю допоздна.;I arrived late. It's too late now. I work late into the evening.;;
948;time;1;Mesec;Месец;assets/images/words/mesec.webp;assets/sounds/words/mesec.mp3;Месяц;Month;Ovaj mesec je bio naporan. Sledećeg meseca idem na odmor. Prošlo je mesec dana.;Этот месяц был напряжённым. В следующем месяце я отдыхаю. Прошёл месяц.;This month was busy. Next month I'm on vacation. A month has passed.;;
949;time;1;Minut;Минут;assets/images/words/minut.webp;assets/sounds/words/minut.mp3;Минута;Minute;Sačekaj jedan minut. Kasnim samo pet minuta. Za minut sam gotov.;Подожди одну минуту. Я опаздываю всего на пять минут. Я закончу через минуту.;Wait one minute. I'm only five minutes late. I'll be done in a minute.;;
950;time;1;Nedavno;Недавно;assets/images/words/nedavno.webp;assets/sounds/words/nedavno.mp3;Недавно;Recently;Nedavno sam se preselio. Video sam ga nedavno. Nedavno smo se upoznali.;Я недавно переехал. Я видел его недавно. Мы познакомились недавно.;I recently moved. I saw him recently. We met recently.;;
951;time;1;Nedelja;Недеља;assets/images/words/nedelja.webp;assets/sounds/words/nedelja.mp3;Неделя;Week;Ova nedelja je bila naporna. Vidimo se sledeće nedelje. Prošla je cela nedelja.;Эта неделя была тяжёлой. Увидимся на следующей неделе. Прошла целая неделя.;This week was exhausting. See you next week. A whole week has passed.;;
952;time;1;Noć;Ноћ;assets/images/words/noc.webp;assets/sounds/words/noc.mp3;Ночь;Night;Radim celu noć. Noć je bila hladna. Vratili smo se kasno noću.;Я работаю всю ночь. Ночь была холодной. Мы вернулись поздно ночью.;I work all night. The night was cold. We came back late at night.;;
953;time;1;Odložiti;Одложити;assets/images/words/odloziti.webp;assets/sounds/words/odloziti.mp3;Отложить;To postpone;Odložili smo sastanak. Moramo odložiti putovanje. Odložio je odluku ponovo.;Мы отложили встречу. Нам нужно отложить поездку. Он снова отложил решение.;We postponed the meeting. We have to postpone the trip. He postponed the decision again.;;
954;time;1;Odmah;Одмах;assets/images/words/odmah.webp;assets/sounds/words/odmah.mp3;Сразу;Right away;Molim te, dođi odmah. Odmah sam se javio. Uradiću to odmah.;Пожалуйста, приходи немедленно. Я сразу же ответил. Я сделаю это сразу.;Please come right away. I responded right away. I'll do it right away.;;
955;time;1;Otprilike;Отприлике;assets/images/words/otprilike.webp;assets/sounds/words/otprilike.mp3;Примерно;Approximately;Stižem otprilike u pet. Ima otprilike sto ljudi. To traje otprilike sat.;Я приеду примерно в пять. Здесь примерно сто человек. Это длится примерно час.;I'll arrive at approximately five. There are approximately a hundred people. It takes about an hour.;;
956;time;1;Pauza;Пауза;assets/images/words/pauza.webp;assets/sounds/words/pauza.mp3;Перерыв;Break;Napravimo malu pauzu. Pauza traje pola sata. Vraćam se posle pauze.;Давай сделаем небольшой перерыв. Перерыв длится полчаса. Я вернусь после перерыва.;Let's take a short break. The break lasts half an hour. I'll be back after the break.;;
957;time;1;Podne;Подне;assets/images/words/podne.webp;assets/sounds/words/podne.mp3;Полдень;Noon;Sastajemo se u podne. Podne je najtoplije doba. Stigao sam tačno u podne.;Встречаемся в полдень. Полдень — самое жаркое время. Я приехал точно в полдень.;We're meeting at noon. Noon is the hottest time. I arrived exactly at noon.;;
958;time;1;Ponovo;Поново;assets/images/words/ponovo.webp;assets/sounds/words/ponovo.mp3;Снова;Again;Molim te, pokušaj ponovo. Vidimo se ponovo sutra. Ponovo sam zakasnio.;Пожалуйста, попробуй снова. Увидимся снова завтра. Я снова опоздал.;Please try again. See you again tomorrow. I was late again.;;
959;time;1;Ponoć;Поноћ;assets/images/words/ponoc.webp;assets/sounds/words/ponoc.mp3;Полночь;Midnight;Vratili smo se posle ponoći. Zabava traje do ponoći. Ponoć je najtiši trenutak.;Мы вернулись после полуночи. Вечеринка продлится до полуночи. Полночь — самый тихий момент.;We came back after midnight. The party runs until midnight. Midnight is the quietest moment.;;
960;time;1;Rano;Рано;assets/images/words/rano.webp;assets/sounds/words/rano.mp3;Рано;Early;Ustajem rano ujutru. Došao je prerano. Krenimo rano zbog gužve.;Я встаю рано утром. Он пришёл слишком рано. Выйдем рано из-за пробок.;I get up early in the morning. He came too early. Let's leave early because of traffic.;;
961;time;1;Raspored;Распоред;assets/images/words/raspored.webp;assets/sounds/words/raspored.mp3;Расписание;Schedule;Proveri raspored časova. Raspored se promenio. Nemam raspored za sutra.;Проверь расписание занятий. Расписание изменилось. У меня нет расписания на завтра.;Check the class schedule. The schedule has changed. I don't have a schedule for tomorrow.;;
962;time;1;Retko;Ретко;assets/images/words/retko.webp;assets/sounds/words/retko.mp3;Редко;Rarely;Retko izlazim noću. On retko kasni. Retko vidimo sneg ovde.;Я редко выхожу ночью. Он редко опаздывает. Здесь редко бывает снег.;I rarely go out at night. He is rarely late. We rarely see snow here.;;
963;time;1;Sat;Сат;assets/images/words/sat.webp;assets/sounds/words/sat.mp3;Час / часы;Hour / clock;Sat pokazuje deset. Čekao sam ceo sat. Kupio sam nov sat.;Часы показывают десять. Я ждал целый час. Я купил новые часы.;The clock shows ten. I waited a whole hour. I bought a new watch.;;
964;time;1;Sekunda;Секунда;assets/images/words/sekunda.webp;assets/sounds/words/sekunda.mp3;Секунда;Second;Sačekaj samo sekundu. Svaka sekunda je važna. Prošla je samo sekunda.;Подожди всего секунду. Каждая секунда важна. Прошла всего секунда.;Wait just a second. Every second matters. Only a second has passed.;;
965;time;1;Tačno;Тачно;assets/images/words/tacno.webp;assets/sounds/words/tacno.mp3;Точно;Exactly;Stigao sam tačno u pet. To je tačno. Da, tačno tako.;Я приехал точно в пять. Это верно. Да, именно так.;I arrived exactly at five. That's correct. Yes, exactly so.;;
966;time;1;Termin;Термин;assets/images/words/termin.webp;assets/sounds/words/termin.mp3;Запись;Appointment;Imam termin kod zubara. Zakazao sam termin sutra. Termin je otkazan.;У меня приём у стоматолога. Я записался на завтра. Приём отменён.;I have a dentist appointment. I made an appointment for tomorrow. The appointment is cancelled.;;
967;time;1;Trajati;Трајати;assets/images/words/trajati.webp;assets/sounds/words/trajati.mp3;Длиться;To last;Sastanak traje sat vremena. Koliko dugo traje film? Ovo stanje neće dugo trajati.;Встреча длится час. Сколько длится фильм? Это состояние не продлится долго.;The meeting lasts an hour. How long does the movie last? This state won't last long.;;
968;time;1;Trenutak;Тренутак;assets/images/words/trenutak.webp;assets/sounds/words/trenutak.mp3;Момент;Moment;Samo sačekaj trenutak. U tom trenutku sam se setio. Bio je poseban trenutak.;Просто подожди момент. В тот момент я вспомнил. Это был особенный момент.;Just wait a moment. At that moment I remembered. It was a special moment.;;
969;time;1;Unapred;Унапред;assets/images/words/unapred.webp;assets/sounds/words/unapred.mp3;Заранее;In advance;Rezerviši kartu unapred. Javi mi unapred. Sve smo planirali unapred.;Забронируй билет заранее. Сообщи мне заранее. Мы всё спланировали заранее.;Book the ticket in advance. Let me know in advance. We planned everything in advance.;;
970;time;1;Uskoro;Ускоро;assets/images/words/uskoro.webp;assets/sounds/words/uskoro.mp3;Скоро;Soon;Vidimo se uskoro. Uskoro počinje film. Stižem vrlo uskoro.;Увидимся скоро. Скоро начинается фильм. Я скоро приеду.;See you soon. The movie starts soon. I'll arrive very soon.;;
971;time;1;Veče;Вече;assets/images/words/vece.webp;assets/sounds/words/vece.mp3;Вечер;Evening;Vidimo se uveče. Veče je bilo lepo. Radim do večeri.;Увидимся вечером. Вечер был прекрасным. Я работаю до вечера.;See you in the evening. The evening was nice. I work until evening.;;
463;transport;1;Trolejbus;Тролејбус;assets/images/words/trolejbus.webp;assets/sounds/words/trolejbus.mp3;Троллейбус;Trolleybus;Trolejbus broj pet ide do centra. Čekam trolejbus na stanici. Trolejbus je pun ujutru.;Троллейбус номер пять идёт в центр. Я жду троллейбус на остановке. Утром троллейбус переполнен.;Trolleybus number five goes downtown. I'm waiting for the trolleybus at the stop. The trolleybus is full in the morning.;;
464;transport;1;Pešice;Пешице;assets/images/words/pesice.webp;assets/sounds/words/pesice.mp3;Пешком;On foot / walking;Idem pešice do posla. Pešice je brže. Vratili smo se pešice.;Я иду пешком на работу. Пешком быстрее. Мы вернулись пешком.;I walk to work. On foot is faster. We came back on foot.;;
465;transport;1;Mapa;Мапа;assets/images/words/mapa.webp;assets/sounds/words/mapa.mp3;Карта (местности);Map;Pogledaj mapu grada. Mapa pokazuje sve stanice. Nemam mapu sa sobom.;Посмотри на карту города. Карта показывает все станции. У меня нет с собой карты.;Look at the city map. The map shows all the stations. I don't have a map with me.;;
466;transport;1;Semafor;Семафор;assets/images/words/semafor.webp;assets/sounds/words/semafor.mp3;Светофор;Traffic light;Sačekaj zeleno na semaforu. Semafor je pokvaren. Skreni desno posle semafora.;Подожди зелёный на светофоре. Светофор сломан. Поверни направо после светофора.;Wait for the green light. The traffic light is broken. Turn right after the traffic light.;;
467;transport;1;Ulica;Улица;assets/images/words/ulica.webp;assets/sounds/words/ulica.mp3;Улица;Street;Živim na ovoj ulici. Ulica je danas zatvorena. Pređi ulicu pažljivo.;Я живу на этой улице. Улица сегодня закрыта. Переходи улицу осторожно.;I live on this street. The street is closed today. Cross the street carefully.;;
468;transport;1;Autobus;Аутобус;assets/images/words/autobus.webp;assets/sounds/words/autobus.mp3;Автобус;Bus;Autobus kasni deset minuta. Uhvatio sam poslednji autobus. Autobus staje svuda.;Автобус опаздывает на десять минут. Я успел на последний автобус. Автобус останавливается везде.;The bus is ten minutes late. I caught the last bus. The bus stops everywhere.;;
469;transport;1;Automobil;Аутомобил;assets/images/words/automobil.webp;assets/sounds/words/automobil.mp3;Автомобиль;Car;Kupio sam nov automobil. Automobil je parkiran napolju. Vozim automobil svaki dan.;Я купил новый автомобиль. Автомобиль припаркован снаружи. Я вожу машину каждый день.;I bought a new car. The car is parked outside. I drive the car every day.;;
470;transport;1;Avion;Авион;assets/images/words/avion.webp;assets/sounds/words/avion.mp3;Самолёт;Airplane;Avion poleće u podne. Prvi put letim avionom. Avion je sleteo danas.;Самолёт вылетает в полдень. Я впервые лечу на самолёте. Самолёт приземлился сегодня.;The plane takes off at noon. I'm flying by plane for the first time. The plane landed today.;;
471;transport;1;Bicikl;Бицикл;assets/images/words/bicikl.webp;assets/sounds/words/bicikl.mp3;Велосипед;Bicycle;Vozim bicikl svaki vikend. Kupio sam novi bicikl. Bicikl je parkiran napolju.;Я катаюсь на велосипеде каждые выходные. Я купил новый велосипед. Велосипед припаркован снаружи.;I ride my bike every weekend. I bought a new bicycle. The bicycle is parked outside.;;
472;transport;1;Brod;Брод;assets/images/words/brod.webp;assets/sounds/words/brod.mp3;Корабль;Ship / boat;Brod plovi ka ostrvu. Ukrcali smo se na brod. Brod je veliki i beo.;Корабль плывёт к острову. Мы сели на корабль. Корабль большой и белый.;The ship sails toward the island. We boarded the ship. The ship is big and white.;;
473;transport;1;Brz;Брз;assets/images/words/brz.webp;assets/sounds/words/brz.mp3;Быстрый;Fast;Ovaj voz je brz. Vozi previše brzo. Treba mi brz odgovor.;Этот поезд быстрый. Он едет слишком быстро. Мне нужен быстрый ответ.;This train is fast. He drives too fast. I need a fast answer.;;
474;transport;1;Karta;Карта;assets/images/words/karta.webp;assets/sounds/words/karta.mp3;Билет;Ticket;Kupio sam kartu danas. Nemam kartu kod sebe. Karta košta pet evra.;Я купил билет сегодня. У меня нет с собой билета. Билет стоит пять евро.;I bought a ticket today. I don't have my ticket with me. The ticket costs five euros.;;
475;transport;1;Kretati;Кретати;assets/images/words/kretati.webp;assets/sounds/words/kretati.mp3;Двигаться;To move / to depart;Voz počinje da kreće. Kolona se sporo kreće. Vreme je da krenemo.;Поезд начинает движение. Колонна движется медленно. Пора отправляться.;The train starts moving. The line is moving slowly. It's time to get going.;;
476;transport;1;Metro;Метро;assets/images/words/metro.webp;assets/sounds/words/metro.mp3;Метро;Subway / metro;Idem metroom do posla. Metro je brz i jeftin. Stanica metroa je blizu.;Я езжу на метро на работу. Метро быстрое и дешёвое. Станция метро рядом.;I take the subway to work. The subway is fast and cheap. The metro station is close.;;
477;transport;1;Parking;Паркинг;assets/images/words/parking.webp;assets/sounds/words/parking.mp3;Парковка;Parking lot;Parking je pun. Nema mesta na parkingu. Parking je besplatan nedeljom.;Парковка заполнена. На парковке нет мест. По воскресеньям парковка бесплатна.;The parking lot is full. There's no space in the parking lot. Parking is free on Sundays.;;
478;transport;1;Parkirati;Паркирати;assets/images/words/parkirati.webp;assets/sounds/words/parkirati.mp3;Парковать;To park;Gde mogu parkirati auto? Zabranjeno je parkirati ovde. Parkirao sam pored zgrade.;Где припарковать машину? Здесь запрещено парковаться. Я припарковался рядом со зданием.;Where can I park the car? Parking is forbidden here. I parked next to the building.;;
479;transport;1;Peron;Перон;assets/images/words/peron.webp;assets/sounds/words/peron.mp3;Перрон;Platform;Voz stiže na peron. Čekam na peronu. Peron je pun putnika.;Поезд прибывает на перрон. Я жду на перроне. Перрон полон пассажиров.;The train arrives at the platform. I'm waiting on the platform. The platform is full of passengers.;;
480;transport;1;Pravac;Правац;assets/images/words/pravac.webp;assets/sounds/words/pravac.mp3;Направление;Direction;Idemo u pogrešnom pravcu. Koji pravac vodi do centra? Promenili smo pravac.;Мы едем в неправильном направлении. Какое направление к центру? Мы сменили направление.;We're going in the wrong direction. Which direction leads downtown? We changed direction.;;
481;transport;1;Presedanje;Преседање;assets/images/words/presedanje.webp;assets/sounds/words/presedanje.mp3;Пересадка;Transfer / connection;Imam presedanje u Beogradu. Presedanje traje sat vremena. Nemamo vremena za presedanje.;У меня пересадка в Белграде. Пересадка длится час. У нас нет времени на пересадку.;I have a connection in Belgrade. The transfer takes an hour. We don't have time for the transfer.;;
482;transport;1;Prtljag;Пртљаг;assets/images/words/prtljag.webp;assets/sounds/words/prtljag.mp3;Багаж;Luggage;Moj prtljag je izgubljen. Nosim težak prtljag. Prtljag je na traci.;Мой багаж потерян. Я несу тяжёлый багаж. Багаж на ленте.;My luggage is lost. I'm carrying heavy luggage. The luggage is on the belt.;;
483;transport;1;Put;Пут;assets/images/words/put.webp;assets/sounds/words/put.mp3;Дорога / путь;Road / trip;Put je dug i naporan. Srećan ti put! Ovaj put vodi do mora.;Дорога длинная и утомительная. Счастливого тебе пути! Эта дорога ведёт к морю.;The road is long and tiring. Have a great trip! This road leads to the sea.;;
484;transport;1;Putnik;Путник;assets/images/words/putnik.webp;assets/sounds/words/putnik.mp3;Пассажир;Passenger;Autobus prevozi pedeset putnika. Putnik je zaboravio torbu. Svi putnici su ušli.;Автобус перевозит пятьдесят пассажиров. Пассажир забыл сумку. Все пассажиры сели.;The bus carries fifty passengers. The passenger forgot his bag. All the passengers got on.;;
485;transport;1;Putovati;Путовати;assets/images/words/putovati.webp;assets/sounds/words/putovati.mp3;Путешествовать;To travel;Volim da putujem avionom. Putujemo zajedno svako leto. Putovati sam je zanimljivo.;Я люблю путешествовать на самолёте. Мы путешествуем вместе каждое лето. Путешествовать одному интересно.;I love traveling by plane. We travel together every summer. Traveling alone is interesting.;;
486;transport;1;Red;Ред;assets/images/words/red.webp;assets/sounds/words/red.mp3;Очередь / порядок / ряд;Order, schedule, queue;Stani u red. Red vožnje se menja. Sve je u redu.;Встань в очередь. Расписание меняется. Всё в порядке.;Get in line. The schedule is changing. Everything is fine.;;
487;transport;1;Sedište;Седиште;assets/images/words/sediste.webp;assets/sounds/words/sediste.mp3;Сиденье;Seat;Ovo je moje sedište. Sedište pored prozora je slobodno. Rezervisao sam sedište unapred.;Это моё место. Место у окна свободно. Я забронировал место заранее.;This is my seat. The window seat is free. I booked a seat in advance.;;
488;transport;1;Silaziti;Силазити;assets/images/words/silaziti.webp;assets/sounds/words/silaziti.mp3;Выходить;To get off;Silazim na sledećoj stanici. Gde treba da siđem? Putnici počinju da silaze.;Я выхожу на следующей остановке. Где мне нужно выйти? Пассажиры начинают выходить.;I'm getting off at the next stop. Where should I get off? The passengers start getting off.;;
489;transport;1;Spor;Спор;assets/images/words/spor.webp;assets/sounds/words/spor.mp3;Медленный;Slow;Ovaj voz je spor. Saobraćaj je danas spor. Internet je previše spor.;Этот поезд медленный. Сегодня движение медленное. Интернет слишком медленный.;This train is slow. Traffic is slow today. The internet is too slow.;;
99;bakery;2;Kifla;Кифла;assets/images/words/kifla.webp;assets/sounds/words/kifla.mp3;Рогалик;Croissant / crescent roll;Kupio sam kiflu jutros. Kifla je još topla. Volim kiflu sa sirom.;Я купил рогалик утром. Рогалик ещё тёплый. Я люблю рогалик с сыром.;I bought a croissant this morning. The croissant is still warm. I like a croissant with cheese.;;
100;bakery;2;Zemička;Земичка;assets/images/words/zemicka.webp;assets/sounds/words/zemicka.mp3;Булочка;Bun / roll;Zemička je sveža. Kupio sam pet zemički. Sendvič je od zemičke.;Булочка свежая. Я купил пять булочек. Сэндвич из булочки.;The bun is fresh. I bought five buns. The sandwich is made with a bun.;;
101;bakery;2;Burek;Бурек;assets/images/words/burek.webp;assets/sounds/words/burek.mp3;Бурек;Burek (savory pastry);Jedem burek sa sirom. Burek je vruć. Kupujem burek svako jutro.;Я ем бурек с сыром. Бурек горячий. Я покупаю бурек каждое утро.;I eat burek with cheese. The burek is hot. I buy burek every morning.;;
102;bakery;2;Krofna;Крофна;assets/images/words/krofna.webp;assets/sounds/words/krofna.mp3;Пончик;Doughnut;Krofna je slatka. Deca vole krofne. Kupio sam krofnu danas.;Пончик сладкий. Дети любят пончики. Я купил пончик сегодня.;The doughnut is sweet. Kids love doughnuts. I bought a doughnut today.;;
103;bakery;2;Sveže;Свеже;assets/images/words/sveze.webp;assets/sounds/words/sveze.mp3;Свежее / свежо;Fresh;Hleb je sveže pečen. Ovo je sveže povrće. Voli sveže voće.;Хлеб свежеиспечённый. Это свежие овощи. Он любит свежие фрукты.;The bread is freshly baked. These are fresh vegetables. He likes fresh fruit.;;
104;bakery;2;Parče;Парче;assets/images/words/parce.webp;assets/sounds/words/parce.mp3;Кусок;Piece / slice;Daj mi parče hleba. Pojeo sam parče torte. Ovo je malo parče.;Дай мне кусок хлеба. Я съел кусок торта. Это маленький кусочек.;Give me a piece of bread. I ate a piece of cake. This is a small piece.;;
105;bakery;2;Izbor;Избор;assets/images/words/izbor.webp;assets/sounds/words/izbor.mp3;Выбор;Choice / selection;Imamo veliki izbor hleba. Napravio sam dobar izbor. Nemam nikakvog izbora.;У нас большой выбор хлеба. Я сделал хороший выбор. У меня нет выбора.;We have a big selection of bread. I made a good choice. I have no choice at all.;;
106;bakery;2;Vitrina;Витрина;assets/images/words/vitrina.webp;assets/sounds/words/vitrina.mp3;Витрина;Display case;Kolači su u vitrini. Pogledaj ovu vitrinu. Vitrina je puna peciva.;Пирожные в витрине. Посмотри на эту витрину. Витрина полна выпечки.;The pastries are in the display case. Look at this display case. The display case is full of baked goods.;;
107;bakery;2;Somun;Сомун;assets/images/words/somun.webp;assets/sounds/words/somun.mp3;Сомун;Somun (flatbread);Somun je topao. Kupio sam somun danas. Somun peku u pekari.;Сомун тёплый. Я купил сомун сегодня. Сомун пекут в пекарне.;The somun is warm. I bought somun today. Somun is baked at the bakery.;;
108;bakery;2;Lepinja;Лепиња;assets/images/words/lepinja.webp;assets/sounds/words/lepinja.mp3;Лепинья;Lepinja (flatbread);Lepinja je mekana iznutra. Sendvič je u lepinji. Kupio sam dve lepinje.;Лепинья мягкая внутри. Сэндвич в лепинье. Я купил две лепиньи.;The lepinja is soft inside. The sandwich is in a lepinja. I bought two lepinjas.;;
109;bakery;2;Pogača;Погача;assets/images/words/pogaca.webp;assets/sounds/words/pogaca.mp3;Погача;Pogača (flatbread);Pogača se peče brzo. Volim toplu pogaču. Pogača ima ukusnu koricu.;Погача печётся быстро. Я люблю тёплую погачу. У погачи вкусная корочка.;Pogača bakes quickly. I love warm pogača. Pogača has a tasty crust.;;
110;bakery;2;Sendvič;Сендвич;assets/images/words/sendvic.webp;assets/sounds/words/sendvic.mp3;Сэндвич;Sandwich;Napravio sam sendvič danas. Kupujem sendvič za ručak. Ovaj sendvič je ukusan.;Я сделал сэндвич сегодня. Я покупаю сэндвич на обед. Этот сэндвич вкусный.;I made a sandwich today. I'm buying a sandwich for lunch. This sandwich is delicious.;;
111;bakery;2;Miris;Мирис;assets/images/words/miris.webp;assets/sounds/words/miris.mp3;Запах;Smell / scent;Miris hleba je divan. Osećam miris kafe. Miris iz ove pekare širi se ulicom.;Запах хлеба чудесен. Я чувствую запах кофе. Запах из этой пекарни разносится по улице.;The smell of bread is wonderful. I smell coffee. The smell from this bakery spreads down the street.;;
112;bakery;2;Poneti;Понети;assets/images/words/poneti.webp;assets/sounds/words/poneti.mp3;Взять с собой;To take along / to take away;Mogu li ovo poneti? Poneo je hleb sa sobom. Ponesi kišobran, možda će padati kiša.;Могу я это взять? Он взял хлеб с собой. Возьми зонт, может пойти дождь.;Can I take this? He took bread with him. Take an umbrella, it might rain.;;
113;bakery;2;Džem;Џем;assets/images/words/dzem.webp;assets/sounds/words/dzem.mp3;Варенье;Jam;Volim džem od jagode. Namaži hleb džemom. Kupio sam teglu džema.;Я люблю клубничное варенье. Намажь хлеб джемом. Я купил банку варенья.;I love strawberry jam. Spread jam on the bread. I bought a jar of jam.;;
114;bakery;2;Med;Мед;assets/images/words/med.webp;assets/sounds/words/med.mp3;Мёд;Honey;Pijem čaj sa medom. Med je zdrav. Kupio sam domaći med.;Я пью чай с мёдом. Мёд полезен. Я купил домашний мёд.;I drink tea with honey. Honey is healthy. I bought homemade honey.;;
115;bakery;2;Đevrek;Ђеврек;assets/images/words/djevrek.webp;assets/sounds/words/djevrek.mp3;Джеврек;Đevrek (ring-shaped bread);Đevrek je posut susamom. Kupio sam topao đevrek. Deca vole đevrek.;Джеврек посыпан кунжутом. Я купил тёплый джеврек. Дети любят джеврек.;The đevrek is sprinkled with sesame. I bought a warm đevrek. Kids love đevrek.;;
116;bakery;2;Perece;Переце;assets/images/words/perece.webp;assets/sounds/words/perece.mp3;Крендельки;Pretzels;Volim slane perece. Kupio sam kesu pereca. Perece su hrskave.;Я люблю солёные крендельки. Я купил пакет кренделей. Крендельки хрустящие.;I like salty pretzels. I bought a bag of pretzels. The pretzels are crunchy.;;
117;bakery;2;Sirnica;Сирница;assets/images/words/sirnica.webp;assets/sounds/words/sirnica.mp3;Сирница;Cheese pie (burek with cheese);Sirnica je moja omiljena pita. Kupio sam toplu sirnicu. Sirnica ima puno sira.;Сирница — мой любимый пирог. Я купил тёплую сирницу. В сирнице много сыра.;Cheese pie is my favorite pastry. I bought a warm cheese pie. The cheese pie has a lot of cheese.;;
118;bakery;2;Pita;Пита;assets/images/words/pita.webp;assets/sounds/words/pita.mp3;Пирог;Pie / pastry;Pita sa jabukama je ukusna. Napravila sam pitu za goste. Volim pitu od višanja.;Пирог с яблоками вкусный. Я приготовила пирог для гостей. Я люблю пирог с вишней.;The apple pie is delicious. I made a pie for the guests. I love cherry pie.;;
119;bakery;2;Vanilice;Ванилице;assets/images/words/vanilice.webp;assets/sounds/words/vanilice.mp3;Ванильки;Vanilla cookies;Vanilice se prave za praznike. Kupio sam kutiju vanilica. Vanilice imaju džem u sredini.;Ванильки готовят к праздникам. Я купил коробку ваниличек. У ваниличек внутри джем.;Vanilice are made for holidays. I bought a box of vanilla cookies. Vanilice have jam in the middle.;;
120;bakery;2;Štrudla;Штрудла;assets/images/words/strudla.webp;assets/sounds/words/strudla.mp3;Штрудель;Strudel;Štrudla sa jabukama je klasika. Kupio sam parče štrudle. Štrudla je još topla.;Штрудель с яблоками — классика. Я купил кусок штруделя. Штрудель ещё тёплый.;Apple strudel is a classic. I bought a slice of strudel. The strudel is still warm.;;
121;bakery;2;Punjenje;Пуњење;assets/images/words/punjenje.webp;assets/sounds/words/punjenje.mp3;Начинка;Filling;Punjenje je od sira. Volim pite sa mesnim punjenjem. Kolač ima čokoladno punjenje.;Начинка из сыра. Я люблю пироги с мясной начинкой. У торта шоколадная начинка.;The filling is cheese. I like pies with meat filling. The cake has a chocolate filling.;;
122;bakery;2;Domaće;Домаће;assets/images/words/domace.webp;assets/sounds/words/domace.mp3;Домашнее;Homemade;Ovo je domaće pecivo. Volim domaći hleb. Domaće je uvek ukusnije.;Это домашняя выпечка. Я люблю домашний хлеб. Домашнее всегда вкуснее.;This is homemade pastry. I love homemade bread. Homemade is always tastier.;;
123;bakery;2;Sastojci;Састојци;assets/images/words/sastojci.webp;assets/sounds/words/sastojci.mp3;Ингредиенты;Ingredients;Kakvi su sastojci u ovom kolaču? Svi sastojci su prirodni. Proveri sastojke na etiketi.;Какие ингредиенты в этом торте? Все ингредиенты натуральные. Проверь ингредиенты на этикетке.;What are the ingredients in this cake? All the ingredients are natural. Check the ingredients on the label.;;
124;bakery;2;Puter;Путер;assets/images/words/puter.webp;assets/sounds/words/puter.mp3;Сливочное масло;Butter;Namaži hleb puterom. Kolač se pravi sa puterom. Kupio sam pakovanje putera.;Намажь хлеб маслом. Торт готовят со сливочным маслом. Я купил пачку масла.;Spread butter on the bread. The cake is made with butter. I bought a pack of butter.;;
125;bakery;2;Jaja;Јаја;assets/images/words/jaja.webp;assets/sounds/words/jaja.mp3;Яйца;Eggs;Kupio sam kutiju jaja. Za kolač su potrebna tri jaja. Jedem jaja za doručak.;Я купил упаковку яиц. Для торта нужно три яйца. Я ем яйца на завтрак.;I bought a box of eggs. The cake needs three eggs. I eat eggs for breakfast.;;
126;bakery;2;Šunka;Шунка;assets/images/words/sunka.webp;assets/sounds/words/sunka.mp3;Ветчина;Ham;Sendvič sa šunkom je ukusan. Kupio sam sveže isečenu šunku. Volim šunku i sir.;Сэндвич с ветчиной вкусный. Я купил свежую нарезанную ветчину. Я люблю ветчину и сыр.;The ham sandwich is delicious. I bought freshly sliced ham. I love ham and cheese.;;
127;bakery;2;Salama;Салама;assets/images/words/salama.webp;assets/sounds/words/salama.mp3;Салями;Salami;Sendvič ima salamu i sir. Kupio sam pola kile salame. Salama je ljuta.;В сэндвиче есть салями и сыр. Я купил полкило салями. Салями острая.;The sandwich has salami and cheese. I bought half a kilo of salami. The salami is spicy.;;
128;bakery;2;Naručiti;Наручити;assets/images/words/naruciti.webp;assets/sounds/words/naruciti.mp3;Заказать;To order;Želim da naručim kafu. Mogu li da naručim burek? Naručio sam dva sendviča.;Я хочу заказать кофе. Могу ли я заказать бурек? Я заказал два сэндвича.;I want to order coffee. Can I order a burek? I ordered two sandwiches.;;
129;bakery;2;Gluten;Глутен;assets/images/words/gluten.webp;assets/sounds/words/gluten.mp3;Глютен;Gluten;Ovaj hleb ne sadrži gluten. Alergičan sam na gluten. Da li imate proizvode bez glutena?;Этот хлеб не содержит глютен. У меня аллергия на глютен. У вас есть безглютеновые продукты?;This bread doesn't contain gluten. I'm allergic to gluten. Do you have gluten-free products?;;
130;bakery;2;Vegansko;Веганско;assets/images/words/vegansko.webp;assets/sounds/words/vegansko.mp3;Веганское;Vegan;Imate li vegansko pecivo? Ovo je vegansko testo. Kolač je potpuno vegansko.;У вас есть веганская выпечка? Это веганское тесто. Торт полностью веганский.;Do you have vegan pastries? This is vegan dough. The cake is completely vegan.;;
131;bakery;2;Orasi;Ораси;assets/images/words/orasi.webp;assets/sounds/words/orasi.mp3;Орехи;Walnuts;Kolač je posut orasima. Volim tortu sa orasima. Kupio sam kesu oraha.;Торт посыпан грецкими орехами. Я люблю торт с грецкими орехами. Я купил пакет орехов.;The cake is sprinkled with walnuts. I love walnut cake. I bought a bag of walnuts.;;
132;bakery;2;Susam;Сусам;assets/images/words/susam.webp;assets/sounds/words/susam.mp3;Кунжут;Sesame;Hleb je posut susamom. Volim perece sa susamom. Susam daje poseban ukus.;Хлеб посыпан кунжутом. Я люблю крендельки с кунжутом. Кунжут придаёт особый вкус.;The bread is sprinkled with sesame. I like pretzels with sesame. Sesame gives a special flavor.;;
133;bakery;2;Mak;Мак;assets/images/words/mak.webp;assets/sounds/words/mak.mp3;Мак;Poppy seed;Štrudla sa makom je ukusna. Volim kolač sa makom. Posuto je makom.;Штрудель с маком вкусный. Я люблю торт с маком. Посыпано маком.;Poppy seed strudel is delicious. I love poppy seed cake. It's sprinkled with poppy seeds.;;
134;bakery;2;Kajmak;Кајмак;assets/images/words/kajmak.webp;assets/sounds/words/kajmak.mp3;Каймак;Kaymak (creamy dairy spread);Hleb sa kajmakom je ukusan. Kupio sam sveži kajmak. Kajmak se jede uz somun.;Хлеб с каймаком вкусный. Я купил свежий каймак. Каймак едят с сомуном.;Bread with kaymak is delicious. I bought fresh kaymak. Kaymak is eaten with somun.;;
1135;beauty;2;Salon;Салон;assets/images/words/salon.webp;assets/sounds/words/salon.mp3;Салон;Salon;Idem u salon lepote sutra. Ovaj salon nudi razne tretmane. Salon je otvoren od devet do sedam.;Завтра я иду в салон красоты. Этот салон предлагает разные процедуры. Салон открыт с девяти до семи.;I'm going to the beauty salon tomorrow. This salon offers various treatments. The salon is open from nine to seven.;;
1136;beauty;2;Šišanje;Шишање;assets/images/words/sisanje.webp;assets/sounds/words/sisanje.mp3;Стрижка;Haircut;Šišanje traje oko pola sata. Volim kratko šišanje leti. Danas imam zakazano šišanje u četiri.;Стрижка длится около получаса. Летом я люблю короткую стрижку. Сегодня у меня стрижка записана на четыре.;A haircut takes about half an hour. I like a short haircut in summer. Today I have a haircut booked for four o'clock.;;
1137;beauty;2;Farbanje;Фарбање;assets/images/words/farbanje.webp;assets/sounds/words/farbanje.mp3;Окрашивание;Coloring / dyeing;Farbanje kose može oštetiti vlasi. Odlučila sam se za farbanje u plavu boju. Farbanje traje duže od šišanja.;Окрашивание волос может повредить пряди. Я решила покраситься в светлый цвет. Окрашивание занимает больше времени, чем стрижка.;Hair coloring can damage the strands. I decided to dye my hair blonde. Coloring takes longer than a haircut.;;
1138;beauty;2;Manikir;Маникир;assets/images/words/manikir.webp;assets/sounds/words/manikir.mp3;Маникюр;Manicure;Manikir mi je poslednji put radila drugarica. Volim redovno da radim manikir. Manikir sa gel lakom traje duže.;Маникюр мне в последний раз делала подруга. Я люблю регулярно делать маникюр. Маникюр с гель-лаком держится дольше.;My friend did my manicure last time. I like getting a manicure regularly. A manicure with gel polish lasts longer.;;
1139;beauty;2;Pedikir;Педикир;assets/images/words/pedikir.webp;assets/sounds/words/pedikir.mp3;Педикюр;Pedicure;Pre leta uvek radim pedikir. Pedikir je danas na popustu. Volim kada mi nokti na nogama izgledaju uredno posle pedikira.;Перед летом я всегда делаю педикюр. Сегодня педикюр со скидкой. Мне нравится, когда ногти на ногах выглядят аккуратно после педикюра.;I always get a pedicure before summer. The pedicure is on discount today. I like it when my toenails look neat after a pedicure.;;
1140;beauty;2;Nokti;Нокти;assets/images/words/nokti.webp;assets/sounds/words/nokti.mp3;Ногти;Nails;Njeni nokti su uvek besprekorno urađeni. Slomila sam nokat na ruci. Volim kratke i negovane nokte.;Её ногти всегда безупречно сделаны. Я сломала ноготь на руке. Мне нравятся короткие и ухоженные ногти.;Her nails are always impeccably done. I broke a nail on my hand. I like short, well-groomed nails.;;
1141;beauty;2;Zakazujem;Заказујем;assets/images/words/zakazujem.webp;assets/sounds/words/zakazujem.mp3;Записываюсь;I'm booking;Zakazujem termin za sledeću sredu. Uvek zakazujem šišanje unapred. Zakazujem masažu preko telefona.;Я записываюсь на приём на следующую среду. Я всегда заранее записываюсь на стрижку. Я записываюсь на массаж по телефону.;I'm booking an appointment for next Wednesday. I always book my haircut in advance. I'm booking a massage over the phone.;;
1142;beauty;2;Usluga;Услуга;assets/images/words/usluga.webp;assets/sounds/words/usluga.mp3;Услуга;Service;Ova usluga košta dve hiljade dinara. Salon nudi mnogo usluga za negu kose. Usluga je bila brza i profesionalna.;Эта услуга стоит две тысячи динаров. Салон предлагает много услуг по уходу за волосами. Услуга была быстрой и профессиональной.;This service costs two thousand dinars. The salon offers many hair care services. The service was quick and professional.;;
1143;beauty;2;Kratko;Кратко;assets/images/words/kratko.webp;assets/sounds/words/kratko.mp3;Коротко;Short;Ošišala sam se jako kratko. Ova haljina mi je prekratka. Kosa mu je kratko podšišana sa strane.;Я подстриглась очень коротко. Это платье мне слишком короткое. У него волосы коротко подстрижены по бокам.;I got my hair cut very short. This dress is too short for me. His hair is cut short on the sides.;;
1144;beauty;2;Dugo;Дуго;assets/images/words/dugo.webp;assets/sounds/words/dugo.mp3;Долго;Long;Kosa joj pada dugo niz leđa. Čekala sam dugo na svoj red. Ovaj tretman traje predugo.;Её волосы длинные, до самой спины. Я долго ждала своей очереди. Эта процедура длится слишком долго.;Her hair falls long down her back. I waited a long time for my turn. This treatment takes too long.;;
1145;beauty;2;Šišati;Шишати;assets/images/words/sisati.webp;assets/sounds/words/sisati.mp3;Стричь;To cut hair, get a haircut;Idem da se šišam sutra. Frizer me je lepo ošišao. Šišam se svakih mesec dana.;Завтра я иду стричься. Парикмахер меня хорошо подстриг. Я стригусь каждый месяц.;I'm going to get a haircut tomorrow. The hairdresser cut my hair nicely. I get a haircut every month.;;
1146;beauty;2;Feniranje;Фенирање;assets/images/words/feniranje.webp;assets/sounds/words/feniranje.mp3;Укладка;Blow-drying;Feniranje mi frizerka radi na kraju. Volim kad feniranje traje kratko. Feniranje daje kosi lep volumen.;Укладку феном парикмахер делает мне в конце. Мне нравится, когда укладка феном занимает мало времени. Укладка феном придаёт волосам красивый объём.;The hairdresser blow-dries my hair at the end. I like it when the blow-drying is quick. Blow-drying gives the hair nice volume.;;
1147;beauty;2;Uvijanje;Увијање;assets/images/words/uvijanje.webp;assets/sounds/words/uvijanje.mp3;Завивка;Curling;Uvijanje kose radim viklerima. Za venčanje sam izabrala uvijanje. Uvijanje traje duže od feniranja.;Завивку волос я делаю бигуди. На свадьбу я выбрала завивку. Завивка занимает больше времени, чем укладка феном.;I curl my hair with curlers. For the wedding I chose curling. Curling takes longer than blow-drying.;;
1148;beauty;2;Ravnanje;Равнање;assets/images/words/ravnanje.webp;assets/sounds/words/ravnanje.mp3;Выпрямление;Straightening;Ravnanje kose traje sat vremena. Uradila je ravnanje pre venčanja. Ravnanje zuba je dugotrajan proces.;Выпрямление волос занимает час. Она сделала выпрямление перед свадьбой. Выравнивание зубов — долгий процесс.;Hair straightening takes an hour. She got a straightening treatment before the wedding. Teeth straightening is a long process.;;
1149;beauty;2;Šamponiranje;Шампонирање;assets/images/words/samponiranje.webp;assets/sounds/words/samponiranje.mp3;Мытьё шампунем;Shampooing;Šamponiranje je prvi korak u frizerskom salonu. Volim nežno šamponiranje sa masažom glave. Šamponiranje traje pet minuta.;Мытьё шампунем — первый этап в парикмахерской. Мне нравится нежное мытьё головы с массажем. Мытьё шампунем занимает пять минут.;Shampooing is the first step at the hairdresser's. I like gentle shampooing with a scalp massage. Shampooing takes five minutes.;;
1150;beauty;2;Regenerator;Регенератор;assets/images/words/regenerator.webp;assets/sounds/words/regenerator.mp3;Кондиционер;Conditioner;Posle šampona uvek koristim regenerator. Ovaj regenerator čini kosu mekšom. Nanela sam regenerator samo na vrhove kose.;После шампуня я всегда использую кондиционер. Этот кондиционер делает волосы мягче. Я нанесла кондиционер только на кончики волос.;After shampoo I always use conditioner. This conditioner makes hair softer. I applied conditioner only to the ends of my hair.;;
1151;beauty;2;Trajna;Трајна;assets/images/words/trajna.webp;assets/sounds/words/trajna.mp3;Химическая завивка;Perm;Uradila sam trajnu pre deset godina. Trajna daje kosi prirodne kovrdže. Trajna može oštetiti kosu ako se radi prečesto.;Я сделала химическую завивку десять лет назад. Химическая завивка придаёт волосам естественные локоны. Химическая завивка может повредить волосы, если делать её слишком часто.;I got a perm ten years ago. A perm gives the hair natural curls. A perm can damage hair if done too often.;;
1152;beauty;2;Šiške;Шишке;assets/images/words/siske.webp;assets/sounds/words/siske.mp3;Чёлка;Bangs / fringe;Podšišala sam šiške da mi ne smetaju u oči. Šiške joj lepo uokviruju lice. Odlučila sam da pustim šiške da rastu.;Я подстригла чёлку, чтобы не лезла в глаза. Чёлка красиво обрамляет её лицо. Я решила отрастить чёлку.;I trimmed my bangs so they wouldn't get in my eyes. Her bangs nicely frame her face. I decided to grow out my bangs.;;
1153;beauty;2;Brijanje;Бријање;assets/images/words/brijanje.webp;assets/sounds/words/brijanje.mp3;Бритьё;Shaving;Brijanje obavljam svakog jutra. Posle brijanja koristim losion. Brijanje britvom je preciznije od mašinice.;Бритьё я делаю каждое утро. После бритья я использую лосьон. Бритьё лезвием точнее, чем машинкой.;I shave every morning. After shaving I use lotion. Shaving with a razor is more precise than with a trimmer.;;
1099;cafe;2;Slamčica;Сламчица;assets/images/words/slamcica.webp;assets/sounds/words/slamcica.mp3;Соломинка;Straw;Treba mi slamčica sada. Slamčica je od papira. Pijem preko slamčice.;Мне нужна соломинка сейчас. Соломинка бумажная. Я пью через соломинку.;I need a straw now. The straw is made of paper. I drink through a straw.;;
1109;cafe;2;Biljni;Биљни;assets/images/words/biljni.webp;assets/sounds/words/biljni.mp3;Растительный;Herbal, plant-based;Imate li biljno mleko? Popio sam biljni čaj. Biljno mleko je ukusno.;У вас есть растительное молоко? Я выпил травяной чай. Растительное молоко вкусное.;Do you have plant milk? I drank herbal tea. Plant milk is tasty.;;
1110;cafe;2;Prirodan;Природан;assets/images/words/prirodan.webp;assets/sounds/words/prirodan.mp3;Природный;Natural;Ovaj sok je prirodan. Volim prirodan ukus kafe. Koristimo prirodne sastojke.;Этот сок натуральный. Мне нравится натуральный вкус кофе. Мы используем натуральные ингредиенты.;This juice is natural. I like the natural taste of coffee. We use natural ingredients.;;
1111;cafe;2;Šlag;Шлаг;assets/images/words/slag.webp;assets/sounds/words/slag.mp3;Взбитые сливки;Whipped cream;Kafa je sa šlagom. Volim šlag na vrhu. Dodaj šlag na kolač.;Кофе со взбитыми сливками. Я люблю взбитые сливки сверху. Добавь взбитые сливки на торт.;The coffee is with whipped cream. I love whipped cream on top. Add whipped cream to the cake.;;
1112;cafe;2;Brunch;Брунцх;assets/images/words/brunch.webp;assets/sounds/words/brunch.mp3;Бранч;Brunch;Idemo na brunch nedeljom. Brunch uključuje jaja i palačinke. Brunch je popularan vikendom.;По воскресеньям мы ходим на бранч. Бранч включает яйца и блины. Бранч популярен по выходным.;We go for brunch on Sundays. Brunch includes eggs and pancakes. Brunch is popular on weekends.;;
1113;cafe;2;Zauzeto;Заузето;assets/images/words/zauzeto.webp;assets/sounds/words/zauzeto.mp3;Занято;Occupied;Ovaj sto je zauzet. Zauzeto je, sačekajte malo. Sva mesta su zauzeta.;Этот столик занят. Занято, подождите немного. Все места заняты.;This table is occupied. It's occupied, please wait a bit. All the seats are occupied.;;
1114;cafe;2;Čekanje;Чекање;assets/images/words/cekanje.webp;assets/sounds/words/cekanje.mp3;Ожидание;Waiting;Čekanje traje dvadeset minuta. Nismo navikli na čekanje. Čekanje je bilo vredno.;Ожидание длится двадцать минут. Мы не привыкли к ожиданию. Ожидание того стоило.;The waiting time is twenty minutes. We're not used to waiting. The waiting was worth it.;;
1116;cafe;2;Trska;Трска;assets/images/words/trska.webp;assets/sounds/words/trska.mp3;Тростник;Reed / cane;Molim vas slamku od trske umesto plastične. Trska raste pored reke. Popio je sok kroz trsku.;Пожалуйста, тростниковую соломинку вместо пластиковой. Тростник растёт у реки. Он пил сок через тростниковую соломинку.;A cane straw instead of a plastic one, please. Reeds grow by the river. He drank the juice through a reed straw.;;
1117;cafe;2;Uživo;Уживо;assets/images/words/uzivo.webp;assets/sounds/words/uzivo.mp3;Вживую;Live;Večeras sviraju muziku uživo. Volim da slušam muziku uživo u kafiću. Koncert uživo je bio odličan.;Сегодня вечером играют живую музыку. Я люблю слушать живую музыку в кафе. Живой концерт был отличным.;They're playing live music tonight. I love listening to live music at the café. The live concert was great.;;
1118;cafe;2;Pušenje;Пушење;assets/images/words/pusenje.webp;assets/sounds/words/pusenje.mp3;Курение;Smoking;Pušenje je zabranjeno u zatvorenom prostoru. Ova terasa je za pušenje. Pušenje šteti zdravlju.;Курение запрещено в помещении. Эта терраса для курения. Курение вредит здоровью.;Smoking is forbidden indoors. This terrace is for smoking. Smoking is harmful to health.;;
1119;cafe;2;Stalan;Сталан;assets/images/words/stalan.webp;assets/sounds/words/stalan.mp3;Постоянный;Constant, permanent;On je stalan gost ovog kafića. Ima stalan sto pored prozora. Stalna mušterija dobija popust.;Он постоянный гость этого кафе. У него постоянный столик у окна. Постоянный клиент получает скидку.;He's a regular guest at this café. He has a permanent table by the window. A regular customer gets a discount.;;
1121;cafe;2;Kofein;Кофеин;assets/images/words/kofein.webp;assets/sounds/words/kofein.mp3;Кофеин;Caffeine;Ova kafa ima manje kofeina. Kofein me drži budnim. Popio sam previše kofeina danas.;В этом кофе меньше кофеина. Кофеин держит меня бодрым. Сегодня я выпил слишком много кофеина.;This coffee has less caffeine. Caffeine keeps me awake. I've had too much caffeine today.;;
1122;cafe;2;Dodatan;Додатан;assets/images/words/dodatan.webp;assets/sounds/words/dodatan.mp3;Дополнительный;Additional;Naplaćuju dodatan šećer. Želim dodatnu kafu. Ima dodatni sto na terasi.;За дополнительный сахар берут плату. Я хочу ещё один кофе. На террасе есть дополнительный столик.;They charge for extra sugar. I want an additional coffee. There's an extra table on the terrace.;;
1123;cafe;2;Jelo;Јело;assets/images/words/jelo.webp;assets/sounds/words/jelo.mp3;Блюдо;Dish (food);Ovo jelo je vrlo ukusno. Naručili smo dva jela. Dnevno jelo je danas pasta.;Это блюдо очень вкусное. Мы заказали два блюда. Блюдо дня сегодня — паста.;This dish is very tasty. We ordered two dishes. Today's special is pasta.;;
1124;cafe;2;Alergen;Алерген;assets/images/words/alergen.webp;assets/sounds/words/alergen.mp3;Аллерген;Allergen;Proveri listu alergena. Ovaj sastojak je čest alergen. Alergen je naveden na pakovanju.;Проверь список аллергенов. Этот ингредиент — частый аллерген. Аллерген указан на упаковке.;Check the allergen list. This ingredient is a common allergen. The allergen is listed on the packaging.;;
1126;cafe;2;Pivo;Пиво;assets/images/words/pivo.webp;assets/sounds/words/pivo.mp3;Пиво;Beer;Popili smo pivo posle posla. Ovo pivo je domaće. Hladno pivo je odlično leti.;Мы выпили пиво после работы. Это пиво местное. Холодное пиво отлично летом.;We had a beer after work. This beer is locally made. Cold beer is great in summer.;;
1127;cafe;2;Sladoled;Сладолед;assets/images/words/sladoled.webp;assets/sounds/words/sladoled.mp3;Мороженое;Ice cream;Deca vole sladoled od čokolade. Pojeli smo sladoled na plaži. Sladoled se topi na suncu.;Дети любят шоколадное мороженое. Мы ели мороженое на пляже. Мороженое тает на солнце.;Children love chocolate ice cream. We ate ice cream at the beach. Ice cream melts in the sun.;;
418;city;2;Tamo;Тамо;assets/images/words/tamo.webp;assets/sounds/words/tamo.mp3;Там;There;Tamo je moja kuća. Idi tamo i sačekaj me. Tamo nema nikoga.;Там мой дом. Иди туда и подожди меня. Там никого нет.;My house is there. Go there and wait for me. There's no one there.;;
420;city;2;Predgrađe;Предграђе;assets/images/words/predgradje.webp;assets/sounds/words/predgradje.mp3;Пригород;Suburb;Živim u predgrađu. Predgrađe je mirno mesto. Vozimo se do predgrađa.;Я живу в пригороде. Пригород — спокойное место. Мы едем в пригород.;I live in the suburbs. The suburb is a quiet place. We're driving to the suburb.;;
421;city;2;Varoš;Варош;assets/images/words/varos.webp;assets/sounds/words/varos.mp3;Городок;Town;Odrastao je u maloj varoši. Ova varoš ima dugu istoriju. Preselili smo se iz sela u varoš.;Он вырос в маленьком городке. У этого городка долгая история. Мы переехали из деревни в город.;He grew up in a small town. This town has a long history. We moved from the village to the town.;;
423;city;2;Škverić;Шкверић;assets/images/words/skveric.webp;assets/sounds/words/skveric.mp3;Скверик;Small square / park;Sedeli smo u škveriću. Škverić je pun dece. Škverić je pored crkve.;Мы сидели в скверике. Скверик полон детей. Скверик рядом с церковью.;We sat in the small square. The little park is full of children. The small square is next to the church.;;
424;city;2;Fontana;Фонтана;assets/images/words/fontana.webp;assets/sounds/words/fontana.mp3;Фонтан;Fountain;Fontana radi samo leti. Deca se igraju kod fontane. Fontana je na glavnom trgu.;Фонтан работает только летом. Дети играют у фонтана. Фонтан на главной площади.;The fountain only runs in summer. Children play by the fountain. The fountain is in the main square.;;
426;city;2;Skver;Сквер;assets/images/words/skver.webp;assets/sounds/words/skver.mp3;Сквер;Square, small park;Deca se igraju na skveru. Skver u centru grada je pun cveća. Sastajemo se na skveru posle posla.;Дети играют в сквере. Сквер в центре города полон цветов. Мы встречаемся в сквере после работы.;Kids are playing in the square. The square in the city center is full of flowers. We're meeting at the square after work.;;
427;city;2;Nasip;Насип;assets/images/words/nasip.webp;assets/sounds/words/nasip.mp3;Насыпь;Embankment;Šetamo duž nasipa. Nasip štiti grad od poplave. Nasip je popularno mesto za trčanje.;Мы гуляем вдоль насыпи. Насыпь защищает город от наводнения. Насыпь — популярное место для бега.;We walk along the embankment. The embankment protects the city from flooding. The embankment is a popular place for running.;;
428;city;2;Kej;Кеј;assets/images/words/kej.webp;assets/sounds/words/kej.mp3;Набережная;Quay / waterfront;Kej je pun kafića. Šetali smo kejom uveče. Kej pruža lep pogled na reku.;Набережная полна кафе. Мы гуляли по набережной вечером. С набережной открывается красивый вид на реку.;The waterfront is full of cafes. We walked along the waterfront in the evening. The waterfront offers a nice view of the river.;;
430;city;2;Kod;Код;assets/images/words/kod.webp;assets/sounds/words/kod.mp3;У;At (someone's place);Vidimo se kod tebe. Bio sam kod lekara. Sastanak je kod mene.;Увидимся у тебя. Я был у врача. Встреча у меня.;See you at your place. I was at the doctor's. The meeting is at my place.;;
431;city;2;Nasuprot;Насупрот;assets/images/words/nasuprot.webp;assets/sounds/words/nasuprot.mp3;Напротив;Opposite;Škola je nasuprot parku. Sedi nasuprot meni. Prodavnica je nasuprot banci.;Школа напротив парка. Сядь напротив меня. Магазин напротив банка.;The school is opposite the park. Sit opposite me. The store is opposite the bank.;;
432;city;2;Zona;Зона;assets/images/words/zona.webp;assets/sounds/words/zona.mp3;Зона;Zone;Ovo je pešačka zona. Zona za parkiranje je plaćena. Živimo u zelenoj zoni grada.;Это пешеходная зона. Зона парковки платная. Мы живём в зелёной зоне города.;This is a pedestrian zone. The parking zone is paid. We live in the green zone of the city.;;
433;city;2;Pokazati;Показати;assets/images/words/pokazati.webp;assets/sounds/words/pokazati.mp3;Показать;To show;Možete li mi pokazati put? Pokazao mi je mapu grada. Pokaži mi gde je stanica.;Можете мне показать дорогу? Он показал мне карту города. Покажи мне, где станция.;Can you show me the way? He showed me the city map. Show me where the station is.;;
434;city;2;Preći;Прећи;assets/images/words/preci.webp;assets/sounds/words/preci.mp3;Перейти;To cross;Moramo preći ulicu. Pređite most i skrenite levo. Pređi na drugu stranu.;Нам нужно перейти улицу. Перейдите мост и поверните налево. Перейди на другую сторону.;We need to cross the street. Cross the bridge and turn left. Cross to the other side.;;
435;city;2;Produžiti;Продужити;assets/images/words/produziti.webp;assets/sounds/words/produziti.mp3;Продолжить / продлить;To continue / to extend;Produžite pravo do trga. Moramo produžiti dalje. Produžili smo put sledećeg jutra.;Продолжайте прямо до площади. Нам нужно продолжить путь. Мы продолжили путь на следующее утро.;Continue straight to the square. We need to continue on. We continued the journey the next morning.;;
436;city;2;Proći;Проћи;assets/images/words/proci.webp;assets/sounds/words/proci.mp3;Пройти;To pass;Prošli smo pored muzeja. Moraš proći kroz park. Prošao sam kraj tebe i nisam te video.;Мы прошли мимо музея. Тебе нужно пройти через парк. Я прошёл мимо тебя и не заметил.;We passed by the museum. You need to pass through the park. I passed by you and didn't notice.;;
1033;clothing;2;Obući;Обући;assets/images/words/obuci.webp;assets/sounds/words/obuci.mp3;Надеть;To put on;Moram da obučem jaknu. Obuci nešto toplo. Obukla je haljinu za žurku.;Мне нужно надеть куртку. Надень что-нибудь тёплое. Она надела платье на вечеринку.;I have to put on a jacket. Put on something warm. She put on a dress for the party.;;
1034;clothing;2;Odeća;Одећа;assets/images/words/odeca.webp;assets/sounds/words/odeca.mp3;Одежда;Clothing;Kupujem novu odeću za zimu. Odeća mi je previše skupa. Volim udobnu odeću.;Я покупаю новую одежду на зиму. Одежда мне слишком дорогая. Я люблю удобную одежду.;I'm buying new clothes for winter. The clothing is too expensive for me. I love comfortable clothing.;;
1035;clothing;2;Pamuk;Памук;assets/images/words/pamuk.webp;assets/sounds/words/pamuk.mp3;Хлопок;Cotton;Ova majica je od pamuka. Volim pamučnu odeću. Pamuk je prijatan za nošenje.;Эта футболка из хлопка. Я люблю хлопковую одежду. Хлопок приятен для носки.;This T-shirt is made of cotton. I love cotton clothing. Cotton is comfortable to wear.;;
1036;clothing;2;Pantalone;Панталоне;assets/images/words/pantalone.webp;assets/sounds/words/pantalone.mp3;Брюки;Pants;Kupio sam nove pantalone. Ove pantalone su mi tesne. Pantalone su mi previše duge.;Я купил новые брюки. Эти брюки мне тесны. Брюки мне слишком длинные.;I bought new pants. These pants are tight on me. The pants are too long for me.;;
1037;clothing;2;Patike;Патике;assets/images/words/patike.webp;assets/sounds/words/patike.mp3;Кроссовки;Sneakers;Kupio sam nove patike. Patike su mi udobne. Trčim u patikama.;Я купил новые кроссовки. Кроссовки мне удобны. Я бегаю в кроссовках.;I bought new sneakers. The sneakers are comfortable. I run in sneakers.;;
1038;clothing;2;Pidžama;Пиџама;assets/images/words/pidzama.webp;assets/sounds/words/pidzama.mp3;Пижама;Pajamas;Obukao sam pidžamu za spavanje. Kupila sam novu pidžamu. Pidžama mi je udobna.;Я надел пижаму, чтобы спать. Я купила новую пижаму. Пижама мне удобна.;I put on pajamas to sleep. I bought new pajamas. The pajamas are comfortable for me.;;
1039;clothing;2;Presvući;Пресвући;assets/images/words/presvuci.webp;assets/sounds/words/presvuci.mp3;Переодеться;To change clothes;Moram da se presvučem pre izlaska. Presvukla je bebu u čistu odeću. Presvuci se, pokisao si.;Мне нужно переодеться перед выходом. Она переодела ребёнка в чистую одежду. Переоденься, ты промок.;I need to change clothes before going out. She changed the baby into clean clothes. Change your clothes, you got wet.;;
1040;clothing;2;Privlačan;Привлачан;assets/images/words/privlacan.webp;assets/sounds/words/privlacan.mp3;Привлекательный;Attractive;On je privlačan muškarac. Ova haljina je privlačna. Privlačan izgled joj pomaže na poslu.;Он привлекательный мужчина. Это платье привлекательное. Привлекательная внешность помогает ей на работе.;He is an attractive man. This dress is attractive. Her attractive look helps her at work.;;
1041;clothing;2;Rajsferšlus;Рајсфершлус;assets/images/words/rajsferslus.webp;assets/sounds/words/rajsferslus.mp3;Застёжка-молния;Zipper;Rajsferšlus se zaglavio. Zakopčaj rajsferšlus na jakni. Rajsferšlus je pokvaren.;Молния застряла. Застегни молнию на куртке. Молния сломана.;The zipper got stuck. Zip up the jacket. The zipper is broken.;;
1042;clothing;2;Remen;Ремен;assets/images/words/remen.webp;assets/sounds/words/remen.mp3;Ремешок;Belt / strap;Remen torbe je pokidan. Zategni remen sata. Kupio sam kožni remen.;Ремешок сумки порвался. Затяни ремешок часов. Я купил кожаный ремешок.;The bag's strap tore. Tighten the watch strap. I bought a leather strap.;;
1043;clothing;2;Rukavice;Рукавице;assets/images/words/rukavice.webp;assets/sounds/words/rukavice.mp3;Перчатки;Gloves;Nosim rukavice zimi. Izgubio sam jednu rukavicu. Kupio sam vunene rukavice.;Я ношу перчатки зимой. Я потерял одну перчатку. Я купил шерстяные перчатки.;I wear gloves in winter. I lost one glove. I bought wool gloves.;;
1044;clothing;2;Sako;Сако;assets/images/words/sako.webp;assets/sounds/words/sako.mp3;Пиджак;Blazer;Obukao je sako za sastanak. Ovaj sako mu dobro stoji. Kupio sam plavi sako.;Он надел пиджак на встречу. Этот пиджак ему хорошо идёт. Я купил синий пиджак.;He put on a blazer for the meeting. This blazer suits him well. I bought a blue blazer.;;
1045;clothing;2;Sandale;Сандале;assets/images/words/sandale.webp;assets/sounds/words/sandale.mp3;Сандалии;Sandals;Nosim sandale leti. Kupila sam nove sandale. Sandale su mi udobne.;Я ношу сандалии летом. Я купила новые сандалии. Сандалии мне удобны.;I wear sandals in summer. I bought new sandals. The sandals are comfortable for me.;;
1046;clothing;2;Sed;Сед;assets/images/words/sed.webp;assets/sounds/words/sed.mp3;Седой;Grey (hair);Njegova kosa je seda. Postao je sed rano. Ima sedu bradu.;Его волосы седые. Он рано поседел. У него седая борода.;His hair is grey. He went grey early. He has a grey beard.;;
1047;clothing;2;Skinuti;Скинути;assets/images/words/skinuti.webp;assets/sounds/words/skinuti.mp3;Снять;To take off;Skini kaput, unutra je toplo. Skinuo je cipele na ulazu. Skini prsten pre pranja ruku.;Сними пальто, здесь тепло. Он снял обувь у входа. Сними кольцо перед мытьём рук.;Take off your coat, it's warm inside. He took off his shoes at the entrance. Take off your ring before washing your hands.;;
1048;clothing;2;Stil;Стил;assets/images/words/stil.webp;assets/sounds/words/stil.mp3;Стиль;Style;Njen stil je jedinstven. Volim tvoj stil oblačenja. Stil se menja iz godine u godinu.;Её стиль уникален. Мне нравится твой стиль в одежде. Стиль меняется из года в год.;Her style is unique. I love your style of dressing. Style changes from year to year.;;
1049;clothing;2;Suknja;Сукња;assets/images/words/suknja.webp;assets/sounds/words/suknja.mp3;Юбка;Skirt;Kupila sam kratku suknju. Ova suknja je od svile. Suknja joj lepo stoji.;Я купила короткую юбку. Эта юбка из шёлка. Юбка ей хорошо идёт.;I bought a short skirt. This skirt is made of silk. The skirt suits her well.;;
1050;clothing;2;Svila;Свила;assets/images/words/svila.webp;assets/sounds/words/svila.mp3;Шёлк;Silk;Ova bluza je od svile. Svila je meka i lagana. Kupio sam svileni šal.;Эта блузка из шёлка. Шёлк мягкий и лёгкий. Я купил шёлковый шарф.;This blouse is made of silk. Silk is soft and light. I bought a silk scarf.;;
1051;clothing;2;Svući;Свући;assets/images/words/svuci.webp;assets/sounds/words/svuci.mp3;Снять / раздеть(ся);To take off / to undress;Svukao je mokru majicu. Deca su se svukla pre kupanja. Svuci jaknu, ovde je toplo.;Он снял мокрую футболку. Дети разделись перед купанием. Сними куртку, здесь тепло.;He took off his wet shirt. The kids undressed before bathing. Take off your jacket, it's warm here.;;
1052;clothing;2;Tesan;Тесан;assets/images/words/tesan.webp;assets/sounds/words/tesan.mp3;Тесный;Tight;Ova majica mi je tesna. Cipele su mi tesne. Pantalone su previše tesne.;Эта футболка мне тесна. Обувь мне тесна. Брюки слишком тесные.;This T-shirt is tight on me. The shoes are tight on me. The pants are too tight.;;
1053;clothing;2;Udoban;Удобан;assets/images/words/udoban.webp;assets/sounds/words/udoban.mp3;Удобный;Comfortable;Ove cipele su udobne. Volim udobnu odeću. Fotelja je veoma udobna.;Эта обувь удобная. Я люблю удобную одежду. Кресло очень удобное.;These shoes are comfortable. I love comfortable clothing. The armchair is very comfortable.;;
1054;clothing;2;Veš;Веш;assets/images/words/ves.webp;assets/sounds/words/ves.mp3;Бельё;Underwear / laundry;Operi veš danas. Kupio sam nov veš. Veš je obešen napolju.;Постирай бельё сегодня. Я купил новое бельё. Бельё висит на улице.;Wash the laundry today. I bought new underwear. The laundry is hanging outside.;;
1055;clothing;2;Vitak;Витак;assets/images/words/vitak.webp;assets/sounds/words/vitak.mp3;Стройный;Slim;Ona je vitka i visoka. Vežba da bude vitkiji. Vitak izgled mu odgovara.;Она стройная и высокая. Он тренируется, чтобы быть стройнее. Стройный вид ему идёт.;She is slim and tall. He exercises to be slimmer. A slim look suits him.;;
1056;clothing;2;Vuna;Вуна;assets/images/words/vuna.webp;assets/sounds/words/vuna.mp3;Шерсть;Wool;Ovaj džemper je od vune. Vuna greje zimi. Kupio sam vunenu jaknu.;Этот свитер из шерсти. Шерсть греет зимой. Я купил шерстяную куртку.;This sweater is made of wool. Wool keeps you warm in winter. I bought a wool jacket.;;
1057;clothing;2;Zgodan;Згодан;assets/images/words/zgodan.webp;assets/sounds/words/zgodan.mp3;Симпатичный;Handsome / attractive;On je zgodan mladić. Zgodan je u tom odelu. Svi kažu da je zgodan.;Он симпатичный молодой человек. Он симпатичный в этом костюме. Все говорят, что он симпатичный.;He is a handsome young man. He looks handsome in that suit. Everyone says he's handsome.;;
1058;clothing;2;Ćelav;Ћелав;assets/images/words/celav.webp;assets/sounds/words/celav.mp3;Лысый;Bald;On je potpuno ćelav. Postao je ćelav rano. Nosi šešir jer je ćelav.;Он полностью лысый. Он рано облысел. Он носит шляпу, потому что лысый.;He is completely bald. He went bald early. He wears a hat because he's bald.;;
1059;clothing;2;Čarape;Чарапе;assets/images/words/carape.webp;assets/sounds/words/carape.mp3;Носки;Socks;Kupio sam nove čarape. Čarape su mi mokre. Obuci tople čarape.;Я купил новые носки. Носки у меня мокрые. Надень тёплые носки.;I bought new socks. My socks are wet. Put on warm socks.;;
1060;clothing;2;Čizme;Чизме;assets/images/words/cizme.webp;assets/sounds/words/cizme.mp3;Сапоги;Boots;Nosim čizme zimi. Kupila sam kožne čizme. Čizme su mi previše velike.;Я ношу сапоги зимой. Я купила кожаные сапоги. Сапоги мне слишком велики.;I wear boots in winter. I bought leather boots. The boots are too big for me.;;
1061;clothing;2;Šal;Шал;assets/images/words/sal.webp;assets/sounds/words/sal.mp3;Шарф;Scarf;Nosim šal kad je hladno. Kupio sam vuneni šal. Šal mi je poklon.;Я ношу шарф, когда холодно. Я купил шерстяной шарф. Шарф мне подарили.;I wear a scarf when it's cold. I bought a wool scarf. The scarf was a gift.;;
1798;colors;2;Bež;Беж;assets/images/words/bez.webp;assets/sounds/words/bez.mp3;Бежевый;Beige;Kupila je bež sako za posao. Zidovi u dnevnoj sobi su bež boje. Njene cipele su bile bež nijanse.;Она купила бежевый пиджак для работы. Стены в гостиной бежевого цвета. Её туфли были бежевого оттенка.;She bought a beige blazer for work. The living room walls are beige. Her shoes were a beige shade.;;
1799;colors;2;Tirkizan;Тиркизан;assets/images/words/tirkizan.webp;assets/sounds/words/tirkizan.mp3;Бирюзовый;Turquoise;More je bilo tirkizne boje. Kupila je tirkizni nakit sa putovanja. Zidovi kupatila su obojeni u tirkizno.;Море было бирюзового цвета. Она купила бирюзовые украшения в путешествии. Стены ванной покрашены в бирюзовый.;The sea was turquoise. She bought turquoise jewelry on her trip. The bathroom walls are painted turquoise.;;
1800;colors;2;Bordo;Бордо;assets/images/words/bordo.webp;assets/sounds/words/bordo.mp3;Бордовый;Maroon;Nosio je bordo kravatu na sastanku. Vino je bilo duboke bordo boje. Kupila je bordo torbicu za jesen.;Он носил бордовый галстук на встрече. Вино было глубокого бордового цвета. Она купила бордовую сумочку на осень.;He wore a maroon tie to the meeting. The wine was deep maroon in color. She bought a maroon handbag for autumn.;;
1801;colors;2;Tamnoplav;Тамноплав;assets/images/words/tamnoplav.webp;assets/sounds/words/tamnoplav.mp3;Тёмно-синий;Dark blue;Obukao je tamnoplavo odelo za venčanje. Okean je izgledao tamnoplavo pod oblacima. Kupila je tamnoplavu haljinu za posao.;Он надел тёмно-синий костюм на свадьбу. Океан выглядел тёмно-синим под облаками. Она купила тёмно-синее платье для работы.;He wore a dark blue suit to the wedding. The ocean looked dark blue under the clouds. She bought a dark blue dress for work.;;
1802;colors;2;Svetloplav;Светлоплав;assets/images/words/svetloplav.webp;assets/sounds/words/svetloplav.mp3;Голубой;Light blue;Nebo je bilo svetloplavo bez ijednog oblaka. Kupio je svetloplavu košulju za leto. Zidovi dečje sobe su svetloplavi.;Небо было голубым, без единого облачка. Он купил голубую рубашку на лето. Стены детской комнаты голубые.;The sky was light blue without a single cloud. He bought a light blue shirt for summer. The nursery walls are light blue.;;
1803;colors;2;Maslinast;Маслинаст;assets/images/words/maslinast.webp;assets/sounds/words/maslinast.mp3;Оливковый;Olive;Vojna uniforma je maslinaste boje. Kupila je maslinastu jaknu za jesen. Njena koža ima maslinasti ten.;Военная форма оливкового цвета. Она купила оливковую куртку на осень. У неё оливковый оттенок кожи.;The military uniform is olive-colored. She bought an olive jacket for autumn. Her skin has an olive tone.;;
1804;colors;2;Koralni;Корални;assets/images/words/koralni.webp;assets/sounds/words/koralni.mp3;Коралловый;Coral;Nosila je koralnu haljinu na letovanju. Koralni greben je bio pun boja. Kupila je karmin u koralnoj nijansi.;Она носила коралловое платье в отпуске на море. Коралловый риф был полон красок. Она купила помаду кораллового оттенка.;She wore a coral dress on her seaside vacation. The coral reef was full of colors. She bought lipstick in a coral shade.;;
1805;colors;2;Krem;Крем;assets/images/words/krem.webp;assets/sounds/words/krem.mp3;Кремовый;Cream;Torta je bila prekrivena krem glazurom. Zidovi u spavaćoj sobi su krem boje. Kupila je krem bluzu za posao.;Торт был покрыт кремовой глазурью. Стены в спальне кремового цвета. Она купила кремовую блузку для работы.;The cake was covered in cream frosting. The bedroom walls are cream-colored. She bought a cream blouse for work.;;
1806;colors;2;Purpuran;Пурпуран;assets/images/words/purpuran.webp;assets/sounds/words/purpuran.mp3;Пурпурный;Purple;Kralj je nosio purpurni ogrtač. Zalazak sunca je obojio nebo u purpurno. Zavesa u pozorištu je bila purpurne boje.;Король носил пурпурный плащ. Закат окрасил небо в пурпурный цвет. Занавес в театре был пурпурного цвета.;The king wore a purple cloak. The sunset painted the sky purple. The theater curtain was purple in color.;;
1807;colors;2;Grimizan;Гримизан;assets/images/words/grimizan.webp;assets/sounds/words/grimizan.mp3;Багровый;Scarlet;Lice mu je postalo grimizno od besa. Ruže su bile duboke grimizne boje. Nebo je bilo grimizno pred oluju.;Его лицо стало багровым от ярости. Розы были глубокого багрового цвета. Небо было багровым перед бурей.;His face turned scarlet with rage. The roses were a deep scarlet color. The sky was scarlet before the storm.;;
1808;colors;2;Ćilibaren;Ћилибарен;assets/images/words/cilibaren.webp;assets/sounds/words/cilibaren.mp3;Янтарный;Amber;Ogrlica je bila napravljena od ćilibarenog kamenja. Svetlo semafora je bilo ćilibarene boje. Njene oči su ćilibarene nijanse.;Ожерелье было сделано из янтарных камней. Свет светофора был янтарного цвета. У неё глаза янтарного оттенка.;The necklace was made of amber stones. The traffic light was amber in color. Her eyes are an amber shade.;;
1809;colors;2;Sedefast;Седефаст;assets/images/words/sedefast.webp;assets/sounds/words/sedefast.mp3;Перламутровый;Pearlescent;Njeni nokti su bili obojeni sedefastim lakom. Školjka je imala sedefasti sjaj. Kupila je auto u sedefasto beloj boji.;Её ногти были покрыты перламутровым лаком. Ракушка имела перламутровый блеск. Она купила машину перламутрово-белого цвета.;Her nails were painted with pearlescent polish. The shell had a pearlescent shine. She bought a car in pearlescent white.;;
1810;colors;2;Metalik;Металик;assets/images/words/metalik.webp;assets/sounds/words/metalik.mp3;Металлик;Metallic;Kupio je auto u sivoj metalik boji. Njena haljina je imala metalik sjaj. Farba metalik boje je skuplja od obične.;Он купил машину серого цвета металлик. Её платье имело блеск металлик. Краска металлик дороже обычной.;He bought a car in metallic grey. Her dress had a metallic shine. Metallic paint is more expensive than regular paint.;;
1839;correspondence;2;Obratiti;Обратити;assets/images/words/obratiti.webp;assets/sounds/words/obratiti.mp3;Обратиться;To address, reach out;Obratite se službi za korisnike. Obratio sam mu se ljubazno. Ako imate pitanja, obratite se meni.;Обратитесь в службу поддержки. Я обратился к нему вежливо. Если у вас есть вопросы, обращайтесь ко мне.;Contact customer service. I addressed him politely. If you have questions, reach out to me.;;
1840;correspondence;2;Potpis;Потпис;assets/images/words/potpis.webp;assets/sounds/words/potpis.mp3;Подпись;Signature;Molim vas stavite potpis na kraju dokumenta. Njegov potpis je bio nečitak. Ugovor je zvaničan tek nakon potpisa obe strane.;Пожалуйста, поставьте подпись в конце документа. Его подпись была неразборчива. Договор становится официальным только после подписи обеих сторон.;Please put your signature at the end of the document. His signature was illegible. The contract is official only after both parties' signatures.;;
1841;correspondence;2;Potpisati;Потписати;assets/images/words/potpisati.webp;assets/sounds/words/potpisati.mp3;Подписать;To sign;Potpisao je ugovor bez čitanja. Molim vas potpišite ovde. Trebalo bi da potpišete pismo pre slanja.;Он подписал договор, не читая. Пожалуйста, подпишите здесь. Вам следует подписать письмо перед отправкой.;He signed the contract without reading it. Please sign here. You should sign the letter before sending it.;;
1842;correspondence;2;Pozdrav;Поздрав;assets/images/words/pozdrav.webp;assets/sounds/words/pozdrav.mp3;Приветствие;Greeting;Poslala mu je topao pozdrav u pismu. Pozdrav na kraju emaila zvuči formalno. Njen pozdrav je bio kratak, ali srdačan.;Она отправила ему тёплое приветствие в письме. Приветствие в конце письма звучит формально. Её приветствие было коротким, но сердечным.;She sent him a warm greeting in the letter. The greeting at the end of the email sounds formal. Her greeting was short but heartfelt.;;
1843;correspondence;2;Pošiljalac;Пошиљалац;assets/images/words/posiljalac.webp;assets/sounds/words/posiljalac.mp3;Отправитель;Sender;Ime pošiljaoca nije bilo navedeno na koverti. Pošiljalac je zaboravio da napiše adresu. Odgovorite pošiljaocu što pre.;Имя отправителя не было указано на конверте. Отправитель забыл написать адрес. Ответьте отправителю как можно скорее.;The sender's name was not listed on the envelope. The sender forgot to write the address. Reply to the sender as soon as possible.;;
1844;correspondence;2;Primalac;Прималац;assets/images/words/primalac.webp;assets/sounds/words/primalac.mp3;Получатель;Recipient;Primalac paketa mora da potpiše potvrdu. Adresa primaoca je bila pogrešna. Poruka je stigla pravom primaocu.;Получатель посылки должен подписать квитанцию. Адрес получателя был неверным. Сообщение дошло до нужного получателя.;The recipient of the package must sign the receipt. The recipient's address was wrong. The message reached the right recipient.;;
1845;correspondence;2;Učtiv;Учтив;assets/images/words/uctiv.webp;assets/sounds/words/uctiv.mp3;Вежливый;Polite;Bio je izuzetno učtiv prema svima. Njeno pismo je bilo učtivo i jasno. Trudi se da uvek budeš učtiv u prepisci.;Он был чрезвычайно вежлив со всеми. Её письмо было вежливым и ясным. Старайся всегда быть вежливым в переписке.;He was extremely polite to everyone. Her letter was polite and clear. Try to always be polite in correspondence.;;
1846;correspondence;2;Učtivost;Учтивост;assets/images/words/uctivost.webp;assets/sounds/words/uctivost.mp3;Вежливость;Politeness;Njegova učtivost je ostavila dobar utisak. U pismu je važna učtivost prema primaocu. Cenim njenu učtivost i strpljenje.;Его вежливость произвела хорошее впечатление. В письме важна вежливость по отношению к получателю. Я ценю её вежливость и терпение.;His politeness left a good impression. Politeness toward the recipient matters in a letter. I appreciate her politeness and patience.;;
1847;correspondence;2;Drag;Драг;assets/images/words/drag.webp;assets/sounds/words/drag.mp3;Дорогой / милый;Dear;Njegov glas mi je vrlo drag. Ona mi je draga prijateljica. Postao mi je vrlo drag tokom godina.;Его голос мне очень дорог. Она моя дорогая подруга. Он стал мне очень дорог за эти годы.;His voice is very dear to me. She is a dear friend of mine. He became very dear to me over the years.;;
1848;correspondence;2;Formalan;Формалан;assets/images/words/formalan.webp;assets/sounds/words/formalan.mp3;Формальный;Formal;Ovo pismo mora biti formalno. Sastanak je bio prilično formalan. Koristi formalan ton kada pišeš direktoru.;Это письмо должно быть формальным. Встреча была довольно формальной. Используй формальный тон, когда пишешь директору.;This letter must be formal. The meeting was quite formal. Use a formal tone when writing to the director.;;
1849;correspondence;2;Gospodin;Господин;assets/images/words/gospodin.webp;assets/sounds/words/gospodin.mp3;Господин;Mr / gentleman;Poštovani gospodine Petroviću, obraćam vam se povodom posla. Onaj gospodin je čekao ceo sat. Gospodin za šalterom mi je pomogao.;Уважаемый господин Петрович, обращаюсь к вам по рабочему вопросу. Тот господин ждал целый час. Господин за стойкой мне помог.;Dear Mr. Petrović, I am writing to you regarding work. That gentleman waited for a whole hour. The gentleman at the counter helped me.;;
1850;correspondence;2;Gospođa;Госпођа;assets/images/words/gospodja.webp;assets/sounds/words/gospodja.mp3;Госпожа;Mrs / madam;Poštovana gospođo Jovanović, hvala na brzom odgovoru. Gospođa iz susedstva je vrlo ljubazna. Gospođa je sela za prvi sto.;Уважаемая госпожа Йованович, спасибо за быстрый ответ. Соседка очень любезна. Госпожа села за первый столик.;Dear Mrs. Jovanović, thank you for the quick reply. The lady from next door is very kind. The lady sat at the first table.;;
1851;correspondence;2;Gospođica;Госпођица;assets/images/words/gospodjica.webp;assets/sounds/words/gospodjica.mp3;Барышня;Miss;Gospođice, izvinite, da li je ovo vaša torba? Ona gospođica radi u banci preko puta. Poštovana gospođice Marković, javljam se povodom prijave.;Барышня, извините, это ваша сумка? Та барышня работает в банке напротив. Уважаемая госпожа Маркович, обращаюсь по поводу заявки.;Miss, excuse me, is this your bag? That young lady works at the bank across the street. Dear Miss Marković, I'm writing regarding the application.;;
1852;correspondence;2;Koverta;Коверта;assets/images/words/koverta.webp;assets/sounds/words/koverta.mp3;Конверт;Envelope;Stavila je pismo u kovertu. Koverta je bila zapečaćena voskom. Zaboravio je da nalepi marku na kovertu.;Она положила письмо в конверт. Конверт был запечатан воском. Он забыл наклеить марку на конверт.;She put the letter in an envelope. The envelope was sealed with wax. He forgot to put a stamp on the envelope.;;
1853;correspondence;2;Marka;Марка;assets/images/words/marka.webp;assets/sounds/words/marka.mp3;Марка;Stamp;Kupila sam marku na pošti. Marka mora biti nalepljena u gornjem desnom uglu. Kolekcionira stare poštanske marke.;Я купила марку на почте. Марка должна быть наклеена в верхнем правом углу. Он коллекционирует старые почтовые марки.;I bought a stamp at the post office. The stamp must be placed in the upper right corner. He collects old postage stamps.;;
1854;correspondence;2;Napisati;Написати;assets/images/words/napisati.webp;assets/sounds/words/napisati.mp3;Написать;To write;Napisala mi je dugo pismo. Trebalo bi da napišeš zahvalnicu. Napisao je email šefu jutros.;Она написала мне длинное письмо. Тебе следует написать благодарность. Он написал письмо начальнику сегодня утром.;She wrote me a long letter. You should write a thank-you note. He wrote an email to his boss this morning.;;
1855;correspondence;2;Neformalan;Неформалан;assets/images/words/neformalan.webp;assets/sounds/words/neformalan.mp3;Неформальный;Informal;Ovo je neformalan razgovor između prijatelja. Koristi neformalan ton u porukama porodici. Sastanak je bio potpuno neformalan.;Это неформальный разговор между друзьями. Используй неформальный тон в сообщениях родным. Встреча была совершенно неформальной.;This is an informal conversation between friends. Use an informal tone in messages to family. The meeting was completely informal.;;
1856;correspondence;2;Poruka;Порука;assets/images/words/poruka.webp;assets/sounds/words/poruka.mp3;Сообщение;Message;Poslala sam ti poruku juče uveče. Nisam pročitala njegovu poruku na vreme. Ostavi mi poruku ako me ne nađeš.;Я отправила тебе сообщение вчера вечером. Я не прочитала его сообщение вовремя. Оставь мне сообщение, если не найдёшь меня.;I sent you a message last night. I didn't read his message in time. Leave me a message if you don't find me.;;
1857;correspondence;2;Poslati;Послати;assets/images/words/poslati.webp;assets/sounds/words/poslati.mp3;Отправить;To send;Poslao sam ti dokument na mejl. Trebalo bi da pošalješ pismo danas. Poslala je poklon za rođendan.;Я отправил тебе документ на почту. Тебе следует отправить письмо сегодня. Она отправила подарок на день рождения.;I sent you the document by email. You should send the letter today. She sent a birthday gift.;;
1858;correspondence;2;Pozdraviti;Поздравити;assets/images/words/pozdraviti.webp;assets/sounds/words/pozdraviti.mp3;Поприветствовать;To greet;Pozdravio je sve goste na vratima. Pozdravi mi porodicu kad se vratiš. Pozdravila me je toplim osmehom.;Он поприветствовал всех гостей у двери. Передавай привет семье, когда вернёшься. Она поприветствовала меня тёплой улыбкой.;He greeted all the guests at the door. Say hi to your family when you get back. She greeted me with a warm smile.;;
1859;correspondence;2;Poštovan;Поштован;assets/images/words/postovan.webp;assets/sounds/words/postovan.mp3;Уважаемый;Esteemed / respected;Poštovani profesore, hvala na odgovoru. On je vrlo poštovan u svojoj struci. Poštovani gospodine, obraćam vam se povodom prijave.;Уважаемый профессор, спасибо за ответ. Он очень уважаем в своей профессии. Уважаемый господин, обращаюсь к вам по поводу заявления.;Esteemed professor, thank you for your reply. He is highly respected in his field. Dear sir, I am writing to you regarding the application.;;
1860;correspondence;2;Poštovanje;Поштовање;assets/images/words/postovanje.webp;assets/sounds/words/postovanje.mp3;Уважение;Respect;Sa dubokim poštovanjem, vaš saradnik. Poštovanje prema starijima je važno u našoj kulturi. Zaslužio je moje potpuno poštovanje.;С глубоким уважением, ваш коллега. Уважение к старшим важно в нашей культуре. Он заслужил моё полное уважение.;With deep respect, your colleague. Respect for elders is important in our culture. He earned my complete respect.;;
1861;correspondence;2;Predstaviti;Представити;assets/images/words/predstaviti.webp;assets/sounds/words/predstaviti.mp3;Представить(ся);To introduce (oneself);Dozvolite da se predstavim. Predstavio je novog kolegu timu. Predstavila se kao direktorka kompanije.;Позвольте представиться. Он представил нового коллегу команде. Она представилась как директор компании.;Allow me to introduce myself. He introduced the new colleague to the team. She introduced herself as the company director.;;
1862;correspondence;2;Pristojan;Пристојан;assets/images/words/pristojan.webp;assets/sounds/words/pristojan.mp3;Приличный;Polite / decent;Bio je vrlo pristojan prema osoblju. Njeno ponašanje je uvek pristojno. Pristojno je da odgovoriš na poruku.;Он был очень вежлив с персоналом. Её поведение всегда приличное. Вежливо ответить на сообщение.;He was very polite to the staff. Her behavior is always decent. It's polite to reply to the message.;;
1863;correspondence;2;Srdačan;Срдачан;assets/images/words/srdacan.webp;assets/sounds/words/srdacan.mp3;Сердечный;Warm, cordial;Poslao je srdačan pozdrav svima. Bio je srdačan prijem na sastanku. Hvala na srdačnim rečima.;Он передал сердечный привет всем. На встрече был сердечный приём. Спасибо за тёплые слова.;He sent warm regards to everyone. There was a cordial reception at the meeting. Thank you for the warm words.;;
1864;correspondence;2;Zahvaliti;Захвалити;assets/images/words/zahvaliti.webp;assets/sounds/words/zahvaliti.mp3;Поблагодарить;To thank;Želim da vam se zahvalim na pomoći. Zahvalio se svima na podršci. Zahvaljujem se na brzom odgovoru.;Я хочу поблагодарить вас за помощь. Он поблагодарил всех за поддержку. Благодарю за быстрый ответ.;I want to thank you for your help. He thanked everyone for their support. Thank you for the quick reply.;;
1640;everyday;2;Baš;Баш;assets/images/words/bas.webp;assets/sounds/words/bas.mp3;Именно;Exactly / just;Baš sam htela da te pozovem. To je baš ono što sam tražila. Baš mi je drago što si došao.;Я как раз хотела тебе позвонить. Это именно то, что я искала. Я очень рада, что ты пришёл.;I was just about to call you. That's exactly what I was looking for. I'm really glad you came.;;
1641;everyday;2;Dogovor;Договор;assets/images/words/dogovor.webp;assets/sounds/words/dogovor.mp3;Договорённость;Agreement / arrangement;Postigli smo dogovor oko cene. Naš dogovor je bio jasan od početka. Prekršio je dogovor bez objašnjenja.;Мы достигли договорённости по цене. Наша договорённость была ясна с самого начала. Он нарушил договорённость без объяснений.;We reached an agreement on the price. Our arrangement was clear from the start. He broke the agreement without explanation.;;
1642;everyday;2;Doživljaj;Доживљај;assets/images/words/dozivljaj.webp;assets/sounds/words/dozivljaj.mp3;Впечатление / переживание;Experience;To je bio nezaboravan doživljaj za mene. Podelila je svoj doživljaj sa putovanja. Bio je to čudan doživljaj.;Это был незабываемый опыт для меня. Она поделилась своим впечатлением от поездки. Это был странный опыт.;That was an unforgettable experience for me. She shared her experience from the trip. It was a strange experience.;;
1643;everyday;2;Ipak;Ипак;assets/images/words/ipak.webp;assets/sounds/words/ipak.mp3;Всё-таки;Still / nevertheless;Ipak sam odlučila da idem. Bilo je teško, ali ipak smo uspeli. Ipak, mislim da je bolje da sačekamo.;Всё же я решила пойти. Было трудно, но мы всё же справились. Всё же, думаю, лучше подождать.;Still, I decided to go. It was hard, but we still made it. Nevertheless, I think it's better to wait.;;
1644;everyday;2;Istina;Истина;assets/images/words/istina.webp;assets/sounds/words/istina.mp3;Правда;Truth;Rekla mu je celu istinu. Istina je da nisam bio spreman. Teško je prihvatiti istinu ponekad.;Она сказала ему всю правду. Правда в том, что я не был готов. Иногда трудно принять правду.;She told him the whole truth. The truth is I wasn't ready. It's hard to accept the truth sometimes.;;
1645;everyday;2;Izmisliti;Измислити;assets/images/words/izmisliti.webp;assets/sounds/words/izmisliti.mp3;Выдумать;To make up / invent;Izmislila je izgovor da ne ide na posao. Deca vole da izmišljaju priče. Cela priča je izmišljena.;Она придумала отговорку, чтобы не идти на работу. Дети любят придумывать истории. Вся история выдумана.;She made up an excuse not to go to work. Children love making up stories. The whole story is made up.;;
1646;everyday;2;Lagati;Лагати;assets/images/words/lagati.webp;assets/sounds/words/lagati.mp3;Лгать;To lie;Ne voli da laže nikoga. Lagao me je o tome gde je bio. Deca ponekad lažu iz straha.;Он не любит никому лгать. Он солгал мне о том, где был. Дети иногда лгут из страха.;He doesn't like lying to anyone. He lied to me about where he was. Children sometimes lie out of fear.;;
1647;everyday;2;Laž;Лаж;assets/images/words/laz.webp;assets/sounds/words/laz.mp3;Ложь;Lie;Njegova laž je brzo otkrivena. Ne podnosim laž ni od koga. Cela priča je bila jedna velika laž.;Его ложь быстро раскрылась. Я не терплю лжи ни от кого. Вся история была одной большой ложью.;His lie was quickly discovered. I can't stand lies from anyone. The whole story was one big lie.;;
1648;everyday;2;Nastaviti;Наставити;assets/images/words/nastaviti.webp;assets/sounds/words/nastaviti.mp3;Продолжать;To continue;Nastavila je da priča kao da se ništa nije desilo. Nastavićemo razgovor sutra. Nastavio je da radi i posle penzionisanja.;Она продолжила говорить, как будто ничего не случилось. Мы продолжим разговор завтра. Он продолжал работать и после выхода на пенсию.;She continued talking as if nothing had happened. We'll continue the conversation tomorrow. He continued working even after retirement.;;
1649;everyday;2;Neverovatan;Невероватан;assets/images/words/neverovatan.webp;assets/sounds/words/neverovatan.mp3;Невероятный;Incredible;To je bila neverovatna priča. Imao je neverovatnu sreću te večeri. Rezultat je bio jednostavno neverovatan.;Это была невероятная история. В тот вечер ему невероятно повезло. Результат был просто невероятным.;That was an incredible story. He had incredible luck that evening. The result was simply incredible.;;
1650;everyday;2;Odgovarati;Одговарати;assets/images/words/odgovarati.webp;assets/sounds/words/odgovarati.mp3;Соответствовать / подходить / отвечать;To correspond / to answer;Ovaj opis odgovara stvarnosti. Ne odgovara mi ovaj termin. Njegov karakter odgovara njegovom izgledu.;Это описание соответствует реальности. Мне не подходит это время. Его характер соответствует его внешности.;This description corresponds to reality. This time doesn't suit me. His character corresponds to his appearance.;;
1651;everyday;2;Odjednom;Одједном;assets/images/words/odjednom.webp;assets/sounds/words/odjednom.mp3;Вдруг;Suddenly;Odjednom je počela da pada kiša. Odjednom se setila gde je ostavila ključeve. Svetla su se odjednom ugasila.;Вдруг начался дождь. Она вдруг вспомнила, где оставила ключи. Свет вдруг погас.;Suddenly it started raining. She suddenly remembered where she left her keys. The lights suddenly went out.;;
1652;everyday;2;Pomenuti;Поменути;assets/images/words/pomenuti.webp;assets/sounds/words/pomenuti.mp3;Упомянуть;To mention;Pomenuo je taj događaj usput. Nisam pomenula njegovo ime. Da li je pomenula kada dolazi?;Он упомянул это событие мимоходом. Я не упоминала его имя. Она упоминала, когда приедет?;He mentioned that event in passing. I didn't mention his name. Did she mention when she's coming?;;
1653;everyday;2;Prekinuti;Прекинути;assets/images/words/prekinuti.webp;assets/sounds/words/prekinuti.mp3;Прервать;To interrupt;Izvini što te prekidam, imam pitanje. Prekinula je priču usred rečenice. Nemoj me prekidati dok pričam.;Извини, что перебиваю тебя, у меня вопрос. Она прервала рассказ на середине предложения. Не перебивай меня, пока я говорю.;Sorry to interrupt you, I have a question. She interrupted the story mid-sentence. Don't interrupt me while I'm talking.;;
1654;everyday;2;Priča;Прича;assets/images/words/prica.webp;assets/sounds/words/prica.mp3;Рассказ;Story;Njena priča me je duboko dirnula. Ovo je istinita priča iz mog detinjstva. Priča ima neočekivan kraj.;Её история меня глубоко тронула. Это правдивая история из моего детства. У истории неожиданный конец.;Her story deeply moved me. This is a true story from my childhood. The story has an unexpected ending.;;
1655;everyday;2;Razgovor;Разговор;assets/images/words/razgovor.webp;assets/sounds/words/razgovor.mp3;Разговор;Conversation;Imali smo dug razgovor o budućnosti. Razgovor je tekao prijatno i opušteno. Prekinula je razgovor zbog posla.;У нас был долгий разговор о будущем. Разговор шёл приятно и непринуждённо. Она прервала разговор из-за работы.;We had a long conversation about the future. The conversation flowed pleasantly and easily. She interrupted the conversation because of work.;;
1656;everyday;2;Susret;Сусрет;assets/images/words/susret.webp;assets/sounds/words/susret.mp3;Случайная встреча;Meeting / encounter;Naš prvi susret je bio nezaboravan. Susret sa starim prijateljem me je obradovao. Slučajan susret je promenio njen dan.;Наша первая встреча была незабываемой. Встреча со старым другом меня обрадовала. Случайная встреча изменила её день.;Our first meeting was unforgettable. The encounter with an old friend made me happy. A chance encounter changed her day.;;
1657;everyday;2;Tajna;Тајна;assets/images/words/tajna.webp;assets/sounds/words/tajna.mp3;Тайна;Secret;Ovo mora ostati naša mala tajna. Otkrila mi je svoju najveću tajnu. Čuvala je tajnu godinama.;Это должно остаться нашей маленькой тайной. Она открыла мне свою самую большую тайну. Она годами хранила тайну.;This must remain our little secret. She revealed her biggest secret to me. She kept the secret for years.;;
1658;everyday;2;Ukratko;Укратко;assets/images/words/ukratko.webp;assets/sounds/words/ukratko.mp3;Вкратце;Briefly;Ukratko, sve je prošlo dobro. Objasnio je situaciju ukratko. Ukratko ću vam ispričati šta se desilo.;Вкратце, всё прошло хорошо. Он вкратце объяснил ситуацию. Я вкратце расскажу вам, что произошло.;Briefly, everything went well. He briefly explained the situation. I'll briefly tell you what happened.;;
1659;everyday;2;Ustvari;Уствари;assets/images/words/ustvari.webp;assets/sounds/words/ustvari.mp3;Фактически;Actually;Ustvari, nisam ni bio tamo. Ustvari, mislim da grešiš. Ustvari, sve je bilo mnogo jednostavnije.;На самом деле, я даже не был там. На самом деле, я думаю, ты ошибаешься. На самом деле, всё было намного проще.;Actually, I wasn't even there. Actually, I think you're wrong. Actually, everything was much simpler.;;
1660;everyday;2;Znači;Значи;assets/images/words/znaci.webp;assets/sounds/words/znaci.mp3;Значит;So / it means;Znači, dolaziš sutra? To znači da smo pogrešili. Znači, ipak se slažeš sa mnom.;Значит, ты приезжаешь завтра? Это значит, что мы ошиблись. Значит, ты всё же согласен со мной.;So, are you coming tomorrow? That means we made a mistake. So, you actually agree with me.;;
1661;everyday;2;Šala;Шала;assets/images/words/sala.webp;assets/sounds/words/sala.mp3;Шутка;Joke;Ispričao je smešnu šalu na žurki. To je bila samo šala, ne shvataj ozbiljno. Njegove šale su uvek duhovite.;Он рассказал смешную шутку на вечеринке. Это была просто шутка, не принимай всерьёз. Его шутки всегда остроумные.;He told a funny joke at the party. It was just a joke, don't take it seriously. His jokes are always witty.;;
1662;everyday;2;Jednom;Једном;assets/images/words/jednom.webp;assets/sounds/words/jednom.mp3;Однажды / один раз;Once;Bio sam tamo samo jednom. Jednom davno, živeo je kralj. Jednom nedeljno idem na bazen.;Я был там только однажды. Однажды давным-давно жил король. Раз в неделю я хожу в бассейн.;I was there only once. Once upon a time, there lived a king. I go to the pool once a week.;;
1865;feelings;2;Razočaranje;Разочарање;assets/images/words/razocaranje.webp;assets/sounds/words/razocaranje.mp3;Разочарование;Disappointment;Osetila je veliko razočaranje kad je saznala rezultat. Njegovo razočaranje se videlo na licu. Prevazišla sam to razočaranje posle nekog vremena.;Она испытала сильное разочарование, узнав результат. Его разочарование было видно на лице. Я преодолела это разочарование спустя некоторое время.;She felt great disappointment when she learned the result. His disappointment was visible on his face. I got over that disappointment after some time.;;
1866;feelings;2;Zadovoljstvo;Задовољство;assets/images/words/zadovoljstvo.webp;assets/sounds/words/zadovoljstvo.mp3;Удовлетворение;Satisfaction;Sa zadovoljstvom prihvatam vašu ponudu. Osećala je duboko zadovoljstvo posle posla. Njegovo zadovoljstvo je bilo očigledno.;С удовольствием принимаю ваше предложение. Она чувствовала глубокое удовлетворение после работы. Его удовлетворение было очевидным.;I gladly accept your offer. She felt deep satisfaction after the work. His satisfaction was obvious.;;
1867;feelings;2;Bes;Бес;assets/images/words/bes.webp;assets/sounds/words/bes.mp3;Гнев;Rage / anger;Bes ga je obuzeo kada je čuo vest. Teško je kontrolisati bes u takvim trenucima. Njen bes je brzo prošao.;Гнев охватил его, когда он услышал новость. В такие моменты трудно контролировать гнев. Её гнев быстро прошёл.;Rage overcame him when he heard the news. It's hard to control anger in such moments. Her anger passed quickly.;;
1868;feelings;2;Hrabar;Храбар;assets/images/words/hrabar.webp;assets/sounds/words/hrabar.mp3;Смелый;Brave;Bio je vrlo hrabar tokom celog putovanja. Hrabar vatrogasac je spasao dete iz požara. Trebalo joj je da bude hrabra na intervjuu.;Он был очень храбрым на протяжении всего путешествия. Храбрый пожарный спас ребёнка из огня. Ей нужно было быть смелой на собеседовании.;He was very brave throughout the whole trip. The brave firefighter saved a child from the fire. She needed to be brave at the interview.;;
1869;feelings;2;Iznenaditi;Изненадити;assets/images/words/iznenaditi.webp;assets/sounds/words/iznenaditi.mp3;Удивить;To surprise;Uspeo je da me iznenadi poklonom. Vest ga je potpuno iznenadila. Odlučili smo da iznenadimo baku posetom.;Ему удалось удивить меня подарком. Новость полностью его удивила. Мы решили удивить бабушку визитом.;He managed to surprise me with a gift. The news completely surprised him. We decided to surprise grandma with a visit.;;
1870;feelings;2;Iznenađen;Изненађен;assets/images/words/iznenadjen.webp;assets/sounds/words/iznenadjen.mp3;Удивлённый;Surprised;Bio sam iznenađen njenom reakcijom. Iznenađena je bila vešću o pobedi. Svi su bili iznenađeni njegovom odlukom.;Я был удивлён её реакцией. Она была удивлена новостью о победе. Все были удивлены его решением.;I was surprised by her reaction. She was surprised by the news of the victory. Everyone was surprised by his decision.;;
1871;feelings;2;Iznenađenje;Изненађење;assets/images/words/iznenadjenje.webp;assets/sounds/words/iznenadjenje.mp3;Удивление;Surprise;Priredili su joj veliko iznenađenje za rođendan. Njegovo iznenađenje je bilo neopisivo. Ovo je pravo prijatno iznenađenje.;Ей устроили большой сюрприз на день рождения. Его удивление было неописуемым. Это настоящий приятный сюрприз.;They threw her a big surprise for her birthday. His surprise was indescribable. This is a real pleasant surprise.;;
1872;feelings;2;Ljubomora;Љубомора;assets/images/words/ljubomora.webp;assets/sounds/words/ljubomora.mp3;Ревность;Jealousy;Ljubomora može uništiti svaku vezu. Osetila je nagli talas ljubomore. Njegova ljubomora je postala problem.;Ревность может разрушить любые отношения. Она почувствовала внезапную волну ревности. Его ревность стала проблемой.;Jealousy can destroy any relationship. She felt a sudden wave of jealousy. His jealousy became a problem.;;
1873;feelings;2;Ljubomoran;Љубоморан;assets/images/words/ljubomoran.webp;assets/sounds/words/ljubomoran.mp3;Ревнивый;Jealous;Bio je ljubomoran na njenog kolegu. Ne budi ljubomoran bez razloga. Ona je ljubomorna na svaku njegovu prijateljicu.;Он ревновал её к коллеге. Не ревнуй без причины. Она ревнует его к каждой его подруге.;He was jealous of her colleague. Don't be jealous without a reason. She is jealous of every one of his female friends.;;
1874;feelings;2;Miran;Миран;assets/images/words/miran.webp;assets/sounds/words/miran.mp3;Спокойный;Calm;Ostao je miran i pored svih problema. Ovo je vrlo miran deo grada. Njeno lice je izgledalo mirno.;Он оставался спокойным, несмотря на все проблемы. Это очень тихий район города. Её лицо выглядело спокойным.;He stayed calm despite all the problems. This is a very quiet part of the city. Her face looked calm.;;
1875;feelings;2;Mrzeti;Мрзети;assets/images/words/mrzeti.webp;assets/sounds/words/mrzeti.mp3;Ненавидеть;To hate;Mrzim kad neko kasni bez razloga. Mrzela je taj posao od prvog dana. Ne mrzim ga, samo se ne slažemo.;Ненавижу, когда кто-то опаздывает без причины. Она ненавидела эту работу с первого дня. Я его не ненавижу, мы просто не ладим.;I hate it when someone is late for no reason. She hated that job from day one. I don't hate him, we just don't get along.;;
1876;feelings;2;Nada;Нада;assets/images/words/nada.webp;assets/sounds/words/nada.mp3;Надежда;Hope;Nikad nije izgubila nadu. Nada mu je davala snagu da nastavi. Poslednja nada im je bila u novom lekaru.;Она никогда не теряла надежду. Надежда давала ему силы продолжать. Их последней надеждой был новый врач.;She never lost hope. Hope gave him the strength to go on. Their last hope was the new doctor.;;
1877;feelings;2;Nervirati;Нервирати;assets/images/words/nervirati.webp;assets/sounds/words/nervirati.mp3;Нервировать / нервничать;To annoy / to get nervous;Nervira me kad kasni. Nemoj da se nerviraš zbog sitnica. Počela sam da se nerviram pred ispit.;Меня раздражает, когда он опаздывает. Не нервничай из-за мелочей. Я начала нервничать перед экзаменом.;It annoys me when he's late. Don't get worked up over small things. I started getting nervous before the exam.;;
1878;feelings;2;Nervozan;Нервозан;assets/images/words/nervozan.webp;assets/sounds/words/nervozan.mp3;Нервный;Nervous;Bio je nervozan pred intervjuom. Izgledala je nervozno tokom celog nastupa. Nervozan sam kad govorim pred publikom.;Он нервничал перед собеседованием. Она выглядела нервной на протяжении всего выступления. Я нервничаю, когда говорю перед публикой.;He was nervous before the interview. She looked nervous throughout the whole performance. I get nervous when speaking in front of an audience.;;
1879;feelings;2;Nezadovoljstvo;Незадовољство;assets/images/words/nezadovoljstvo.webp;assets/sounds/words/nezadovoljstvo.mp3;Недовольство;Dissatisfaction;Izrazio je svoje nezadovoljstvo uslugom. Njeno nezadovoljstvo poslom je raslo iz dana u dan. Nezadovoljstvo kupaca je vidljivo u recenzijama.;Он выразил своё недовольство обслуживанием. Её недовольство работой росло день ото дня. Недовольство покупателей видно в отзывах.;He expressed his dissatisfaction with the service. Her dissatisfaction with the job grew day by day. Customer dissatisfaction is visible in the reviews.;;
1880;feelings;2;Osetiti;Осетити;assets/images/words/osetiti.webp;assets/sounds/words/osetiti.mp3;Почувствовать;To feel;Odmah sam osetila da nešto nije u redu. Osetio je olakšanje kada je čuo vest. Osetili smo hladan povetarac sa mora.;Я сразу почувствовала, что что-то не так. Он почувствовал облегчение, услышав новость. Мы почувствовали холодный ветерок с моря.;I immediately felt something was wrong. He felt relief when he heard the news. We felt a cool breeze from the sea.;;
1881;feelings;2;Osećanje;Осећање;assets/images/words/osecanje.webp;assets/sounds/words/osecanje.mp3;Чувство;Feeling;Imao sam čudno osećanje pre polaska. Njeno osećanje krivice bilo je jako. To osećanje sreće je bilo neopisivo.;У меня было странное чувство перед отъездом. Её чувство вины было сильным. Это чувство счастья было неописуемым.;I had a strange feeling before leaving. Her feeling of guilt was strong. That feeling of happiness was indescribable.;;
1882;feelings;2;Osmeh;Осмех;assets/images/words/osmeh.webp;assets/sounds/words/osmeh.mp3;Улыбка;Smile;Njen osmeh mi je ulepšao dan. Imao je topao osmeh na licu. Deca su ga dočekala širokim osmehom.;Её улыбка украсила мой день. У него была тёплая улыбка на лице. Дети встретили его широкой улыбкой.;Her smile brightened my day. He had a warm smile on his face. The children greeted him with a big smile.;;
1883;feelings;2;Osmehnuti;Осмехнути;assets/images/words/osmehnuti.webp;assets/sounds/words/osmehnuti.mp3;Улыбнуться;To smile;Osmehnula se kada me je videla. Osmehni se, sve će biti dobro. Deca su se osmehnula fotografu.;Она улыбнулась, увидев меня. Улыбнись, всё будет хорошо. Дети улыбнулись фотографу.;She smiled when she saw me. Smile, everything will be fine. The children smiled at the photographer.;;
1884;feelings;2;Plakati;Плакати;assets/images/words/plakati.webp;assets/sounds/words/plakati.mp3;Плакать;To cry;Počela je da plače od sreće. Beba plače svake noći oko ponoći. Nemoj da plačeš, sve će biti dobro.;Она заплакала от счастья. Малыш плачет каждую ночь около полуночи. Не плачь, всё будет хорошо.;She started crying from happiness. The baby cries every night around midnight. Don't cry, everything will be fine.;;
1885;feelings;2;Ponos;Понос;assets/images/words/ponos.webp;assets/sounds/words/ponos.mp3;Гордость;Pride;Roditelji su osećali veliki ponos zbog njega. Ponos joj nije dozvolio da traži pomoć. Sa ponosom nosim uniformu svog kluba.;Родители испытывали большую гордость за него. Гордость не позволяла ей просить о помощи. Я с гордостью ношу форму своего клуба.;His parents felt great pride in him. Pride didn't let her ask for help. I wear my club's uniform with pride.;;
1886;feelings;2;Ponosan;Поносан;assets/images/words/ponosan.webp;assets/sounds/words/ponosan.mp3;Гордый;Proud;Veoma sam ponosan na tvoj uspeh. Bila je ponosna na svoju decu. Ponosan je što je deo ovog tima.;Я очень горжусь твоим успехом. Она гордилась своими детьми. Он гордится тем, что является частью этой команды.;I am very proud of your success. She was proud of her children. He is proud to be part of this team.;;
1887;feelings;2;Radost;Радост;assets/images/words/radost.webp;assets/sounds/words/radost.mp3;Радость;Joy;Vest je izazvala veliku radost u porodici. Njegova radost je bila zarazna. Suze radosti su joj tekle niz lice.;Новость вызвала большую радость в семье. Его радость была заразительной. Слёзы радости текли по её лицу.;The news brought great joy to the family. His joy was contagious. Tears of joy streamed down her face.;;
1888;feelings;2;Radovati;Радовати;assets/images/words/radovati.webp;assets/sounds/words/radovati.mp3;Радоваться;To rejoice;Radujem se našem putovanju. Deca se raduju praznicima. Radovala se vestima iz porodice.;Я радуюсь нашей поездке. Дети радуются праздникам. Она обрадовалась новостям из семьи.;I'm looking forward to our trip. The children are excited about the holidays. She was happy about the news from the family.;;
1889;feelings;2;Raspoloženje;Расположење;assets/images/words/raspolozenje.webp;assets/sounds/words/raspolozenje.mp3;Настроение;Mood;Njeno raspoloženje se brzo menja. Muzika mi popravlja raspoloženje. Bio je loše raspoložen ceo dan.;Её настроение быстро меняется. Музыка улучшает моё настроение. У него было плохое настроение весь день.;Her mood changes quickly. Music improves my mood. He was in a bad mood all day.;;
1890;feelings;2;Razočaran;Разочаран;assets/images/words/razocaran.webp;assets/sounds/words/razocaran.mp3;Разочарованный;Disappointed;Bio sam razočaran ishodom utakmice. Razočarana je zbog otkazanog putovanja. Osećao se razočarano nakon neuspeha.;Я был разочарован результатом матча. Она разочарована из-за отменённой поездки. Он чувствовал себя разочарованным после неудачи.;I was disappointed by the outcome of the match. She is disappointed because the trip was canceled. He felt disappointed after the failure.;;
1891;feelings;2;Razočarati;Разочарати;assets/images/words/razocarati.webp;assets/sounds/words/razocarati.mp3;Разочаровать(ся);To disappoint / to be disappointed;Razočarao sam se u njegovo ponašanje. Rezultat me je razočarao. Nemoj da se razočaraš ako ne uspe.;Я разочаровался в его поведении. Результат меня разочаровал. Не расстраивайся, если не получится.;I was disappointed in his behavior. The result disappointed me. Don't be disappointed if it doesn't work out.;;
1892;feelings;2;Smešiti;Смешити;assets/images/words/smesiti.webp;assets/sounds/words/smesiti.mp3;Улыбаться;To smile;Ona se uvek smeši strancima. Deca se smeše kada su srećna. Volim kada mi se ljudi smeše.;Она всегда улыбается незнакомцам. Дети улыбаются, когда счастливы. Мне нравится, когда люди мне улыбаются.;She always smiles at strangers. Children smile when they're happy. I like it when people smile at me.;;
1893;feelings;2;Smiriti;Смирити;assets/images/words/smiriti.webp;assets/sounds/words/smiriti.mp3;Успокоить(ся);To calm down;Smiri se, sve je u redu. Uspeo je da smiri situaciju. Muzika me smiruje posle napornog dana.;Успокойся, всё в порядке. Ему удалось успокоить ситуацию. Музыка успокаивает меня после тяжёлого дня.;Calm down, everything's fine. He managed to calm the situation. Music calms me down after a hard day.;;
1894;feelings;2;Srećan;Срећан;assets/images/words/srecan.webp;assets/sounds/words/srecan.mp3;Счастливый;Happy;Nikad nisam bio srećniji nego danas. Srećna je zbog novog posla. Deca su srećna kad padne sneg.;Я никогда не был счастливее, чем сегодня. Она счастлива из-за новой работы. Дети счастливы, когда идёт снег.;I've never been happier than today. She is happy about her new job. Children are happy when it snows.;;
1895;feelings;2;Stid;Стид;assets/images/words/stid.webp;assets/sounds/words/stid.mp3;Стыд;Shame;Osetio je stid zbog svoje greške. Nema razloga za stid. Stid ju je sprečio da progovori.;Он почувствовал стыд за свою ошибку. Нет причин для стыда. Стыд помешал ей заговорить.;He felt shame for his mistake. There's no reason to be ashamed. Shame kept her from speaking.;;
1896;feelings;2;Stidljiv;Стидљив;assets/images/words/stidljiv.webp;assets/sounds/words/stidljiv.mp3;Застенчивый;Shy;Bio je stidljiv kao dete. Stidljiva je pred nepoznatim ljudima. Njegov stidljiv osmeh me je oduševio.;В детстве он был застенчивым. Она застенчива с незнакомыми людьми. Его застенчивая улыбка меня покорила.;He was shy as a child. She is shy around strangers. His shy smile charmed me.;;
1897;feelings;2;Strah;Страх;assets/images/words/strah.webp;assets/sounds/words/strah.mp3;Страх;Fear;Strah od visine ga sprečava da se penje. Prevazišla je strah od letenja. Osetio je strah kada je čuo buku.;Страх высоты мешает ему подниматься. Она преодолела страх полётов. Он почувствовал страх, услышав шум.;Fear of heights prevents him from climbing. She overcame her fear of flying. He felt fear when he heard the noise.;;
1898;feelings;2;Suze;Сузе;assets/images/words/suze.webp;assets/sounds/words/suze.mp3;Слёзы;Tears;Suze su joj tekle niz obraze. Nije mogao da zadrži suze. Suze radosti pojavile su se u njenim očima.;Слёзы текли по её щекам. Он не мог сдержать слёзы. В её глазах появились слёзы радости.;Tears ran down her cheeks. He couldn't hold back his tears. Tears of joy appeared in her eyes.;;
1899;feelings;2;Tuga;Туга;assets/images/words/tuga.webp;assets/sounds/words/tuga.mp3;Грусть;Sadness;Tuga ju je obuzela nakon vesti. Osetio je duboku tugu zbog gubitka. Njegova tuga se videla u očima.;Грусть охватила её после новости. Он почувствовал глубокую грусть из-за потери. Его грусть была видна в глазах.;Sadness overcame her after the news. He felt deep sadness because of the loss. His sadness was visible in his eyes.;;
1900;feelings;2;Tužan;Тужан;assets/images/words/tuzan.webp;assets/sounds/words/tuzan.mp3;Грустный;Sad;Bio je tužan zbog rastanka. Tužna je vest za sve nas. Izgledala je tužno celo veče.;Он был грустным из-за расставания. Это грустная новость для всех нас. Весь вечер она выглядела грустной.;He was sad about the breakup. It's sad news for all of us. She looked sad the whole evening.;;
1901;feelings;2;Uplašen;Уплашен;assets/images/words/uplasen.webp;assets/sounds/words/uplasen.mp3;Испуганный;Scared;Bila je uplašena kad je čula buku. Uplašeno dete se sakrilo iza majke. Bio sam uplašen za njegovu bezbednost.;Она испугалась, услышав шум. Испуганный ребёнок спрятался за маму. Я боялся за его безопасность.;She was scared when she heard the noise. The scared child hid behind his mother. I was scared for his safety.;;
1902;feelings;2;Uplašiti;Уплашити;assets/images/words/uplasiti.webp;assets/sounds/words/uplasiti.mp3;Испугать(ся);To frighten / to get scared;Uplašio sam se čudnog zvuka. Ne uplaši se, to je samo pas. Dete se uplašilo od grmljavine.;Я испугался странного звука. Не пугайся, это просто собака. Ребёнок испугался грома.;I got scared by the strange sound. Don't be scared, it's just a dog. The child got scared of the thunder.;;
1903;feelings;2;Usamljen;Усамљен;assets/images/words/usamljen.webp;assets/sounds/words/usamljen.mp3;Одинокий;Lonely;Osećao se usamljeno nakon selidbe. Usamljen čovek često traži društvo. Bila je usamljena tokom praznika.;После переезда он чувствовал себя одиноким. Одинокий человек часто ищет общения. Она была одинока во время праздников.;He felt lonely after moving. A lonely person often seeks company. She was lonely during the holidays.;;
1904;feelings;2;Usamljenost;Усамљеност;assets/images/words/usamljenost.webp;assets/sounds/words/usamljenost.mp3;Одиночество;Loneliness;Usamljenost može uticati na zdravlje. Osetila je usamljenost daleko od porodice. Njegova usamljenost se osećala u pismima.;Одиночество может влиять на здоровье. Она почувствовала одиночество вдали от семьи. Его одиночество чувствовалось в письмах.;Loneliness can affect health. She felt loneliness far from her family. His loneliness was felt in his letters.;;
1905;feelings;2;Uzbuditi;Узбудити;assets/images/words/uzbuditi.webp;assets/sounds/words/uzbuditi.mp3;Взволновать(ся);To get excited;Uzbudila sam se zbog dobre vesti. Uzbudio se pred putovanje. Ne uzbuđuj se previše zbog rezultata.;Я разволновалась из-за хорошей новости. Он разволновался перед поездкой. Не слишком волнуйся из-за результата.;I got excited about the good news. He got excited before the trip. Don't get too excited about the result.;;
1906;feelings;2;Uzbuđen;Узбуђен;assets/images/words/uzbudjen.webp;assets/sounds/words/uzbudjen.mp3;Взволнованный;Excited;Bio je uzbuđen zbog putovanja. Uzbuđena je zbog prvog dana posla. Deca su uzbuđena zbog rođendana.;Он был взволнован из-за поездки. Она взволнована первым рабочим днём. Дети взволнованы днём рождения.;He was excited about the trip. She is excited about her first day at work. The children are excited about the birthday.;;
1907;feelings;2;Uzbuđenje;Узбуђење;assets/images/words/uzbudjenje.webp;assets/sounds/words/uzbudjenje.mp3;Волнение;Excitement;Uzbuđenje se osećalo u vazduhu pre utakmice. Njeno uzbuđenje je bilo očigledno. Uzbuđenje pred put mi ne da da spavam.;Волнение чувствовалось в воздухе перед матчем. Её волнение было очевидным. Волнение перед поездкой не даёт мне спать.;Excitement was in the air before the match. Her excitement was obvious. Excitement about the trip keeps me from sleeping.;;
1908;feelings;2;Zabrinut;Забринут;assets/images/words/zabrinut.webp;assets/sounds/words/zabrinut.mp3;Обеспокоенный;Worried;Bio je zabrinut za njeno zdravlje. Zabrinuta majka je zvala svaki sat. Izgledao je zabrinuto tokom cele večere.;Он был обеспокоен её здоровьем. Обеспокоенная мать звонила каждый час. Он выглядел обеспокоенным весь ужин.;He was worried about her health. The worried mother called every hour. He looked worried throughout the whole dinner.;;
1909;feelings;2;Zabrinutost;Забринутост;assets/images/words/zabrinutost.webp;assets/sounds/words/zabrinutost.mp3;Обеспокоенность;Worry / concern;Njena zabrinutost je bila razumljiva. Zabrinutost za budućnost ga je držala budnim. Osetili smo zabrinutost u njenom glasu.;Её беспокойство было понятным. Беспокойство о будущем не давало ему уснуть. Мы почувствовали беспокойство в её голосе.;Her concern was understandable. Worry about the future kept him awake. We sensed the worry in her voice.;;
1910;feelings;2;Zadovoljan;Задовољан;assets/images/words/zadovoljan.webp;assets/sounds/words/zadovoljan.mp3;Довольный;Satisfied;Zadovoljan sam rezultatima ovog projekta. Bila je zadovoljna novim stanom. Klijenti su zadovoljni uslugom.;Я доволен результатами этого проекта. Она была довольна новой квартирой. Клиенты довольны обслуживанием.;I am satisfied with the results of this project. She was satisfied with the new apartment. The clients are satisfied with the service.;;
1911;feelings;2;Zaljubiti;Заљубити;assets/images/words/zaljubiti.webp;assets/sounds/words/zaljubiti.mp3;Влюбиться;To fall in love;Zaljubio se u nju na prvi pogled. Zaljubili smo se jedno u drugo. Lako se zaljubljuje u ljude.;Он влюбился в неё с первого взгляда. Мы влюбились друг в друга. Она легко влюбляется в людей.;He fell in love with her at first sight. We fell in love with each other. She falls in love easily.;;
10;general;2;Si;Си;assets/images/words/si.webp;assets/sounds/words/si.mp3;(ты) есть;(You) are;Grammar. Odakle si? Da li si gotov?;«si» — форма глагола «biti» (быть) для 2-го лица единственного числа (ti + si). Откуда ты? Ты готов?;"si is the 2nd person singular form of the verb ""biti"" (to be) (ti + si). Where are you from? Are you ready?";;
11;general;2;Smo;Смо;assets/images/words/smo.webp;assets/sounds/words/smo.mp3;(мы) есть;(We) are;Grammar. Da li smo spremni? Sutra smo slobodni.;«smo» — форма глагола «biti» (быть) для 1-го лица множественного числа (mi + smo). Мы готовы? Завтра мы свободны.;"smo is the 1st person plural form of the verb ""biti"" (to be) (mi + smo). Are we ready? Tomorrow we are free.";;
12;general;2;Imaš;Имаш;assets/images/words/imas.webp;assets/sounds/words/imas.mp3;Ты имеешь / у тебя есть;You have;Imaš li vremena? Ti imaš lep osmeh. Imaš novu torbu.;У тебя есть время? У тебя красивая улыбка. У тебя новая сумка.;Do you have time? You have a nice smile. You have a new bag.;;
13;general;2;Imamo;Имамо;assets/images/words/imamo.webp;assets/sounds/words/imamo.mp3;Мы имеем / у нас есть;We have;Imamo veliki stan. Imamo puno posla. Imamo dobre prijatelje.;У нас большая квартира. У нас много работы. У нас хорошие друзья.;We have a big apartment. We have a lot of work. We have good friends.;;
14;general;2;Voliš;Волиш;assets/images/words/volis.webp;assets/sounds/words/volis.mp3;Любишь;You love / you like;Šta voliš da jedeš? Voliš li muziku? Ti voliš putovanja.;Что ты любишь есть? Ты любишь музыку? Ты любишь путешествия.;What do you like to eat? Do you like music? You love traveling.;;
15;general;2;Volimo;Волимо;assets/images/words/volimo.webp;assets/sounds/words/volimo.mp3;Любим;We love / we like;Volimo naš grad. Volimo da putujemo. Mi volimo leto.;Мы любим наш город. Мы любим путешествовать. Мы любим лето.;We love our city. We love to travel. We love summer.;;
16;general;2;Radiš;Радиш;assets/images/words/radis.webp;assets/sounds/words/radis.mp3;Работаешь;You work / you do;Gde radiš? Šta radiš večeras? Ti radiš previše.;Где ты работаешь? Что ты делаешь вечером? Ты слишком много работаешь.;Where do you work? What are you doing tonight? You work too much.;;
17;general;2;Radimo;Радимо;assets/images/words/radimo.webp;assets/sounds/words/radimo.mp3;Работаем;We work / we do;Radimo zajedno. Mi radimo u fabrici. Radimo svaki dan.;Мы работаем вместе. Мы работаем на фабрике. Мы работаем каждый день.;We work together. We work at a factory. We work every day.;;
18;general;2;Znaš;Знаш;assets/images/words/znas.webp;assets/sounds/words/znas.mp3;Знаешь;You know;Znaš li odgovor? Ti znaš mnogo jezika. Znaš gde je stanica?;Ты знаешь ответ? Ты знаешь много языков. Ты знаешь, где остановка?;Do you know the answer? You know many languages. Do you know where the station is?;;
19;general;2;Znamo;Знамо;assets/images/words/znamo.webp;assets/sounds/words/znamo.mp3;Знаем;We know;Mi znamo istinu. Znamo put do kuće. Znamo tvoje ime.;Мы знаем правду. Мы знаем дорогу домой. Мы знаем твоё имя.;We know the truth. We know the way home. We know your name.;;
20;general;2;Idemo;Идемо;assets/images/words/idemo.webp;assets/sounds/words/idemo.mp3;Идём;We go / we are going;Idemo na plažu. Mi idemo kući. Idemo zajedno u grad.;Мы идём на пляж. Мы идём домой. Мы идём вместе в город.;We are going to the beach. We are going home. We are going to the city together.;;
21;general;2;Ideš;Идеш;assets/images/words/ides.webp;assets/sounds/words/ides.mp3;Идёшь;You go / you are going;Kuda ideš? Ti ideš prebrzo. Ideš li sutra na posao?;Куда ты идёшь? Ты идёшь слишком быстро. Ты идёшь завтра на работу?;Where are you going? You're walking too fast. Are you going to work tomorrow?;;
28;general;2;Ste;Сте;assets/images/words/ste.webp;assets/sounds/words/ste.mp3;(вы) есть;(You) are;Grammar. Vi ste u pravu. Da li ste gladni?;«ste» — форма глагола «biti» (быть) для 2-го лица множественного числа (vi + ste). Вы правы. Вы голодны?;"ste is the 2nd person plural form of the verb ""biti"" (to be) (vi + ste). You are right. Are you hungry?";;
29;general;2;Ima;Има;assets/images/words/ima.webp;assets/sounds/words/ima.mp3;Имеет / есть;Has / there is;On ima psa. Ima li mesta? Ima puno ljudi ovde.;У него есть собака. Есть ли место? Здесь много людей.;He has a dog. Is there room? There are a lot of people here.;;
30;general;2;Imate;Имате;assets/images/words/imate.webp;assets/sounds/words/imate.mp3;Вы имеете / у вас есть;You have;Imate li vremena? Vi imate lepu kuću. Imate li dece?;У вас есть время? У вас красивый дом. У вас есть дети?;Do you have time? You have a nice house. Do you have children?;;
31;general;2;Voli;Воли;assets/images/words/voli.webp;assets/sounds/words/voli.mp3;Любит;Loves / likes;Ona voli čokoladu. On voli da čita. Mačka voli sunce.;Она любит шоколад. Он любит читать. Кошка любит солнце.;She loves chocolate. He loves to read. The cat loves the sun.;;
32;general;2;Volite;Волите;assets/images/words/volite.webp;assets/sounds/words/volite.mp3;Любите;You love / you like;Šta volite da radite? Volite li putovanja? Vi volite muziku.;Что вы любите делать? Вы любите путешествия? Вы любите музыку.;What do you like to do? Do you like traveling? You love music.;;
33;general;2;Jede;Једе;assets/images/words/jede.webp;assets/sounds/words/jede.mp3;Ест;Eats;On jede sporo. Dete jede voće. Ona jede zdravo.;Он ест медленно. Ребёнок ест фрукты. Она питается правильно.;He eats slowly. The child eats fruit. She eats healthily.;;
34;general;2;Pije;Пије;assets/images/words/pije.webp;assets/sounds/words/pije.mp3;Пьёт;Drinks;On pije kafu svako jutro. Ona pije čaj sa medom. Dete pije mleko.;Он пьёт кофе каждое утро. Она пьёт чай с мёдом. Ребёнок пьёт молоко.;He drinks coffee every morning. She drinks tea with honey. The child drinks milk.;;
35;general;2;Zna;Зна;assets/images/words/zna.webp;assets/sounds/words/zna.mp3;Знает;Knows;On zna odgovor. Ona zna tri jezika. Zna li put?;Он знает ответ. Она знает три языка. Он знает дорогу?;He knows the answer. She knows three languages. Does he know the way?;;
36;general;2;Znate;Знате;assets/images/words/znate.webp;assets/sounds/words/znate.mp3;Знаете;You know;Znate li gde je pošta? Vi znate mnogo o tome. Znate li koliko je sati?;Вы знаете, где почта? Вы много об этом знаете. Вы знаете, который час?;Do you know where the post office is? You know a lot about that. Do you know what time it is?;;
37;general;2;Radi;Ради;assets/images/words/radi.webp;assets/sounds/words/radi.mp3;Работает;Works / does;On radi u školi. Šta ona radi? Radi svaki dan.;Он работает в школе. Что она делает? Он работает каждый день.;He works at a school. What is she doing? He works every day.;;
38;general;2;Radite;Радите;assets/images/words/radite.webp;assets/sounds/words/radite.mp3;Работаете;You work / you do;Gde radite? Šta radite večeras? Radite li subotom?;Где вы работаете? Что вы делаете вечером? Вы работаете по субботам?;Where do you work? What are you doing tonight? Do you work on Saturdays?;;
39;general;2;Ide;Иде;assets/images/words/ide.webp;assets/sounds/words/ide.mp3;Идёт;Goes / is going;On ide u školu. Autobus ide kasno. Ide li ona sa nama?;Он идёт в школу. Автобус едет с опозданием. Она идёт с нами?;He is going to school. The bus is running late. Is she coming with us?;;
40;general;2;Idete;Идете;assets/images/words/idete.webp;assets/sounds/words/idete.mp3;Идёте;You go / you are going;Kuda idete? Idete li peške? Vi idete prebrzo.;Куда вы идёте? Вы идёте пешком? Вы идёте слишком быстро.;Where are you going? Are you going on foot? You are walking too fast.;;
50;general;2;Kupujem;Купујем;assets/images/words/kupujem.webp;assets/sounds/words/kupujem.mp3;Покупаю;I buy;Kupujem hleb svaki dan. Kupujem novu jaknu. Kupujem povrće na pijaci.;Я покупаю хлеб каждый день. Я покупаю новую куртку. Я покупаю овощи на рынке.;I buy bread every day. I am buying a new jacket. I buy vegetables at the market.;;
51;general;2;Jedan;Један;assets/images/words/jedan.webp;assets/sounds/words/jedan.mp3;Один;One;Imam jednog brata. Jedan je moj omiljeni broj. Popio sam jednu kafu.;У меня есть один брат. Один — моё любимое число. Я выпил одну чашку кофе.;I have one brother. One is my favorite number. I drank one coffee.;;
52;general;2;Dva;Два;assets/images/words/dva.webp;assets/sounds/words/dva.mp3;Два;Two;Imam dva psa. Čekaj dva minuta. Kupio sam dva sendviča.;У меня две собаки. Подожди две минуты. Я купил два сэндвича.;I have two dogs. Wait two minutes. I bought two sandwiches.;;
53;general;2;Tri;Три;assets/images/words/tri.webp;assets/sounds/words/tri.mp3;Три;Three;Imam tri knjige. Sastanak je za tri sata. Ona ima troje dece.;У меня три книги. Встреча через три часа. У неё трое детей.;I have three books. The meeting is in three hours. She has three children.;;
54;general;2;Četiri;Четири;assets/images/words/cetiri.webp;assets/sounds/words/cetiri.mp3;Четыре;Four;Ima četiri sobe u stanu. Idemo u četiri sata. Kupio sam četiri jabuke.;В квартире четыре комнаты. Мы идём в четыре часа. Я купил четыре яблока.;There are four rooms in the apartment. We're leaving at four o'clock. I bought four apples.;;
55;general;2;Pet;Пет;assets/images/words/pet.webp;assets/sounds/words/pet.mp3;Пять;Five;Imam pet minuta. Ima pet ljudi u sobi. Vraćam se za pet dana.;У меня есть пять минут. В комнате пять человек. Я вернусь через пять дней.;I have five minutes. There are five people in the room. I'll be back in five days.;;
56;general;2;Šest;Шест;assets/images/words/sest.webp;assets/sounds/words/sest.mp3;Шесть;Six;Ustajem u šest ujutru. Ima šest stolica. Šest meseci je prošlo.;Я встаю в шесть утра. Здесь шесть стульев. Прошло шесть месяцев.;I get up at six in the morning. There are six chairs. Six months have passed.;;
57;general;2;Sedam;Седам;assets/images/words/sedam.webp;assets/sounds/words/sedam.mp3;Семь;Seven;Radim sedam sati dnevno. Ima sedam dana u nedelji. Vraćam se za sedam minuta.;Я работаю семь часов в день. В неделе семь дней. Я вернусь через семь минут.;I work seven hours a day. There are seven days in a week. I'll be back in seven minutes.;;
58;general;2;Osam;Осам;assets/images/words/osam.webp;assets/sounds/words/osam.mp3;Восемь;Eight;Spavam osam sati. Ima osam gostiju. Sastanak počinje u osam.;Я сплю восемь часов. Здесь восемь гостей. Встреча начинается в восемь.;I sleep eight hours. There are eight guests. The meeting starts at eight.;;
59;general;2;Devet;Девет;assets/images/words/devet.webp;assets/sounds/words/devet.mp3;Девять;Nine;Škola počinje u devet. Ima devet stolova. Ima devet godina.;Школа начинается в девять. Здесь девять столов. Ему девять лет.;School starts at nine. There are nine tables. He is nine years old.;;
60;general;2;Deset;Десет;assets/images/words/deset.webp;assets/sounds/words/deset.mp3;Десять;Ten;Imam deset prstiju. Čekaj deset minuta. Ima deset učenika u razredu.;У меня десять пальцев. Подожди десять минут. В классе десять учеников.;I have ten fingers. Wait ten minutes. There are ten students in the class.;;
61;general;2;Veoma;Веома;assets/images/words/veoma.webp;assets/sounds/words/veoma.mp3;Очень;Very;Ona je veoma lepa. To je veoma važno. On je veoma umoran.;Она очень красивая. Это очень важно. Он очень устал.;She is very beautiful. That is very important. He is very tired.;;
62;general;2;Posle;После;assets/images/words/posle.webp;assets/sounds/words/posle.mp3;После;After / later;Vidimo se posle. Posle ručka idemo u šetnju. On je stigao posle mene.;Увидимся позже. После обеда мы идём на прогулку. Он приехал после меня.;See you later. After lunch we go for a walk. He arrived after me.;;
63;general;2;Koliko;Колико;assets/images/words/koliko.webp;assets/sounds/words/koliko.mp3;Сколько;How much/many;Koliko košta ova majica? Koliko imaš godina? Koliko je sati?;Сколько стоит эта футболка? Сколько тебе лет? Сколько сейчас времени?;How much does this T-shirt cost? How old are you? What time is it?;;
64;general;2;Prvi;Први;assets/images/words/prvi.webp;assets/sounds/words/prvi.mp3;Первый;First;On je prvi u redu. Ovo je moj prvi dan na poslu. Prvi put sam u Beogradu.;Он первый в очереди. Это мой первый день на работе. Я впервые в Белграде.;He is first in line. This is my first day at work. I'm in Belgrade for the first time.;;
65;general;2;Drugi;Други;assets/images/words/drugi.webp;assets/sounds/words/drugi.mp3;Второй;Second, other;Ona je stigla druga. Uzeću drugi primerak. Drugi ljudi misle drugačije.;Она пришла второй. Я возьму другой экземпляр. Другие люди думают иначе.;She arrived second. I'll take the other copy. Other people think differently.;;
66;general;2;Ideja;Идеја;assets/images/words/ideja.webp;assets/sounds/words/ideja.mp3;Идея;Idea;Imam odličnu ideju za projekat. Njena ideja je bila jednostavna, ali efikasna. Nemam pojma odakle mu ta ideja.;У меня отличная идея для проекта. Её идея была простой, но эффективной. Понятия не имею, откуда у него эта идея.;I have a great idea for the project. Her idea was simple but effective. I have no idea where he got that idea.;;
67;general;2;Pitanje;Питање;assets/images/words/pitanje.webp;assets/sounds/words/pitanje.mp3;Вопрос;Question;Imam jedno pitanje za tebe. Njeno pitanje je bilo vrlo jasno. Postavio je teško pitanje na ispitu.;У меня есть один вопрос к тебе. Её вопрос был очень ясным. Он задал сложный вопрос на экзамене.;I have one question for you. Her question was very clear. He asked a difficult question on the exam.;;
68;general;2;Problem;Проблем;assets/images/words/problem.webp;assets/sounds/words/problem.mp3;Проблема;Problem;Imamo mali problem sa autom. Rešili smo problem zajedno. Ovaj problem je teže rešiti nego što izgleda.;У нас небольшая проблема с машиной. Мы вместе решили проблему. Эту проблему сложнее решить, чем кажется.;We have a small problem with the car. We solved the problem together. This problem is harder to solve than it seems.;;
69;general;2;Sreća;Срећа;assets/images/words/sreca.webp;assets/sounds/words/sreca.mp3;Счастье;Happiness / luck;Poželela mu je sreću pred ispit. Sreća je stvar trenutka. Osećala je pravu sreću tog dana.;Она пожелала ему удачи перед экзаменом. Счастье — вопрос момента. В тот день она чувствовала настоящее счастье.;She wished him luck before the exam. Happiness is a matter of the moment. She felt real happiness that day.;;
70;general;2;Vreme;Време;assets/images/words/vreme.webp;assets/sounds/words/vreme.mp3;Время;Time / weather;Nemam vremena za odmor ovih dana. Vreme je danas prelepo za šetnju. Vreme brzo prolazi kad se zabavljaš.;В эти дни у меня нет времени на отдых. Сегодня прекрасная погода для прогулки. Время быстро летит, когда весело.;I don't have time to rest these days. The weather is beautiful today for a walk. Time flies fast when you're having fun.;;
71;general;2;Grad;Град;assets/images/words/grad.webp;assets/sounds/words/grad.mp3;Город;City;Živim u velikom gradu. Ovaj grad ima bogatu istoriju. Volimo da šetamo kroz stari deo grada.;Я живу в большом городе. У этого города богатая история. Мы любим гулять по старой части города.;I live in a big city. This city has a rich history. We love walking through the old part of the city.;;
72;general;2;Pod;Под;assets/images/words/pod.webp;assets/sounds/words/pod.mp3;Пол;Floor;Pod u kuhinji je od keramike. Deca se igraju na podu. Oprala je pod pre gostiju.;Пол на кухне керамический. Дети играют на полу. Она вымыла пол перед приходом гостей.;The kitchen floor is ceramic. The children are playing on the floor. She washed the floor before the guests arrived.;;
73;general;2;Zid;Зид;assets/images/words/zid.webp;assets/sounds/words/zid.mp3;Стена;Wall;Slika visi na zidu dnevne sobe. Obojili smo zid u svetlo plavu boju. Zid je bio pun grafita.;Картина висит на стене гостиной. Мы покрасили стену в светло-голубой цвет. Стена была вся в граффити.;The picture hangs on the living room wall. We painted the wall light blue. The wall was covered with graffiti.;;
74;general;2;Novine;Новине;assets/images/words/novine.webp;assets/sounds/words/novine.mp3;Газета;Newspaper;Čita novine svako jutro uz kafu. Kupio je novine na kiosku. U novinama je pisalo o novom zakonu.;Он читает газету каждое утро за кофе. Он купил газету в киоске. В газете писали о новом законе.;He reads the newspaper every morning with coffee. He bought a newspaper at the kiosk. The newspaper wrote about the new law.;;
75;general;2;Pismo;Писмо;assets/images/words/pismo.webp;assets/sounds/words/pismo.mp3;Письмо;Letter;Napisala mi je dugo pismo. Stiglo je pismo od strica iz inostranstva. Poslao sam pismo prošle nedelje.;Она написала мне длинное письмо. Пришло письмо от дяди из-за границы. Я отправил письмо на прошлой неделе.;She wrote me a long letter. A letter arrived from my uncle abroad. I sent the letter last week.;;
76;general;2;Broj;Број;assets/images/words/broj.webp;assets/sounds/words/broj.mp3;Номер / число;Number;Zapisala sam njen broj telefona. Koji je broj tvoje kuće? Broj učenika u razredu je porastao.;Я записала её номер телефона. Какой номер твоего дома? Число учеников в классе выросло.;I wrote down her phone number. What's your house number? The number of students in the class has increased.;;
77;general;2;Ime;Име;assets/images/words/ime.webp;assets/sounds/words/ime.mp3;Имя;Name;Kako se zove, koje mu je ime? Zaboravila sam njeno ime. Dala je detetu ime po baki.;Как его зовут, какое у него имя? Я забыла её имя. Она назвала ребёнка в честь бабушки.;What's his name? I forgot her name. She named the child after her grandmother.;;
78;general;2;Ključ;Кључ;assets/images/words/kljuc.webp;assets/sounds/words/kljuc.mp3;Ключ;Key;Izgubio sam ključ od stana. Stavila je ključ na sto. Zaključala je vrata i sakrila ključ.;Я потерял ключ от квартиры. Она положила ключ на стол. Она заперла дверь и спрятала ключ.;I lost the key to my apartment. She put the key on the table. She locked the door and hid the key.;;
79;general;2;Knjiga;Књига;assets/images/words/knjiga.webp;assets/sounds/words/knjiga.mp3;Книга;Book;Čitam zanimljivu knjigu ovih dana. Ova knjiga je bila bestseler prošle godine. Kupila sam joj knjigu za rođendan.;В эти дни я читаю интересную книгу. Эта книга была бестселлером в прошлом году. Я купила ей книгу на день рождения.;I'm reading an interesting book these days. This book was a bestseller last year. I bought her a book for her birthday.;;
80;general;2;Krevet;Кревет;assets/images/words/krevet.webp;assets/sounds/words/krevet.mp3;Кровать;Bed;Legao je u krevet rano uveče. Kupili smo novi krevet za spavaću sobu. Deca skaču po krevetu.;Он лёг в кровать рано вечером. Мы купили новую кровать в спальню. Дети прыгают на кровати.;He went to bed early in the evening. We bought a new bed for the bedroom. The children are jumping on the bed.;;
81;general;2;Lampa;Лампа;assets/images/words/lampa.webp;assets/sounds/words/lampa.mp3;Лампа;Lamp;Upalila je lampu jer je bilo mračno. Lampa na stolu daje toplu svetlost. Kupila sam novu lampu za dnevnu sobu.;Она включила лампу, потому что было темно. Лампа на столе даёт тёплый свет. Я купила новую лампу для гостиной.;She turned on the lamp because it was dark. The lamp on the desk gives a warm light. I bought a new lamp for the living room.;;
82;general;2;Natpis;Натпис;assets/images/words/natpis.webp;assets/sounds/words/natpis.mp3;Надпись;Sign / inscription;"Na vratima je stajao natpis ""Zatvoreno"". Pročitala je natpis na spomeniku. Natpis na prodavnici je bio na dva jezika.";На двери висела табличка «Закрыто». Она прочитала надпись на памятнике. Вывеска на магазине была на двух языках.;"On the door there was a sign that said ""Closed"". She read the inscription on the monument. The shop sign was in two languages.";;
83;general;2;Ogledalo;Огледало;assets/images/words/ogledalo.webp;assets/sounds/words/ogledalo.mp3;Зеркало;Mirror;Pogledala se u ogledalo pre izlaska. Ogledalo u hodniku je veliko. Razbio je slučajno ogledalo.;Она посмотрела в зеркало перед выходом. Зеркало в коридоре большое. Он случайно разбил зеркало.;She looked in the mirror before going out. The mirror in the hallway is big. He accidentally broke the mirror.;;
84;general;2;Olovka;Оловка;assets/images/words/olovka.webp;assets/sounds/words/olovka.mp3;Карандаш;Pencil;Piše domaći olovkom. Izgubio je olovku na času. Olovka mi se slomila usred pisanja.;Он пишет домашнее задание карандашом. Он потерял карандаш на уроке. Карандаш сломался прямо во время письма.;He does his homework with a pencil. He lost his pencil in class. My pencil broke while I was writing.;;
85;general;2;Polica;Полица;assets/images/words/polica.webp;assets/sounds/words/polica.mp3;Полка;Shelf;Knjige su poređane na polici. Postavio je novu policu u kuhinji. Polica se srušila pod težinom knjiga.;Книги расставлены на полке. Он установил новую полку на кухне. Полка обвалилась под тяжестью книг.;The books are arranged on the shelf. He installed a new shelf in the kitchen. The shelf collapsed under the weight of the books.;;
86;general;2;Prozor;Прозор;assets/images/words/prozor.webp;assets/sounds/words/prozor.mp3;Окно;Window;Otvorila je prozor da provetri sobu. Kroz prozor se vidi ceo grad. Prozor je bio zatvoren celu noć.;Она открыла окно, чтобы проветрить комнату. Из окна виден весь город. Окно было закрыто всю ночь.;She opened the window to air out the room. You can see the whole city through the window. The window was closed all night.;;
87;general;2;Reč;Реч;assets/images/words/rec.webp;assets/sounds/words/rec.mp3;Слово;Word;Nisam razumeo tu reč. Rekla mi je samo par reči. Ova reč ima nekoliko značenja.;Я не понял это слово. Она сказала мне всего пару слов. У этого слова несколько значений.;I didn't understand that word. She said only a few words to me. This word has several meanings.;;
88;general;2;Rečnik;Речник;assets/images/words/recnik.webp;assets/sounds/words/recnik.mp3;Словарь;Dictionary;Koristim rečnik kada učim nove reči. Ovaj rečnik ima preko sto hiljada reči. Kupila sam srpsko-ruski rečnik.;Я использую словарь, когда учу новые слова. В этом словаре более ста тысяч слов. Я купила сербско-русский словарь.;I use a dictionary when learning new words. This dictionary has over a hundred thousand words. I bought a Serbian-Russian dictionary.;;
89;general;2;Slika;Слика;assets/images/words/slika.webp;assets/sounds/words/slika.mp3;Картина / изображение;Picture;Naslikao je prelepu sliku planine. Slika visi iznad kreveta. Poslala mi je sliku sa putovanja.;Он написал прекрасную картину горы. Картина висит над кроватью. Она прислала мне фото с поездки.;He painted a beautiful picture of the mountain. The picture hangs above the bed. She sent me a picture from her trip.;;
90;general;2;Slovo;Слово;assets/images/words/slovo.webp;assets/sounds/words/slovo.mp3;Буква;Letter (of alphabet);Ovo slovo se retko koristi u srpskom jeziku. Naučila je sva slova azbuke. Napisao je svoje ime velikim slovima.;Эта буква редко используется в сербском языке. Она выучила все буквы алфавита. Он написал своё имя заглавными буквами.;This letter is rarely used in the Serbian language. She learned all the letters of the alphabet. He wrote his name in capital letters.;;
91;general;2;Stolica;Столица;assets/images/words/stolica.webp;assets/sounds/words/stolica.mp3;Стул;Chair;Sedeo je na drvenoj stolici. Kupili smo nove stolice za trpezariju. Stolica je bila prevrnuta na podu.;Он сидел на деревянном стуле. Мы купили новые стулья для столовой. Стул лежал перевёрнутым на полу.;He sat on a wooden chair. We bought new chairs for the dining room. The chair was overturned on the floor.;;
92;general;2;Sveska;Свеска;assets/images/words/sveska.webp;assets/sounds/words/sveska.mp3;Тетрадь;Notebook;Piše domaći u svesku. Kupila je novu svesku za školu. Zaboravila je svesku kod kuće.;Он пишет домашнее задание в тетради. Она купила новую тетрадь для школы. Она забыла тетрадь дома.;He writes his homework in a notebook. She bought a new notebook for school. She forgot her notebook at home.;;
93;general;2;Telefon;Телефон;assets/images/words/telefon.webp;assets/sounds/words/telefon.mp3;Телефон;Telephone;Telefon mi je zvonio dok sam spavala. Kupio je novi telefon prošle nedelje. Ostavila je telefon u drugoj sobi.;Телефон звонил, пока я спала. На прошлой неделе он купил новый телефон. Она оставила телефон в другой комнате.;My phone was ringing while I was sleeping. He bought a new phone last week. She left her phone in the other room.;;
94;general;2;Torba;Торба;assets/images/words/torba.webp;assets/sounds/words/torba.mp3;Сумка;Bag;Nosi tešku torbu na ramenu. Kupila je novu torbu za posao. Torba joj je puna knjiga.;Она несёт тяжёлую сумку на плече. Она купила новую сумку для работы. Её сумка полна книг.;She carries a heavy bag on her shoulder. She bought a new bag for work. Her bag is full of books.;;
95;general;2;Vrata;Врата;assets/images/words/vrata.webp;assets/sounds/words/vrata.mp3;Дверь;Door;Zatvorila je vrata za sobom. Neko kuca na vrata. Vrata su bila zaključana.;Она закрыла за собой дверь. Кто-то стучит в дверь. Дверь была заперта.;She closed the door behind her. Someone is knocking on the door. The door was locked.;;
96;general;2;Koštati;Коштати;assets/images/words/kostati.webp;assets/sounds/words/kostati.mp3;Стоить;To cost;Koliko košta ova knjiga? Ova torba košta previše. Putovanje će koštati mnogo novca.;Сколько стоит эта книга? Эта сумка стоит слишком дорого. Поездка будет стоить много денег.;How much does this book cost? This bag costs too much. The trip will cost a lot of money.;;
97;general;2;Zabava;Забава;assets/images/words/zabava.webp;assets/sounds/words/zabava.mp3;Развлечение / вечеринка;Fun / party;Rođendan je bio prava zabava. Volimo zabavu sa prijateljima. Ovaj park je pun zabave za decu.;День рождения был настоящим весельем. Мы любим веселье с друзьями. Этот парк полон развлечений для детей.;The birthday party was real fun. We love having fun with friends. This park is full of fun for kids.;;
98;general;2;Tačka;Тачка;assets/images/words/tacka.webp;assets/sounds/words/tacka.mp3;Точка;Point, dot;Stavi tačku na kraju rečenice. To je bila prekretna tačka u njegovom životu. Vidimo se na istoj tački sutra.;Поставь точку в конце предложения. Это был переломный момент в его жизни. Увидимся в той же точке завтра.;Put a period at the end of the sentence. That was a turning point in his life. See you at the same spot tomorrow.;;
557;general;2;Probati;Пробати;assets/images/words/probati.webp;assets/sounds/words/probati.mp3;Пробовать;To try;Probaj ovu supu, veoma je ukusna. Probala sam da je pozovem tri puta. Hajde da probamo nešto novo večeras.;Попробуй этот суп, он очень вкусный. Я пыталась позвонить ей три раза. Давай попробуем сегодня вечером что-то новое.;Try this soup, it's very tasty. I tried calling her three times. Let's try something new tonight.;;
558;general;2;Prodavati;Продавати;assets/images/words/prodavati.webp;assets/sounds/words/prodavati.mp3;Продавать;To sell;Prodaju kuću zbog preseljenja. On prodaje polovne automobile. Prodavali smo staru odeću na buvljaku.;Они продают дом из-за переезда. Он продаёт подержанные автомобили. Мы продавали старую одежду на блошином рынке.;They are selling the house because they're moving. He sells used cars. We were selling old clothes at the flea market.;;
559;general;2;Doneti;Донети;assets/images/words/doneti.webp;assets/sounds/words/doneti.mp3;Принести;To bring;Doneo mi je cveće iz bašte. Molim te donesi mi čašu vode. Doneli smo hranu za piknik.;Он принёс мне цветы из сада. Пожалуйста, принеси мне стакан воды. Мы принесли еду для пикника.;He brought me flowers from the garden. Please bring me a glass of water. We brought food for the picnic.;;
560;general;2;Doći;Доћи;assets/images/words/doci.webp;assets/sounds/words/doci.mp3;Прийти;To come;Doći ću odmah nakon posla. Da li si došao na vreme? Došli su iznenada bez najave.;Я приду сразу после работы. Ты пришёл вовремя? Они пришли внезапно, без предупреждения.;I'll come right after work. Did you come on time? They came suddenly, without notice.;;
561;general;2;Izgledati;Изгледати;assets/images/words/izgledati.webp;assets/sounds/words/izgledati.mp3;Выглядеть;To look / to seem;Izgledaš umorno danas. Ova torta izgleda predivno. Izgledalo je kao da će padati kiša.;Ты сегодня выглядишь уставшим. Этот торт выглядит великолепно. Казалось, что пойдёт дождь.;You look tired today. This cake looks wonderful. It looked like it was going to rain.;;
562;general;2;Kupiti;Купити;assets/images/words/kupiti.webp;assets/sounds/words/kupiti.mp3;Купить;To buy;Kupila sam nove cipele juče. Trebalo bi da kupimo hleb usput. Kupiće auto sledeće godine.;Вчера я купила новые туфли. Нам нужно купить хлеб по дороге. Он купит машину в следующем году.;I bought new shoes yesterday. We should buy bread on the way. He'll buy a car next year.;;
563;general;2;Menjati;Мењати;assets/images/words/menjati.webp;assets/sounds/words/menjati.mp3;Менять;To change;Menjam mišljenje kad vidim nove dokaze. Vreme se stalno menja ovih dana. Menjala je posao tri puta ove godine.;Я меняю мнение, когда вижу новые доказательства. Погода постоянно меняется в эти дни. Она три раза меняла работу в этом году.;I change my mind when I see new evidence. The weather keeps changing these days. She changed jobs three times this year.;;
564;general;2;Morati;Морати;assets/images/words/morati.webp;assets/sounds/words/morati.mp3;Быть должным / приходиться;To have to / must;Moram da završim ovaj posao danas. Morala je da otkaže putovanje. Moraćemo da požurimo ako želimo stići na vreme.;Я должен закончить эту работу сегодня. Ей пришлось отменить поездку. Нам придётся поторопиться, если мы хотим успеть вовремя.;I have to finish this work today. She had to cancel the trip. We'll have to hurry if we want to arrive on time.;;
565;general;2;Nositi;Носити;assets/images/words/nositi.webp;assets/sounds/words/nositi.mp3;Носить;To wear / to carry;Nosi crnu jaknu skoro svaki dan. Nosila je tešku torbu na leđima. Ne volim da nosim visoke potpetice.;Он почти каждый день носит чёрную куртку. Она несла тяжёлую сумку на спине. Я не люблю носить высокие каблуки.;He wears a black jacket almost every day. She carried a heavy bag on her back. I don't like wearing high heels.;;
566;general;2;Početi;Почети;assets/images/words/poceti.webp;assets/sounds/words/poceti.mp3;Начать;To begin / to start;Počeo je da uči nemački prošle godine. Kada počinje film? Počeli smo posao rano ujutru.;Он начал учить немецкий в прошлом году. Когда начинается фильм? Мы начали работу рано утром.;He started learning German last year. When does the movie start? We started work early in the morning.;;
567;general;2;Uspeti;Успети;assets/images/words/uspeti.webp;assets/sounds/words/uspeti.mp3;Успеть / суметь;To succeed / to manage;Uspeo je da položi ispit. Nadam se da ćemo uspeti na vreme. Uspela je da završi maraton.;Ему удалось сдать экзамен. Надеюсь, мы успеем вовремя. Ей удалось закончить марафон.;He managed to pass the exam. I hope we'll make it on time. She managed to finish the marathon.;;
568;general;2;Voziti;Возити;assets/images/words/voziti.webp;assets/sounds/words/voziti.mp3;Водить;To drive;Vozim auto već deset godina. Ne voli da vozi po noći. Vozili smo se satima kroz planine.;Я вожу машину уже десять лет. Он не любит водить ночью. Мы часами ехали через горы.;I've been driving for ten years. He doesn't like driving at night. We drove for hours through the mountains.;;
569;general;2;Završiti;Завршити;assets/images/words/zavrsiti.webp;assets/sounds/words/zavrsiti.mp3;Закончить;To finish;Završio sam posao pre roka. Kada ćeš završiti sa učenjem? Završili smo projekat na vreme.;Я закончил работу раньше срока. Когда ты закончишь учиться? Мы закончили проект вовремя.;I finished the work ahead of schedule. When will you finish studying? We finished the project on time.;;
570;general;2;Želeti;Желети;assets/images/words/zeleti.webp;assets/sounds/words/zeleti.mp3;Желать;To wish / to want;Želim ti srećan rođendan. Ona želi da putuje po svetu. Želeli smo da ostanemo duže.;Желаю тебе счастливого дня рождения. Она хочет путешествовать по миру. Мы хотели остаться подольше.;I wish you a happy birthday. She wants to travel the world. We wanted to stay longer.;;
842;health;2;Doktorka;Докторка;assets/images/words/doktorka.webp;assets/sounds/words/doktorka.mp3;Женщина-врач;Female doctor;Doktorka me je pregledala pažljivo. Moja doktorka je vrlo stručna. Otišao sam kod doktorke zbog kašlja.;Врач тщательно меня осмотрела. Мой врач — отличный специалист. Я пошёл к врачу из-за кашля.;The doctor examined me carefully. My doctor is very skilled. I went to the doctor because of a cough.;;
843;health;2;Klinika;Клиника;assets/images/words/klinika.webp;assets/sounds/words/klinika.mp3;Клиника;Clinic;Klinika je otvorena non-stop. Otišao sam u kliniku na pregled. Klinika ima moderne aparate.;Клиника работает круглосуточно. Я пошёл в клинику на осмотр. В клинике современное оборудование.;The clinic is open 24/7. I went to the clinic for a check-up. The clinic has modern equipment.;;
844;health;2;Zakazivanje;Заказивање;assets/images/words/zakazivanje.webp;assets/sounds/words/zakazivanje.mp3;Запись (на приём);Booking, scheduling;Zakazivanje pregleda je moguće onlajn. Zakazivanje termina traje nekoliko minuta. Nazovite za zakazivanje sastanka.;Запись на приём возможна онлайн. Запись на приём занимает несколько минут. Позвоните для записи на встречу.;Appointment booking is possible online. Scheduling an appointment takes a few minutes. Call to schedule a meeting.;;
845;health;2;Oko;Око;assets/images/words/oko.webp;assets/sounds/words/oko.mp3;Глаз;Eye;Boli me oko. Ima nešto u oku. Oko mi je crveno.;У меня болит глаз. Что-то в глазу. Глаз у меня красный.;My eye hurts. There's something in my eye. My eye is red.;;
846;health;2;Uho;Ухо;assets/images/words/uho.webp;assets/sounds/words/uho.mp3;Ухо;Ear;Boli me uho. Uho mi je začepljeno. Pregledao mi je uho.;У меня болит ухо. Ухо заложено. Он осмотрел мне ухо.;My ear hurts. My ear is blocked. He examined my ear.;;
847;health;2;Pritisak;Притисак;assets/images/words/pritisak.webp;assets/sounds/words/pritisak.mp3;Давление;Blood pressure;Izmerio mi je pritisak. Pritisak mi je visok. Pijem lek za pritisak.;Он измерил мне давление. У меня высокое давление. Я пью лекарство от давления.;He measured my blood pressure. My blood pressure is high. I take medicine for blood pressure.;;
848;health;2;Uputnica;Упутница;assets/images/words/uputnica.webp;assets/sounds/words/uputnica.mp3;Направление (к врачу);Referral;Treba mi uputnica za specijalistu. Uputnica važi mesec dana. Doktor mi je dao uputnicu.;Мне нужно направление к специалисту. Направление действует месяц. Врач дал мне направление.;I need a referral to a specialist. The referral is valid for a month. The doctor gave me a referral.;;
849;health;2;Bol;Бол;assets/images/words/bol.webp;assets/sounds/words/bol.mp3;Боль;Pain;Osećam jaku bol u leđima. Bol je nestala posle leka. Bol se pojačava noću.;Я чувствую сильную боль в спине. Боль прошла после лекарства. Боль усиливается ночью.;I feel a strong pain in my back. The pain went away after the medicine. The pain gets worse at night.;;
850;health;2;Bolestan;Болестан;assets/images/words/bolestan.webp;assets/sounds/words/bolestan.mp3;Больной;Sick;On je bolestan već tri dana. Osećam se bolesno. Bolestan sam od gripa.;Он болен уже три дня. Я чувствую себя больным. Я болен гриппом.;He's been sick for three days. I feel sick. I'm sick with the flu.;;
851;health;2;Boleti;Болети;assets/images/words/boleti.webp;assets/sounds/words/boleti.mp3;Болеть;To hurt;Počelo je da me boli grlo. Boli li vas ovde? Zub me boli od jutros.;У меня начало болеть горло. Здесь болит? Зуб болит с утра.;My throat started to hurt. Does it hurt here? My tooth has hurt since morning.;;
852;health;2;Glava;Глава;assets/images/words/glava.webp;assets/sounds/words/glava.mp3;Голова;Head;Glava me jako boli. Udario sam glavu o vrata. Glava mi se vrti.;У меня сильно болит голова. Я ударился головой о дверь. У меня кружится голова.;My head hurts a lot. I hit my head on the door. My head is spinning.;;
853;health;2;Grip;Грип;assets/images/words/grip.webp;assets/sounds/words/grip.mp3;Грипп;Flu;Imam grip već nedelju dana. Grip je zarazan. Vakcinisao sam se protiv gripa.;У меня грипп уже неделю. Грипп заразен. Я привился от гриппа.;I've had the flu for a week. The flu is contagious. I got vaccinated against the flu.;;
854;health;2;Grlo;Грло;assets/images/words/grlo.webp;assets/sounds/words/grlo.mp3;Горло;Throat;Grlo me boli kad gutam. Imam upalu grla. Pije čaj za grlo.;У меня болит горло при глотании. У меня воспаление горла. Он пьёт чай для горла.;My throat hurts when I swallow. I have a throat infection. He drinks tea for his throat.;;
855;health;2;Kašalj;Кашаљ;assets/images/words/kasalj.webp;assets/sounds/words/kasalj.mp3;Кашель;Cough;Imam jak kašalj. Kašalj ne prestaje. Uzimam sirup za kašalj.;У меня сильный кашель. Кашель не прекращается. Я принимаю сироп от кашля.;I have a bad cough. The cough won't stop. I'm taking cough syrup.;;
856;health;2;Kašljati;Кашљати;assets/images/words/kasljati.webp;assets/sounds/words/kasljati.mp3;Кашлять;To cough;Kašljem od jutros. Prestani da kašlješ na mene. Kašljala je celu noć.;Я кашляю с утра. Перестань кашлять на меня. Она кашляла всю ночь.;I've been coughing since morning. Stop coughing on me. She coughed all night.;;
857;health;2;Kijati;Кијати;assets/images/words/kijati.webp;assets/sounds/words/kijati.mp3;Чихать;To sneeze;Kijam zbog alergije. Kijao je nekoliko puta. Pokrij usta kad kijaš.;Я чихаю из-за аллергии. Он несколько раз чихнул. Прикрывай рот, когда чихаешь.;I'm sneezing because of allergies. He sneezed several times. Cover your mouth when you sneeze.;;
858;health;2;Kosa;Коса;assets/images/words/kosa.webp;assets/sounds/words/kosa.mp3;Волосы;Hair;Kosa mi je duga. Ošišao sam kosu. Kosa joj je plava.;У меня длинные волосы. Я подстригся. У неё светлые волосы.;My hair is long. I got my hair cut. Her hair is blonde.;;
859;health;2;Kost;Кост;assets/images/words/kost.webp;assets/sounds/words/kost.mp3;Кость;Bone;Slomio je kost u ruci. Kost zarasta polako. Rendgen je pokazao pukotinu na kosti.;Он сломал кость в руке. Кость срастается медленно. Рентген показал трещину в кости.;He broke a bone in his arm. The bone heals slowly. The X-ray showed a crack in the bone.;;
860;health;2;Koža;Кожа;assets/images/words/koza.webp;assets/sounds/words/koza.mp3;Кожа;Skin;Koža mi je suva zimi. Koža je crvena od sunca. Koristim kremu za kožu.;Зимой у меня сухая кожа. Кожа покраснела от солнца. Я использую крем для кожи.;My skin is dry in winter. The skin is red from the sun. I use a skin cream.;;
861;health;2;Lek;Лек;assets/images/words/lek.webp;assets/sounds/words/lek.mp3;Лекарство;Medicine;Uzimam lek za pritisak. Lek je gorak. Kupio sam lek u apoteci.;Я принимаю лекарство от давления. Лекарство горькое. Я купил лекарство в аптеке.;I take medicine for blood pressure. The medicine is bitter. I bought the medicine at the pharmacy.;;
862;health;2;Lečiti;Лечити;assets/images/words/leciti.webp;assets/sounds/words/leciti.mp3;Лечить;To treat;Doktor leči pacijenta. Lečimo bolest antibioticima. Treba lečiti ranu redovno.;Врач лечит пациента. Мы лечим болезнь антибиотиками. Рану нужно регулярно лечить.;The doctor is treating the patient. We treat the disease with antibiotics. The wound needs to be treated regularly.;;
863;health;2;Leđa;Леђа;assets/images/words/ledja.webp;assets/sounds/words/ledja.mp3;Спина;Back;Bole me leđa od sedenja. Ima problem sa leđima. Leđa su mi ukočena.;У меня болит спина от сидения. У него проблема со спиной. Спина у меня затекла.;My back hurts from sitting. He has a back problem. My back is stiff.;;
864;health;2;Noga;Нога;assets/images/words/noga.webp;assets/sounds/words/noga.mp3;Нога;Leg;Povredio sam nogu na skijanju. Noga mi je otekla. Slomio je nogu prošle godine.;Я повредил ногу на лыжах. Нога опухла. Он сломал ногу в прошлом году.;I injured my leg while skiing. My leg was swollen. He broke his leg last year.;;
865;health;2;Nos;Нос;assets/images/words/nos.webp;assets/sounds/words/nos.mp3;Нос;Nose;Nos mi je začepljen. Krv mi curi iz nosa. Duva nos zbog prehlade.;Нос у меня заложен. У меня идёт кровь из носа. Он сморкается из-за простуды.;My nose is stuffy. My nose is bleeding. He's blowing his nose because of a cold.;;
866;health;2;Osećati;Осећати;assets/images/words/osecati.webp;assets/sounds/words/osecati.mp3;Чувствовать;To feel;Osećam se bolje danas. Kako se osećaš posle operacije? Ona se oseća umorno.;Сегодня я чувствую себя лучше. Как ты себя чувствуешь после операции? Она чувствует усталость.;I feel better today. How do you feel after the surgery? She feels tired.;;
867;health;2;Oči;Очи;assets/images/words/oci.webp;assets/sounds/words/oci.mp3;Глаза;Eyes;Oči me peku. Ima plave oči. Zatvorio je oči od umora.;У меня жжёт в глазах. У неё голубые глаза. Он закрыл глаза от усталости.;My eyes are burning. She has blue eyes. He closed his eyes from tiredness.;;
868;health;2;Povreda;Повреда;assets/images/words/povreda.webp;assets/sounds/words/povreda.mp3;Травма;Injury;Zadobio je povredu na treningu. Povreda je bila ozbiljna. Oporavlja se od povrede.;Он получил травму на тренировке. Травма была серьёзной. Он восстанавливается после травмы.;He sustained an injury during training. The injury was serious. He's recovering from the injury.;;
869;health;2;Povrediti;Повредити;assets/images/words/povrediti.webp;assets/sounds/words/povrediti.mp3;Повредить / поранить(ся);To hurt / to injure;Povredio sam koleno na treningu. Pazi da se ne povrediš. Povredila je ruku prilikom pada.;Я повредил колено на тренировке. Будь осторожен, чтобы не пораниться. Она повредила руку при падении.;I hurt my knee at training. Be careful not to hurt yourself. She hurt her arm when she fell.;;
870;health;2;Prehlada;Прехлада;assets/images/words/prehlada.webp;assets/sounds/words/prehlada.mp3;Простуда;Cold (illness);Imam prehladu već dva dana. Prehlada prolazi sporo. Uzimam čaj protiv prehlade.;У меня простуда уже два дня. Простуда проходит медленно. Я пью чай от простуды.;I've had a cold for two days. The cold is going away slowly. I drink tea for the cold.;;
871;health;2;Prst;Прст;assets/images/words/prst.webp;assets/sounds/words/prst.mp3;Палец;Finger;Posekao sam prst nožem. Prst mi je otekao. Nosim prsten na prstu.;Я порезал палец ножом. Палец опух. Я ношу кольцо на пальце.;I cut my finger with a knife. My finger is swollen. I wear a ring on my finger.;;
872;health;2;Rame;Раме;assets/images/words/rame.webp;assets/sounds/words/rame.mp3;Плечо;Shoulder;Rame me boli od nošenja torbe. Iščašio je rame. Fizioterapeut masira rame.;У меня болит плечо от ношения сумки. Он вывихнул плечо. Физиотерапевт массирует плечо.;My shoulder hurts from carrying the bag. He dislocated his shoulder. The physiotherapist massages the shoulder.;;
873;health;2;Recept;Рецепт;assets/images/words/recept.webp;assets/sounds/words/recept.mp3;Рецепт;Prescription;Doktor mi je napisao recept. Kupio sam lek na recept. Recept važi mesec dana.;Врач выписал мне рецепт. Я купил лекарство по рецепту. Рецепт действует месяц.;The doctor wrote me a prescription. I bought the medicine on prescription. The prescription is valid for a month.;;
874;health;2;Ruka;Рука;assets/images/words/ruka.webp;assets/sounds/words/ruka.mp3;Рука;Arm / hand;Slomio je ruku prošle nedelje. Ruka mi je otekla. Operisali su mu ruku.;Он сломал руку на прошлой неделе. Рука у меня опухла. Ему сделали операцию на руке.;He broke his arm last week. My hand is swollen. They operated on his arm.;;
2114;holidays;2;Slava;Слава;assets/images/words/slava.webp;assets/sounds/words/slava.mp3;Слава;Slava (family patron saint day);Slavimo slavu svake godine u novembru. Na slavi se okuplja cela porodica. Naša slava je Sveti Nikola.;Мы празднуем славу каждый год в ноябре. На славе собирается вся семья. Наша слава — Святой Николай.;We celebrate our slava every year in November. The whole family gathers for the slava. Our slava is Saint Nicholas.;;
2115;holidays;2;Božić;Божић;assets/images/words/bozic.webp;assets/sounds/words/bozic.mp3;Рождество;Christmas;Božić slavimo sa porodicom. Deca jedva čekaju Božić i poklone. Za Božić ukrasili smo jelku.;Рождество мы празднуем с семьёй. Дети с нетерпением ждут Рождества и подарков. На Рождество мы украсили ёлку.;We celebrate Christmas with family. Children can hardly wait for Christmas and presents. We decorated the tree for Christmas.;;
2116;holidays;2;Buket;Букет;assets/images/words/buket.webp;assets/sounds/words/buket.mp3;Букет;Bouquet;Kupio joj je buket ruža. Buket cveća je stajao na stolu. Poklonio je nevesti prelep buket.;Он купил ей букет роз. Букет цветов стоял на столе. Он подарил невесте красивый букет.;He bought her a bouquet of roses. The bouquet of flowers stood on the table. He gave the bride a beautiful bouquet.;;
2117;holidays;2;Cveće;Цвеће;assets/images/words/cvece.webp;assets/sounds/words/cvece.mp3;Цветы;Flowers;Kupio je cveće za rođendan. Cveće u vazi je uvenulo. Volim miris svežeg cveća.;Он купил цветы на день рождения. Цветы в вазе увяли. Я люблю запах свежих цветов.;He bought flowers for the birthday. The flowers in the vase wilted. I love the smell of fresh flowers.;;
2118;holidays;2;Darivati;Даривати;assets/images/words/darivati.webp;assets/sounds/words/darivati.mp3;Дарить;To give (a gift);Volimo da darujemo jedni druge za praznike. Darivala je decu igračkama. Darivali su mladence novcem.;Мы любим дарить друг другу подарки на праздники. Она подарила детям игрушки. Молодожёнам подарили деньги.;We love giving each other gifts for the holidays. She gave the children toys as gifts. They gave the newlyweds money as a gift.;;
2119;holidays;2;Domaćin;Домаћин;assets/images/words/domacin.webp;assets/sounds/words/domacin.mp3;Хозяин;Host;Domaćin je dočekao goste na vratima. Bio je odličan domaćin cele večeri. Domaćin je pripremio bogatu trpezu.;Хозяин встретил гостей у двери. Он был отличным хозяином весь вечер. Хозяин приготовил богатый стол.;The host greeted the guests at the door. He was an excellent host all evening. The host prepared a rich table.;;
2120;holidays;2;Gest;Гест;assets/images/words/gest.webp;assets/sounds/words/gest.mp3;Жест;Gesture;Njen gest je bio pun ljubavi. To je bio lep gest sa njegove strane. Mali gest pažnje mnogo znači.;Её жест был полон любви. Это был красивый жест с его стороны. Небольшой знак внимания значит многое.;Her gesture was full of love. That was a nice gesture on his part. A small gesture of attention means a lot.;;
2121;holidays;2;Jelka;Јелка;assets/images/words/jelka.webp;assets/sounds/words/jelka.mp3;Ёлка;Christmas tree;Ukrasili smo jelku šarenim kuglicama. Jelka stoji u dnevnoj sobi. Ispod jelke su poklon paketići.;Мы украсили ёлку разноцветными шарами. Ёлка стоит в гостиной. Под ёлкой лежат подарки.;We decorated the Christmas tree with colorful ornaments. The Christmas tree stands in the living room. There are presents under the tree.;;
2122;holidays;2;Omiljen;Омиљен;assets/images/words/omiljen.webp;assets/sounds/words/omiljen.mp3;Любимый;Favorite;Ovo je moj omiljeni praznik. Čokolada je njena omiljena poslastica. Ovo je omiljeno mesto za odmor.;Это мой любимый праздник. Шоколад — её любимое лакомство. Это любимое место для отдыха.;This is my favorite holiday. Chocolate is her favorite treat. This is a favorite vacation spot.;;
2123;holidays;2;Otpakovati;Отпаковати;assets/images/words/otpakovati.webp;assets/sounds/words/otpakovati.mp3;Распаковать;To unwrap;Deca su brzo otpakovala poklone. Otpakovala je paket i pronašla knjigu. Otpakovao je poklon sa osmehom.;Дети быстро распаковали подарки. Она распаковала посылку и нашла книгу. Он распаковал подарок с улыбкой.;The children quickly unwrapped their presents. She unwrapped the package and found a book. He unwrapped the gift with a smile.;;
2124;holidays;2;Pokloniti;Поклонити;assets/images/words/pokloniti.webp;assets/sounds/words/pokloniti.mp3;Подарить;To give as a gift;Poklonio joj je prsten za godišnjicu. Poklonili su nam knjigu za venčanje. Poklonila mu je sat za rođendan.;Он подарил ей кольцо на годовщину. Нам подарили книгу на свадьбу. Она подарила ему часы на день рождения.;He gave her a ring for their anniversary. They gave us a book as a wedding gift. She gave him a watch for his birthday.;;
2125;holidays;2;Proslava;Прослава;assets/images/words/proslava.webp;assets/sounds/words/proslava.mp3;Празднование;Celebration;Proslava je trajala do kasno u noć. Organizovali smo veliku proslavu za diplomiranje. Proslava rođendana je bila nezaboravna.;Праздник длился до поздней ночи. Мы устроили большой праздник по случаю выпуска. Праздник дня рождения был незабываемым.;The celebration lasted until late at night. We organized a big celebration for the graduation. The birthday celebration was unforgettable.;;
2126;holidays;2;Simboličan;Симболичан;assets/images/words/simbolican.webp;assets/sounds/words/simbolican.mp3;Символичный;Symbolic;Ovo je simboličan poklon, ali sa velikim značenjem. Njihov gest je bio simboličan. Datum je simboličan za obe porodice.;Это символический подарок, но с большим значением. Их жест был символичным. Дата символична для обеих семей.;This is a symbolic gift, but with great meaning. Their gesture was symbolic. The date is symbolic for both families.;;
2127;holidays;2;Slaviti;Славити;assets/images/words/slaviti.webp;assets/sounds/words/slaviti.mp3;Праздновать / отмечать;To celebrate;Slavimo rođendan svake godine u istom restoranu. Slavili smo pobedu do zore. Cela zemlja slavi ovaj praznik.;Мы празднуем день рождения каждый год в одном и том же ресторане. Мы праздновали победу до рассвета. Вся страна празднует этот праздник.;We celebrate the birthday every year at the same restaurant. We celebrated the victory until dawn. The whole country celebrates this holiday.;;
2128;holidays;2;Traka;Трака;assets/images/words/traka.webp;assets/sounds/words/traka.mp3;Лента;Ribbon;Vezala je poklon crvenom trakom. Traka na haljini je bila zlatna. Presekli su traku na otvaranju.;Она перевязала подарок красной лентой. Лента на платье была золотой. Они перерезали ленту на открытии.;She tied the gift with a red ribbon. The ribbon on the dress was gold. They cut the ribbon at the opening.;;
2129;holidays;2;Ukrasiti;Украсити;assets/images/words/ukrasiti.webp;assets/sounds/words/ukrasiti.mp3;Украсить;To decorate;Ukrasili smo kuću za praznike. Ukrasila je tortu jagodama. Deca su ukrasila jelku zajedno.;Мы украсили дом к праздникам. Она украсила торт клубникой. Дети вместе украсили ёлку.;We decorated the house for the holidays. She decorated the cake with strawberries. The children decorated the Christmas tree together.;;
2130;holidays;2;Ukus;Укус;assets/images/words/ukus.webp;assets/sounds/words/ukus.mp3;Вкус;Taste;Ovaj kolač ima savršen ukus. Svako ima svoj ukus. Jelo je imalo neobičan, ali prijatan ukus.;У этого пирога идеальный вкус. У каждого свой вкус. У блюда был необычный, но приятный вкус.;This cake has a perfect taste. Everyone has their own taste. The dish had an unusual but pleasant taste.;;
2131;holidays;2;Upakovati;Упаковати;assets/images/words/upakovati.webp;assets/sounds/words/upakovati.mp3;Упаковать;To wrap / to pack;Upakovala je poklone pre polaska. Upakovao je knjigu u šareni papir. Trebalo bi da upakujemo sve večeras.;Она упаковала подарки перед отъездом. Он завернул книгу в цветную бумагу. Нам нужно всё упаковать сегодня вечером.;She wrapped the gifts before leaving. He wrapped the book in colorful paper. We should pack everything tonight.;;
2132;holidays;2;Uskrs;Ускрс;assets/images/words/uskrs.webp;assets/sounds/words/uskrs.mp3;Пасха;Easter;Za Uskrs farbamo jaja. Uskrs slavimo u proleće. Bakini kolači za Uskrs su najbolji.;На Пасху мы красим яйца. Пасху мы празднуем весной. Бабушкины пасхальные пироги самые вкусные.;For Easter we dye eggs. We celebrate Easter in spring. Grandma's Easter cakes are the best.;;
2133;holidays;2;Venčanje;Венчање;assets/images/words/vencanje.webp;assets/sounds/words/vencanje.mp3;Свадьба;Wedding;Venčanje je bilo veličanstveno. Pozvali smo pedeset gostiju na venčanje. Venčanje se održalo u crkvi.;Свадьба была великолепной. Мы пригласили пятьдесят гостей на свадьбу. Свадьба прошла в церкви.;The wedding was magnificent. We invited fifty guests to the wedding. The wedding took place in a church.;;
2134;holidays;2;Zahvalnost;Захвалност;assets/images/words/zahvalnost.webp;assets/sounds/words/zahvalnost.mp3;Благодарность;Gratitude;Osećam veliku zahvalnost prema svojoj porodici. Izrazila je zahvalnost svima koji su pomogli. Njena zahvalnost je bila iskrena.;Я чувствую огромную благодарность к своей семье. Она выразила благодарность всем, кто помог. Её благодарность была искренней.;I feel great gratitude toward my family. She expressed gratitude to everyone who helped. Her gratitude was sincere.;;
2135;holidays;2;Čestitati;Честитати;assets/images/words/cestitati.webp;assets/sounds/words/cestitati.mp3;Поздравить;To congratulate;Čestitao mi je na uspehu. Svi su joj čestitali na venčanju. Čestitam vam na novom poslu.;Он поздравил меня с успехом. Все поздравили её на свадьбе. Поздравляю вас с новой работой.;He congratulated me on my success. Everyone congratulated her at the wedding. Congratulations on your new job.;;
2136;holidays;2;Čestitka;Честитка;assets/images/words/cestitka.webp;assets/sounds/words/cestitka.mp3;Поздравительная открытка;Greeting card;Poslala sam joj čestitku za rođendan. Napisao je toplu čestitku za Novu godinu. Čestitka je stigla na vreme.;Я отправила ей открытку на день рождения. Он написал тёплую новогоднюю открытку. Открытка пришла вовремя.;I sent her a birthday card. He wrote a warm New Year's card. The card arrived on time.;;
282;home;2;Dušek;Душек;assets/images/words/dusek.webp;assets/sounds/words/dusek.mp3;Матрас;Mattress;Kupio sam nov dušek. Dušek je previše mek. Dušek treba zameniti.;Я купил новый матрас. Матрас слишком мягкий. Матрас нужно поменять.;I bought a new mattress. The mattress is too soft. The mattress needs to be replaced.;;
284;home;2;Fotelja;Фотеља;assets/images/words/fotelja.webp;assets/sounds/words/fotelja.mp3;Кресло;Armchair;Sedim u udobnoj fotelji. Fotelja je pored prozora. Kupili smo novu fotelju.;Я сижу в удобном кресле. Кресло у окна. Мы купили новое кресло.;I'm sitting in a comfortable armchair. The armchair is by the window. We bought a new armchair.;;
287;home;2;Hodnik;Ходник;assets/images/words/hodnik.webp;assets/sounds/words/hodnik.mp3;Коридор;Hallway;Hodnik vodi do sobe. Hodnik je uzan. Slike vise u hodniku.;Коридор ведёт в комнату. Коридор узкий. В коридоре висят картины.;The hallway leads to the room. The hallway is narrow. Pictures hang in the hallway.;;
289;home;2;Kapija;Капија;assets/images/words/kapija.webp;assets/sounds/words/kapija.mp3;Ворота;Gate;Kapija je zaključana. Otvori kapiju, molim. Stara kapija škripi.;Ворота заперты. Открой ворота, пожалуйста. Старые ворота скрипят.;The gate is locked. Open the gate, please. The old gate creaks.;;
295;home;2;Lonac;Лонац;assets/images/words/lonac.webp;assets/sounds/words/lonac.mp3;Кастрюля;Pot;Skuvao sam supu u loncu. Lonac je vruć. Stavi vodu u lonac.;Я сварил суп в кастрюле. Кастрюля горячая. Налей воду в кастрюлю.;I cooked soup in the pot. The pot is hot. Put water in the pot.;;
299;home;2;Ostava;Остава;assets/images/words/ostava.webp;assets/sounds/words/ostava.mp3;Кладовка;Pantry / storage room;Hrana je u ostavi. Ostava je mala, ali korisna. Stavi konzerve u ostavu.;Еда в кладовке. Кладовка маленькая, но полезная. Поставь консервы в кладовку.;The food is in the pantry. The pantry is small but useful. Put the canned food in the pantry.;;
305;home;2;Smeće;Смеће;assets/images/words/smece.webp;assets/sounds/words/smece.mp3;Мусор;Trash / garbage;Iznesi smeće napolje. Smeće se skuplja utorkom. Kanta za smeće je puna.;Вынеси мусор на улицу. Мусор вывозят по вторникам. Мусорное ведро полное.;Take the trash outside. The garbage is collected on Tuesdays. The trash can is full.;;
307;home;2;Stepenište;Степениште;assets/images/words/stepeniste.webp;assets/sounds/words/stepeniste.mp3;Лестница;Staircase;Stepenište vodi na sprat. Stepenište je usko. Deca trče niz stepenište.;Лестница ведёт на этаж. Лестница узкая. Дети бегут вниз по лестнице.;The staircase leads upstairs. The staircase is narrow. The children are running down the stairs.;;
308;home;2;Sudopera;Судопера;assets/images/words/sudopera.webp;assets/sounds/words/sudopera.mp3;Раковина;Kitchen sink;Sudopera je puna posuđa. Operi ruke u sudoperi. Sudopera curi.;Раковина полна посуды. Помой руки в раковине. Раковина протекает.;The sink is full of dishes. Wash your hands in the sink. The sink is leaking.;;
309;home;2;Tanjir;Тањир;assets/images/words/tanjir.webp;assets/sounds/words/tanjir.mp3;Тарелка;Plate;Stavi hranu na tanjir. Tanjir je slomljen. Operi tanjire posle ručka.;Положи еду на тарелку. Тарелка разбита. Помой тарелки после обеда.;Put the food on the plate. The plate is broken. Wash the plates after lunch.;;
310;home;2;Tavan;Таван;assets/images/words/tavan.webp;assets/sounds/words/tavan.mp3;Чердак;Attic;Čuvamo stare stvari na tavanu. Tavan je prašnjav. Popeo sam se na tavan.;Мы храним старые вещи на чердаке. Чердак пыльный. Я поднялся на чердак.;We keep old things in the attic. The attic is dusty. I went up to the attic.;;
311;home;2;Tepih;Тепих;assets/images/words/tepih.webp;assets/sounds/words/tepih.mp3;Ковёр;Carpet;Tepih je mek i topao. Usisao sam tepih. Kupili smo novi tepih.;Ковёр мягкий и тёплый. Я пропылесосил ковёр. Мы купили новый ковёр.;The carpet is soft and warm. I vacuumed the carpet. We bought a new carpet.;;
312;home;2;Terasa;Тераса;assets/images/words/terasa.webp;assets/sounds/words/terasa.mp3;Терраса;Terrace;Doručkujemo na terasi. Terasa ima pogled na baštu. Sedimo na terasi uveče.;Мы завтракаем на террасе. С террасы виден сад. Вечером мы сидим на террасе.;We have breakfast on the terrace. The terrace overlooks the garden. We sit on the terrace in the evening.;;
313;home;2;Usisivač;Усисивач;assets/images/words/usisivac.webp;assets/sounds/words/usisivac.mp3;Пылесос;Vacuum cleaner;Usisivač ne radi. Kupio sam novi usisivač. Usisavam tepih usisivačem.;Пылесос не работает. Я купил новый пылесос. Я пылесошу ковёр пылесосом.;The vacuum cleaner isn't working. I bought a new vacuum cleaner. I vacuum the carpet with the vacuum cleaner.;;
315;home;2;Viljuška;Виљушка;assets/images/words/viljuska.webp;assets/sounds/words/viljuska.mp3;Вилка;Fork;Daj mi viljušku, molim. Viljuška je čista. Jedem salatu viljuškom.;Дай мне вилку, пожалуйста. Вилка чистая. Я ем салат вилкой.;Give me a fork, please. The fork is clean. I eat salad with a fork.;;
316;home;2;Zavesa;Завеса;assets/images/words/zavesa.webp;assets/sounds/words/zavesa.mp3;Занавеска;Curtain;Zavesa je zatvorena. Otvori zavesu, molim. Kupili smo nove zavese.;Занавеска закрыта. Открой занавеску, пожалуйста. Мы купили новые занавески.;The curtain is closed. Open the curtain, please. We bought new curtains.;;
317;home;2;Ćebe;Ћебе;assets/images/words/cebe.webp;assets/sounds/words/cebe.mp3;Одеяло / плед;Blanket;Ćebe je toplo. Prekrio sam se ćebetom. Ćebe je na krevetu.;Одеяло тёплое. Я укрылся одеялом. Одеяло на кровати.;The blanket is warm. I covered myself with the blanket. The blanket is on the bed.;;
318;home;2;Čaša;Чаша;assets/images/words/casa.webp;assets/sounds/words/casa.mp3;Стакан;Glass;Sipaj vodu u čašu. Čaša je puna. Popio sam čašu soka.;Налей воду в стакан. Стакан полный. Я выпил стакан сока.;Pour water into the glass. The glass is full. I drank a glass of juice.;;
319;home;2;Šporet;Шпорет;assets/images/words/sporet.webp;assets/sounds/words/sporet.mp3;Плита;Stove;Šporet je uključen. Kuvam na šporetu. Šporet ne radi.;Плита включена. Я готовлю на плите. Плита не работает.;The stove is on. I'm cooking on the stove. The stove isn't working.;;
320;home;2;Tuš;Туш;assets/images/words/tus.webp;assets/sounds/words/tus.mp3;Душ;Shower;Tuš ne radi dobro. Uzimam tuš svako jutro. Tuš je hladan.;Душ плохо работает. Я принимаю душ каждое утро. Душ холодный.;The shower isn't working well. I take a shower every morning. The shower is cold.;;
321;home;2;Lavabo;Лавабо;assets/images/words/lavabo.webp;assets/sounds/words/lavabo.mp3;Умывальник;Bathroom sink;Lavabo je začepljen. Operi zube pored lavaboa. Lavabo je nov.;Раковина в ванной засорена. Почисти зубы у раковины. Раковина новая.;The bathroom sink is clogged. Brush your teeth by the sink. The sink is new.;;
322;home;2;Fioka;Фиока;assets/images/words/fioka.webp;assets/sounds/words/fioka.mp3;Ящик;Drawer;Fioka je zaglavljena. Stavi čarape u fioku. Otvorio sam pogrešnu fioku.;Ящик застрял. Положи носки в ящик. Я открыл не тот ящик.;The drawer is stuck. Put the socks in the drawer. I opened the wrong drawer.;;
323;home;2;Mašina;Машина;assets/images/words/masina.webp;assets/sounds/words/masina.mp3;Машина;Machine;Mašina za veš je pokvarena. Kupili smo novu mašinu za sudove. Ova mašina radi vrlo tiho.;Стиральная машина сломалась. Мы купили новую посудомоечную машину. Эта машина работает очень тихо.;The washing machine is broken. We bought a new dishwasher. This machine works very quietly.;;
324;home;2;Metla;Метла;assets/images/words/metla.webp;assets/sounds/words/metla.mp3;Метла;Broom;Pomeo sam pod metlom. Metla je u ostavi. Kupio sam novu metlu.;Я подмёл пол метлой. Метла в кладовке. Я купил новую метлу.;I swept the floor with a broom. The broom is in the pantry. I bought a new broom.;;
325;home;2;Krpa;Крпа;assets/images/words/krpa.webp;assets/sounds/words/krpa.mp3;Тряпка;Cloth / rag;Obriši sto krpom. Krpa je mokra. Kupila sam nove krpe za čišćenje.;Протри стол тряпкой. Тряпка мокрая. Я купила новые тряпки для уборки.;Wipe the table with a cloth. The cloth is wet. I bought new cleaning cloths.;;
326;home;2;Kuvam;Кувам;assets/images/words/kuvam.webp;assets/sounds/words/kuvam.mp3;Готовлю;I cook;Kuvam ručak svaki dan. Volim da kuvam pastu. Kuvam za celu porodicu.;Я готовлю обед каждый день. Я люблю готовить пасту. Я готовлю для всей семьи.;I cook lunch every day. I love cooking pasta. I cook for the whole family.;;
327;home;2;Prati;Прати;assets/images/words/prati.webp;assets/sounds/words/prati.mp3;Мыть / стирать;To wash;Perem sudove posle večere. Ona pere veš svakog vikenda. Treba da operem kola.;Я мою посуду после ужина. Она стирает бельё каждые выходные. Мне нужно помыть машину.;I wash the dishes after dinner. She does the laundry every weekend. I need to wash the car.;;
328;home;2;Peglam;Пеглам;assets/images/words/peglam.webp;assets/sounds/words/peglam.mp3;Глажу;I iron;Peglam košulje nedeljom. Peglam odeću pre posla. Ne volim da peglam.;Я глажу рубашки по воскресеньям. Я глажу одежду перед работой. Я не люблю гладить.;I iron shirts on Sundays. I iron my clothes before work. I don't like ironing.;;
329;home;2;Namestiti;Наместити;assets/images/words/namestiti.webp;assets/sounds/words/namestiti.mp3;Заправить (постель) / обставить / установить;To make (a bed), to furnish;Namesti krevet pre nego što izađeš. Namestili smo stan novim nameštajem. Treba da namestim policu na zid.;Заправь кровать перед уходом. Мы обставили квартиру новой мебелью. Мне нужно установить полку на стену.;Make the bed before you leave. We furnished the apartment with new furniture. I need to mount a shelf on the wall.;;
330;home;2;Zalivati;Заливати;assets/images/words/zalivati.webp;assets/sounds/words/zalivati.mp3;Поливать;To water;Zalivam cveće svako jutro. Treba zalivati baštu leti češće. Zaboravio sam da zalijem biljke.;Я поливаю цветы каждое утро. Летом сад нужно поливать чаще. Я забыл полить растения.;I water the flowers every morning. In summer the garden needs to be watered more often. I forgot to water the plants.;;
331;home;2;Bacati;Бацати;assets/images/words/bacati.webp;assets/sounds/words/bacati.mp3;Бросать;To throw away;Ne bacaj smeće na ulici. Bacamo staru odeću koju ne nosimo. Bacio je papir u kantu.;Не бросай мусор на улице. Мы выбрасываем старую одежду, которую не носим. Он выбросил бумагу в корзину.;Don't throw trash on the street. We throw away old clothes we don't wear. He threw the paper in the bin.;;
1261;MUP;2;MUP;МУП;assets/images/words/mup.webp;assets/sounds/words/mup.mp3;МВД;Ministry of Interior (MUP);Otišao sam u MUP. MUP izdaje boravišne dozvole. Zakazao sam termin u MUP-u.;Я пошёл в МВД. МВД выдаёт виды на жительство. Я записался на приём в МВД.;I went to the Ministry of Interior. MUP issues residence permits. I made an appointment at MUP.;;
1262;MUP;2;Boravak;Боравак;assets/images/words/boravak.webp;assets/sounds/words/boravak.mp3;Пребывание;Stay / residence;Boravak traje šest meseci. Prijavio sam svoj boravak. Boravak mi ističe uskoro.;Пребывание длится шесть месяцев. Я зарегистрировал своё пребывание. Срок моего пребывания скоро истекает.;The stay lasts six months. I registered my stay. My stay is expiring soon.;;
1263;MUP;2;Dokument;Документ;assets/images/words/dokument.webp;assets/sounds/words/dokument.mp3;Документ;Document;Ponesite sva potrebna dokumenta. Dokument je overen danas. Izgubio sam važan dokument.;Возьмите все необходимые документы. Документ заверен сегодня. Я потерял важный документ.;Bring all the necessary documents. The document was notarized today. I lost an important document.;;
1264;MUP;2;Država;Држава;assets/images/words/drzava.webp;assets/sounds/words/drzava.mp3;Государство;State / country;Ova država ima zakone. Država finansira obrazovanje. Živim u ovoj državi deset godina.;В этом государстве есть законы. Государство финансирует образование. Я живу в этой стране десять лет.;This state has laws. The state finances education. I've lived in this country for ten years.;;
1265;MUP;2;Građanin;Грађанин;assets/images/words/gradjanin.webp;assets/sounds/words/gradjanin.mp3;Гражданин;Citizen;On je građanin zemlje. Građani imaju prava i obaveze. Sada je postao građanin.;Он гражданин страны. У граждан есть права и обязанности. Теперь он гражданин.;He's a citizen of the country. Citizens have rights and duties. He's now a citizen.;;
1266;MUP;2;Predsednik;Председник;assets/images/words/predsednik.webp;assets/sounds/words/predsednik.mp3;Президент;President;Predsednik je posetio grad. Predsednik drži govor večeras. Izabran je novi predsednik.;Президент посетил город. Президент выступает с речью сегодня вечером. Избран новый президент.;The president visited the city. The president gives a speech tonight. A new president was elected.;;
1267;MUP;2;Sud;Суд;assets/images/words/sud.webp;assets/sounds/words/sud.mp3;Суд;Court;Sud je doneo presudu. Ročište je zakazano u sudu. Sud je odbio žalbu.;Суд вынес приговор. Заседание назначено в суде. Суд отклонил жалобу.;The court delivered the verdict. The hearing is scheduled at the court. The court rejected the appeal.;;
1268;MUP;2;Vlada;Влада;assets/images/words/vlada.webp;assets/sounds/words/vlada.mp3;Правительство;Government;Vlada je najavila reforme. Vlada podržava male firme. Vlada je promenila politiku.;Правительство объявило реформы. Правительство поддерживает малые фирмы. Правительство изменило политику.;The government announced reforms. The government supports small businesses. The government changed its policy.;;
1269;MUP;2;Zakon;Закон;assets/images/words/zakon.webp;assets/sounds/words/zakon.mp3;Закон;Law;Zakon je stupio na snagu. Zakon reguliše boravak stranaca. Zakon je promenjen lane.;Закон вступил в силу. Закон регулирует пребывание иностранцев. Закон изменили в прошлом году.;The law took effect. The law regulates the residence of foreigners. The law was changed last year.;;
1270;MUP;2;Šalter;Шалтер;assets/images/words/salter.webp;assets/sounds/words/salter.mp3;Окошко;Counter;Idite do šaltera tri. Šalter je zatvoren zbog pauze. Šalter radi do dva.;Идите к окну три. Окно закрыто на перерыв. Окно работает до двух.;Go to counter three. The counter is closed for break. The counter is open till two.;;
1271;MUP;2;Stranac;Странац;assets/images/words/stranac.webp;assets/sounds/words/stranac.mp3;Иностранец;Foreigner;Kao stranac, moram da prijavim boravak. Stranci čekaju u posebnom redu. Ovaj zakon se odnosi i na strance.;Как иностранец, я должен зарегистрировать проживание. Иностранцы ждут в отдельной очереди. Этот закон касается и иностранцев.;As a foreigner, I have to register my residence. Foreigners wait in a separate line. This law also applies to foreigners.;;
1272;MUP;2;Nalepnica;Налепница;assets/images/words/nalepnica.webp;assets/sounds/words/nalepnica.mp3;Наклейка;Sticker;Nalepnica sa vizom je u pasošu. Nalepnica se stavlja pri odobrenju. Nalepnica je oštećena.;Наклейка с визой в паспорте. Наклейка ставится при одобрении. Наклейка повреждена.;The visa sticker is in the passport. The sticker is applied upon approval. The sticker is damaged.;;
1273;MUP;2;Zakup;Закуп;assets/images/words/zakup.webp;assets/sounds/words/zakup.mp3;Аренда / наём;Lease, rental;Potpisao sam ugovor o zakupu stana. Zakup traje godinu dana. Cena zakupa je porasla ove godine.;Я подписал договор аренды квартиры. Аренда длится год. Цена аренды выросла в этом году.;I signed a lease for the apartment. The lease lasts one year. The rental price has increased this year.;;
1274;MUP;2;Registracija;Регистрација;assets/images/words/registracija.webp;assets/sounds/words/registracija.mp3;Регистрация;Registration;Registracija boravka je obavezna za strance. Registracija auta ističe sledeći mesec. Uradio sam registraciju onlajn.;Регистрация проживания обязательна для иностранцев. Регистрация автомобиля истекает в следующем месяце. Я сделал регистрацию онлайн.;Residence registration is mandatory for foreigners. Car registration expires next month. I did the registration online.;;
1275;MUP;2;Ambasada;Амбасада;assets/images/words/ambasada.webp;assets/sounds/words/ambasada.mp3;Посольство;Embassy;Otišao sam u ambasadu po vizu. Ambasada je zatvorena zbog praznika. Ambasada je izdala potvrdu.;Я пошёл в посольство за визой. Посольство закрыто в праздник. Посольство выдало справку.;I went to the embassy for a visa. The embassy is closed on the holiday. The embassy issued a certificate.;;
1276;MUP;2;Dužnost;Дужност;assets/images/words/duznost.webp;assets/sounds/words/duznost.mp3;Долг;Duty;Plaćanje poreza je dužnost građana. Dužnost mi je da prijavim adresu. Ispunio sam svoju dužnost.;Уплата налогов — обязанность граждан. Моя обязанность — сообщить адрес. Я выполнил свой долг.;Paying taxes is a duty of citizens. It's my duty to report my address. I fulfilled my duty.;;
1277;MUP;2;Ministar;Министар;assets/images/words/ministar.webp;assets/sounds/words/ministar.mp3;Министр;Minister;Ministar je dao izjavu za medije. Ministar unutrašnjih poslova je posetio grad. Ministar je podneo ostavku.;Министр сделал заявление для СМИ. Министр внутренних дел посетил город. Министр подал в отставку.;The minister made a statement to the media. The Minister of the Interior visited the city. The minister resigned.;;
1278;MUP;2;Obrazac;Образац;assets/images/words/obrazac.webp;assets/sounds/words/obrazac.mp3;Бланк;Form;Popunite ovaj obrazac. Obrazac se predaje na šalteru. Preuzeo sam obrazac sa sajta.;Заполните этот бланк. Бланк подаётся в окне. Я скачал бланк с сайта.;Fill out this form. The form is submitted at the counter. I downloaded the form from the website.;;
1279;MUP;2;Odbiti;Одбити;assets/images/words/odbiti.webp;assets/sounds/words/odbiti.mp3;Отклонить;To reject;Odbili su moj zahtev. Ne mogu da odbiju bez razloga. Odbijena je moja žalba.;Мой запрос отклонили. Они не могут отклонить без причины. Моя жалоба была отклонена.;They rejected my request. They can't reject it without a reason. My complaint was rejected.;;
1280;MUP;2;Odobriti;Одобрити;assets/images/words/odobriti.webp;assets/sounds/words/odobriti.mp3;Одобрить;To approve;Odobrili su moj zahtev. Šef je odobrio odsustvo. Odobrena je nova dozvola.;Мой запрос одобрили. Начальник одобрил отпуск. Одобрено новое разрешение.;They approved my request. The boss approved the leave. A new permit was approved.;;
1281;MUP;2;Opština;Општина;assets/images/words/opstina.webp;assets/sounds/words/opstina.mp3;Муниципалитет;Municipality;Opština je izdala dozvolu. Živim u ovoj opštini. Opština organizuje kulturne događaje.;Муниципалитет выдал разрешение. Я живу в этом муниципалитете. Муниципалитет организует культурные мероприятия.;The municipality issued the permit. I live in this municipality. The municipality organizes cultural events.;;
1282;MUP;2;Parlament;Парламент;assets/images/words/parlament.webp;assets/sounds/words/parlament.mp3;Парламент;Parliament;Parlament je usvojio novi zakon. Sednica parlamenta traje ceo dan. Poslanici su u parlamentu.;Парламент принял новый закон. Заседание парламента длится весь день. Депутаты в парламенте.;The parliament adopted a new law. The parliament session lasts all day. The deputies are in parliament.;;
1283;MUP;2;Pečat;Печат;assets/images/words/pecat.webp;assets/sounds/words/pecat.mp3;Печать;Stamp;Dokument mora imati pečat. Stavite pečat na obrazac. Pečat je zvaničan.;На документе должна быть печать. Поставьте печать на бланк. Печать официальная.;The document must have a stamp. Put the stamp on the form. The stamp is official.;;
1284;MUP;2;Podneti;Поднети;assets/images/words/podneti.webp;assets/sounds/words/podneti.mp3;Подать;To submit;Podneo sam zahtev juče. Morate podneti sva dokumenta. Podneli su žalbu na odluku.;Я подал заявление вчера. Вам нужно подать все документы. Они подали жалобу на решение.;I submitted the application yesterday. You must submit all the documents. They submitted an appeal against the decision.;;
1285;MUP;2;Potvrda;Потврда;assets/images/words/potvrda.webp;assets/sounds/words/potvrda.mp3;Справка;Confirmation / certificate;Treba mi potvrda o zaposlenju. Potvrda je izdata odmah. Sačuvajte ovu potvrdu.;Мне нужна справка о трудоустройстве. Справку выдали сразу. Сохраните эту справку.;I need a certificate of employment. The certificate was issued immediately. Keep this certificate.;;
1286;MUP;2;Rešenje;Решење;assets/images/words/resenje.webp;assets/sounds/words/resenje.mp3;Решение;Decision;Dobio sam pozitivno rešenje. Rešenje stiže poštom. Rešenje je konačno.;Я получил положительное решение. Решение приходит по почте. Решение окончательное.;I received a positive decision. The decision arrives by mail. The decision is final.;;
1287;MUP;2;Uprava;Управа;assets/images/words/uprava.webp;assets/sounds/words/uprava.mp3;Управление;Administration;Uprava opštine je izdala saopštenje. Radim u gradskoj upravi. Uprava je odobrila projekat.;Управление муниципалитета выпустило заявление. Я работаю в городском управлении. Управление одобрило проект.;The municipal administration issued a statement. I work in the city administration. The administration approved the project.;;
1288;MUP;2;Ustav;Устав;assets/images/words/ustav.webp;assets/sounds/words/ustav.mp3;Конституция;Constitution;Ustav garantuje osnovna prava. Ustav je izmenjen pre pet godina. Poštujemo ustav zemlje.;Конституция гарантирует основные права. Конституция изменена пять лет назад. Мы уважаем конституцию страны.;The constitution guarantees basic rights. The constitution was amended five years ago. We respect the country's constitution.;;
1289;MUP;2;Zahtev;Захтев;assets/images/words/zahtev.webp;assets/sounds/words/zahtev.mp3;Заявление / запрос;Request;Podneo sam zahtev za vizu. Zahtev je u obradi. Zahtev je odbijen.;Я подал заявление на визу. Заявление находится на рассмотрении. Заявление отклонено.;I submitted a visa application. The request is being processed. The request was denied.;;
157;shop;2;Fiskalni;Фискални;assets/images/words/fiskalni.webp;assets/sounds/words/fiskalni.mp3;Фискальный;Fiscal;Ne zaboravite fiskalni račun. Fiskalni račun je obavezan. Zadržite fiskalni isečak.;Не забудьте фискальный чек. Фискальный чек обязателен. Сохраните фискальный чек.;Don't forget the fiscal receipt. The fiscal receipt is required. Keep the fiscal receipt.;;
194;shop;2;Skup;Скуп;assets/images/words/skup.webp;assets/sounds/words/skup.mp3;Дорогой;Expensive;Ovaj sat je skup. Skupo je, ali kvalitetno. Zašto je ovo tako skupo?;Эти часы дорогие. Дорого, но качественно. Почему это так дорого?;This watch is expensive. It's expensive, but good quality. Why is this so expensive?;;
195;shop;2;Tezga;Тезга;assets/images/words/tezga.webp;assets/sounds/words/tezga.mp3;Прилавок;Stall / counter;Tezga sa povrćem je puna. Prodavac stoji za tezgom. Voće je na tezgi.;Прилавок с овощами полон. Продавец стоит за прилавком. Фрукты на прилавке.;The vegetable stall is full. The vendor stands behind the stall. The fruit is on the stall.;;
196;shop;2;Vaga;Вага;assets/images/words/vaga.webp;assets/sounds/words/vaga.mp3;Весы;Scale;Stavi voće na vagu. Vaga pokazuje kilogram. Prodavac koristi vagu.;Положи фрукты на весы. Весы показывают килограмм. Продавец пользуется весами.;Put the fruit on the scale. The scale shows a kilogram. The seller uses the scale.;;
197;shop;2;Veličina;Величина;assets/images/words/velicina.webp;assets/sounds/words/velicina.mp3;Размер;Size;Koja je vaša veličina? Ova veličina mi ne odgovara. Imate li veću veličinu?;Какой у вас размер? Этот размер мне не подходит. У вас есть размер побольше?;What's your size? This size doesn't fit me. Do you have a bigger size?;;
198;shop;2;Vrećica;Врећица;assets/images/words/vrecica.webp;assets/sounds/words/vrecica.mp3;Пакетик;Small bag;Stavi bombone u vrećicu. Vrećica je mala. Uzmi plastičnu vrećicu.;Положи конфеты в пакетик. Пакетик маленький. Возьми пластиковый пакетик.;Put the candy in a small bag. The bag is small. Take a plastic bag.;;
199;shop;2;Odeljenje;Одељење;assets/images/words/odeljenje.webp;assets/sounds/words/odeljenje.mp3;Отдел;Department;Odeljenje za voće je levo. Radim u odeljenju za obuću. Ovo odeljenje je zatvoreno.;Отдел фруктов слева. Я работаю в обувном отделе. Этот отдел закрыт.;The fruit department is on the left. I work in the shoe department. This department is closed.;;
200;shop;2;Proizvod;Производ;assets/images/words/proizvod.webp;assets/sounds/words/proizvod.mp3;Продукт;Product;Ovaj proizvod je vrlo popularan. Proizvod ima garanciju od godinu dana. Kupila sam novi proizvod za negu kože.;Этот продукт очень популярен. На продукт даётся годовая гарантия. Я купила новый продукт для ухода за кожей.;This product is very popular. The product has a one-year warranty. I bought a new skincare product.;;
201;shop;2;Konzerve;Конзерве;assets/images/words/konzerve.webp;assets/sounds/words/konzerve.mp3;Консервы;Canned food;Kupio sam konzerve za zimu. Konzerve dugo traju. Ova polica ima samo konzerve.;Я купил консервы на зиму. Консервы долго хранятся. На этой полке только консервы.;I bought canned food for winter. Canned food lasts a long time. This shelf has only canned food.;;
202;shop;2;Pakovanje;Паковање;assets/images/words/pakovanje.webp;assets/sounds/words/pakovanje.mp3;Упаковка;Packaging;Pakovanje je oštećeno. Ovo pakovanje je ekološko. Proveri datum na pakovanju.;Упаковка повреждена. Эта упаковка экологичная. Проверь дату на упаковке.;The packaging is damaged. This packaging is eco-friendly. Check the date on the packaging.;;
203;shop;2;Jeftino;Јефтино;assets/images/words/jeftino.webp;assets/sounds/words/jeftino.mp3;Дёшево;Cheap / cheaply;Ovo je kupljeno jeftino. Sve je danas jeftino. Jeftino ne znači loše.;Это куплено дёшево. Сегодня всё дёшево. Дёшево не значит плохо.;This was bought cheaply. Everything is cheap today. Cheap doesn't mean bad.;;
204;shop;2;Skupo;Скупо;assets/images/words/skupo.webp;assets/sounds/words/skupo.mp3;Дорого;Expensive / expensively;Ovde je sve skupo. Skupo se plaća kvalitet. To je skupo za mene.;Здесь всё дорого. За качество платят дорого. Это дорого для меня.;Everything here is expensive. Quality costs a lot. That's expensive for me.;;
205;shop;2;Rasprodaja;Распродаја;assets/images/words/rasprodaja.webp;assets/sounds/words/rasprodaja.mp3;Распродажа;Clearance sale;Rasprodaja počinje sutra. Kupio sam sve na rasprodaji. Rasprodaja traje samo vikend.;Распродажа начинается завтра. Я купил всё на распродаже. Распродажа длится только выходные.;The clearance sale starts tomorrow. I bought everything at the sale. The sale only lasts the weekend.;;
206;shop;2;Kupon;Купон;assets/images/words/kupon.webp;assets/sounds/words/kupon.mp3;Купон;Coupon;Imam kupon za popust. Kupon važi do kraja meseca. Iskoristi kupon na kasi.;У меня есть купон на скидку. Купон действует до конца месяца. Используй купон на кассе.;I have a discount coupon. The coupon is valid until the end of the month. Use the coupon at the checkout.;;
207;shop;2;Lokalni;Локални;assets/images/words/lokalni.webp;assets/sounds/words/lokalni.mp3;Местный;Local;Volim da kupujem lokalne proizvode. Ovo je lokalna prodavnica. Lokalna pijaca radi svaki dan.;Я люблю покупать местные продукты. Это местный магазин. Местный рынок работает каждый день.;I like buying local products. This is a local shop. The local market is open every day.;;
208;shop;2;Šetalište;Шеталиште;assets/images/words/setaliste.webp;assets/sounds/words/setaliste.mp3;Променад;Promenade;Šetalište je puno ljudi. Volim šetati šetalištem uveče. Prodavnice su duž šetališta.;На променаде много людей. Я люблю гулять по променаду вечером. Магазины вдоль променада.;The promenade is full of people. I like walking on the promenade in the evening. Shops line the promenade.;;
209;shop;2;Deka;Дека;assets/images/words/deka.webp;assets/sounds/words/deka.mp3;Одеяло;Blanket;Kupio sam toplu deku. Deka je meka. Prekrij se dekom.;Я купил тёплое одеяло. Одеяло мягкое. Укройся одеялом.;I bought a warm blanket. The blanket is soft. Cover yourself with the blanket.;;
210;shop;2;Litar;Литар;assets/images/words/litar.webp;assets/sounds/words/litar.mp3;Литр;Liter;Kupio sam litar mleka. Treba mi pola litra ulja. Flaša sadrži litar vode.;Я купил литр молока. Мне нужно пол-литра масла. Бутылка содержит литр воды.;I bought a liter of milk. I need half a liter of oil. The bottle contains a liter of water.;;
211;shop;2;Boca;Боца;assets/images/words/boca.webp;assets/sounds/words/boca.mp3;Бутылка;Bottle;Boca je od stakla. Napunio sam bocu vodom. Boca vina je na stolu.;Бутылка стеклянная. Я наполнил бутылку водой. Бутылка вина на столе.;The bottle is made of glass. I filled the bottle with water. A bottle of wine is on the table.;;
212;shop;2;Deterdžent;Детерџент;assets/images/words/deterdzent.webp;assets/sounds/words/deterdzent.mp3;Стиральный порошок;Detergent;Kupio sam deterdžent za veš. Ovaj deterdžent dobro pere. Sipaj deterdžent u mašinu.;Я купил стиральный порошок. Этот порошок хорошо стирает. Насыпь порошок в машину.;I bought laundry detergent. This detergent washes well. Pour detergent into the machine.;;
213;shop;2;Papir;Папир;assets/images/words/papir.webp;assets/sounds/words/papir.mp3;Бумага;Paper;Treba mi list papira. Kupila je toalet papir. Ova kesa je napravljena od papira.;Мне нужен лист бумаги. Она купила туалетную бумагу. Этот пакет сделан из бумаги.;I need a sheet of paper. She bought toilet paper. This bag is made of paper.;;
214;shop;2;Birati;Бирати;assets/images/words/birati.webp;assets/sounds/words/birati.mp3;Выбирать;To choose;Teško je birati između njih. Volim birati sam. Moraš birati pažljivo.;Трудно выбирать между ними. Я люблю выбирать сам. Ты должен выбирать внимательно.;It's hard to choose between them. I like to choose myself. You must choose carefully.;;
215;shop;2;Domaći;Домаћи;assets/images/words/domaci.webp;assets/sounds/words/domaci.mp3;Домашний / отечественный;Domestic / homemade;Ovo je domaći proizvod. Volim domaći sir. Domaći je uvek bolji.;Это отечественный продукт. Я люблю домашний сыр. Домашнее всегда лучше.;This is a domestic product. I love homemade cheese. Homemade is always better.;;
216;shop;2;Gomila;Гомила;assets/images/words/gomila.webp;assets/sounds/words/gomila.mp3;Куча;Pile / bunch;Ima gomilu jabuka na tezgi. Videla sam gomilu ljudi. Bacio je gomilu papira.;На прилавке куча яблок. Я видела кучу людей. Он выбросил кучу бумаг.;There's a pile of apples on the stall. I saw a crowd of people. He threw away a pile of papers.;;
217;shop;2;Gram;Грам;assets/images/words/gram.webp;assets/sounds/words/gram.mp3;Грамм;Gram;Treba mi dvesta grama sira. Recept traži sto grama šećera. Ovo pakovanje ima pedeset grama.;Мне нужно двести граммов сыра. Рецепт требует сто граммов сахара. В этой упаковке пятьдесят граммов.;I need two hundred grams of cheese. The recipe calls for a hundred grams of sugar. This package has fifty grams.;;
218;shop;2;Kilo;Кило;assets/images/words/kilo.webp;assets/sounds/words/kilo.mp3;Кило;Kilo;Kupio sam kilo jabuka. Koliko košta kilo mesa? Uzeću pola kila.;Я купил кило яблок. Сколько стоит кило мяса? Я возьму полкило.;I bought a kilo of apples. How much does a kilo of meat cost? I'll take half a kilo.;;
219;shop;2;Kilogram;Килограм;assets/images/words/kilogram.webp;assets/sounds/words/kilogram.mp3;Килограмм;Kilogram;Vaga pokazuje jedan kilogram. Kupio sam kilogram krompira. Torba teži pet kilograma.;Весы показывают один килограмм. Я купил килограмм картофеля. Сумка весит пять килограммов.;The scale shows one kilogram. I bought a kilogram of potatoes. The bag weighs five kilograms.;;
220;shop;2;Komad;Комад;assets/images/words/komad.webp;assets/sounds/words/komad.mp3;Штука;Piece / item;Koliko košta jedan komad? Uzeću tri komada. Ostao je samo jedan komad.;Сколько стоит одна штука? Я возьму три штуки. Осталась только одна штука.;How much is one piece? I'll take three pieces. Only one piece is left.;;
221;shop;2;Korpa;Корпа;assets/images/words/korpa.webp;assets/sounds/words/korpa.mp3;Корзина;Basket;Stavi voće u korpu. Korpa je puna. Uzmi korpu na ulazu.;Положи фрукты в корзину. Корзина полная. Возьми корзину у входа.;Put the fruit in the basket. The basket is full. Take a basket at the entrance.;;
222;shop;2;Kusur;Кусур;assets/images/words/kusur.webp;assets/sounds/words/kusur.mp3;Сдача;Change (money);Zaboravili ste kusur. Nemam sitno za kusur. Kusur je tačan.;Вы забыли сдачу. У меня нет мелочи для сдачи. Сдача правильная.;You forgot your change. I don't have small change. The change is correct.;;
223;shop;2;Meriti;Мерити;assets/images/words/meriti.webp;assets/sounds/words/meriti.mp3;Мерить / взвешивать;To measure;Treba meriti tačnu količinu. Prodavac meri sir na vagi. Meri dva puta, seci jednom.;Нужно измерить точное количество. Продавец взвешивает сыр на весах. Меряй дважды, режь один раз.;You need to measure the exact amount. The seller weighs the cheese on the scale. Measure twice, cut once.;;
224;shop;2;Namirnice;Намирнице;assets/images/words/namirnice.webp;assets/sounds/words/namirnice.mp3;Продукты;Groceries;Kupio sam namirnice za nedelju. Namirnice su poskupele. Idem po namirnice.;Я купил продукты на неделю. Продукты подорожали. Я иду за продуктами.;I bought groceries for the week. Groceries have gotten more expensive. I'm going for groceries.;;
225;shop;2;Ponuda;Понуда;assets/images/words/ponuda.webp;assets/sounds/words/ponuda.mp3;Предложение;Offer;Ovo je odlična ponuda. Ponuda važi do subote. Prihvatio sam njihovu ponudu.;Это отличное предложение. Предложение действует до субботы. Я принял их предложение.;This is a great offer. The offer is valid until Saturday. I accepted their offer.;;
226;shop;2;Sezona;Сезона;assets/images/words/sezona.webp;assets/sounds/words/sezona.mp3;Сезон;Season;Ovo voće je u sezoni. Sezona popusta je počela. Van sezone je jeftinije.;Эти фрукты сезонные. Сезон скидок начался. Вне сезона дешевле.;This fruit is in season. The discount season has begun. It's cheaper out of season.;;
227;shop;2;Svež;Свеж;assets/images/words/svez.webp;assets/sounds/words/svez.mp3;Свежий (продукт);Fresh;Ovaj hleb je svež. Kupite samo svež sir. Riba mora biti sveža.;Этот хлеб свежий. Покупайте только свежий сыр. Рыба должна быть свежей.;This bread is fresh. Buy only fresh cheese. The fish must be fresh.;;
228;shop;2;Tegla;Тегла;assets/images/words/tegla.webp;assets/sounds/words/tegla.mp3;Банка;Jar;Kupio sam teglu meda. Tegla je puna džema. Zatvori teglu dobro.;Я купил банку мёда. Банка полна варенья. Хорошо закрой банку.;I bought a jar of honey. The jar is full of jam. Close the jar well.;;
229;shop;2;Vreća;Врећа;assets/images/words/vreca.webp;assets/sounds/words/vreca.mp3;Мешок;Sack;Kupio sam vreću krompira. Vreća je teška. Nosi vreću pažljivo.;Я купил мешок картофеля. Мешок тяжёлый. Неси мешок осторожно.;I bought a sack of potatoes. The sack is heavy. Carry the sack carefully.;;
230;shop;2;Zreo;Зрео;assets/images/words/zreo.webp;assets/sounds/words/zreo.mp3;Спелый;Ripe;Ova banana je zrela. Voće još nije zrelo. Kupite samo zrelo voće.;Этот банан спелый. Фрукты ещё не созрели. Покупайте только спелые фрукты.;This banana is ripe. The fruit isn't ripe yet. Buy only ripe fruit.;;
231;shop;2;Zamrznuto;Замрзнуто;assets/images/words/zamrznuto.webp;assets/sounds/words/zamrznuto.mp3;Замороженное;Frozen;Kupio sam zamrznuto povrće. Zamrznuta hrana traje duže. Ovo meso je zamrznuto.;Я купил замороженные овощи. Замороженная еда хранится дольше. Это мясо заморожено.;I bought frozen vegetables. Frozen food lasts longer. This meat is frozen.;;
232;shop;2;Organsko;Органско;assets/images/words/organsko.webp;assets/sounds/words/organsko.mp3;Органическое;Organic;Ovo povrće je organsko. Organska hrana je skuplja. Tražim organsko mleko.;Эти овощи органические. Органическая еда дороже. Я ищу органическое молоко.;These vegetables are organic. Organic food is more expensive. I'm looking for organic milk.;;
233;shop;2;Uvozno;Увозно;assets/images/words/uvozno.webp;assets/sounds/words/uvozno.mp3;Импортное;Imported;Ovo voće je uvozno. Uvozna roba je skuplja. Ne volim uvozno povrće.;Эти фрукты импортные. Импортные товары дороже. Я не люблю импортные овощи.;This fruit is imported. Imported goods are more expensive. I don't like imported vegetables.;;
234;shop;2;Roba;Роба;assets/images/words/roba.webp;assets/sounds/words/roba.mp3;Товар;Goods;Ova roba je na akciji. Prodavnica ima veliki izbor robe. Roba se dostavlja sutra.;Этот товар со скидкой. В магазине большой выбор товаров. Товар доставят завтра.;These goods are on sale. The store has a wide selection of goods. The goods will be delivered tomorrow.;;
235;shop;2;Zamena;Замена;assets/images/words/zamena.webp;assets/sounds/words/zamena.mp3;Замена / обмен;Exchange;Tražim zamenu za ovaj proizvod. Zamena je moguća u roku od sedam dana. Zamena je besplatna.;Я прошу обмен этого товара. Обмен возможен в течение семи дней. Обмен бесплатный.;I'm asking for an exchange of this product. Exchange is possible within seven days. The exchange is free.;;
2159;sport;2;Pobeda;Победа;assets/images/words/pobeda.webp;assets/sounds/words/pobeda.mp3;Победа;Victory;Naš tim je proslavio veliku pobedu. Ova pobeda im je donela titulu prvaka. Pobeda je bila teška, ali zaslužena.;Наша команда отпраздновала большую победу. Эта победа принесла им титул чемпиона. Победа была трудной, но заслуженной.;Our team celebrated a big victory. This victory brought them the championship title. The victory was hard-fought but deserved.;;
2160;sport;2;Poraz;Пораз;assets/images/words/poraz.webp;assets/sounds/words/poraz.mp3;Поражение;Defeat;Poraz je bio veoma bolan za navijače. Posle poraza, tim je promenio trenera. Ovo je bio njihov prvi poraz ove sezone.;Поражение было очень болезненным для болельщиков. После поражения команда сменила тренера. Это было их первое поражение в этом сезоне.;The defeat was very painful for the fans. After the defeat, the team changed coach. This was their first defeat this season.;;
2161;sport;2;Rezultat;Резултат;assets/images/words/rezultat.webp;assets/sounds/words/rezultat.mp3;Результат;Result;Konačan rezultat utakmice bio je iznenađujući. Rezultat testa je bio odličan. Čekamo rezultate izbora.;Итоговый результат матча оказался неожиданным. Результат теста был отличным. Мы ждём результатов выборов.;The final result of the match was surprising. The test result was excellent. We're waiting for the election results.;;
2162;sport;2;Aktivan;Активан;assets/images/words/aktivan.webp;assets/sounds/words/aktivan.mp3;Активный;Active;Vrlo je aktivan u sportskom klubu. Ostati aktivan je važno za zdravlje. Ona vodi aktivan način života.;Он очень активен в спортивном клубе. Оставаться активным важно для здоровья. Она ведёт активный образ жизни.;He is very active in the sports club. Staying active is important for health. She leads an active lifestyle.;;
2163;sport;2;Biciklizam;Бициклизам;assets/images/words/biciklizam.webp;assets/sounds/words/biciklizam.mp3;Велоспорт;Cycling;Biciklizam je odličan sport za srce. Bavi se biciklizmom već deset godina. Biciklizam je popularan hobi u ovom gradu.;Велоспорт отлично влияет на сердце. Он занимается велоспортом уже десять лет. Велоспорт — популярное хобби в этом городе.;Cycling is great for the heart. He has been into cycling for ten years. Cycling is a popular hobby in this city.;;
2164;sport;2;Fotoaparat;Фотоапарат;assets/images/words/fotoaparat.webp;assets/sounds/words/fotoaparat.mp3;Фотоаппарат;Camera;Poneo sam fotoaparat na planinarenje. Ovaj fotoaparat pravi odlične fotografije. Kupila sam novi fotoaparat za putovanje.;Я взял фотоаппарат в поход. Этот фотоаппарат делает отличные снимки. Я купила новый фотоаппарат для путешествия.;I brought my camera on the hike. This camera takes great photos. I bought a new camera for the trip.;;
2165;sport;2;Fotografija;Фотографија;assets/images/words/fotografija.webp;assets/sounds/words/fotografija.mp3;Фотография;Photograph;Ova fotografija je snimljena prošlog leta. Volim da pravim fotografije prirode. Fotografija je bila okačena na zidu.;Эта фотография сделана прошлым летом. Я люблю фотографировать природу. Фотография висела на стене.;This photograph was taken last summer. I love taking photographs of nature. The photograph was hanging on the wall.;;
2166;sport;2;Fudbal;Фудбал;assets/images/words/fudbal.webp;assets/sounds/words/fudbal.mp3;Футбол;Football / soccer;Fudbal je najpopularniji sport na svetu. Igramo fudbal svake subote. On je profesionalni igrač fudbala.;Футбол — самый популярный вид спорта в мире. Мы играем в футбол каждую субботу. Он профессиональный футболист.;Football is the most popular sport in the world. We play football every Saturday. He is a professional football player.;;
2167;sport;2;Gitara;Гитара;assets/images/words/gitara.webp;assets/sounds/words/gitara.mp3;Гитара;Guitar;Svira gitaru već pet godina. Kupio je novu akustičnu gitaru. Gitara je njegov omiljeni instrument.;Он играет на гитаре уже пять лет. Он купил новую акустическую гитару. Гитара — его любимый инструмент.;He has been playing guitar for five years. He bought a new acoustic guitar. The guitar is his favorite instrument.;;
2168;sport;2;Gol;Гол;assets/images/words/gol.webp;assets/sounds/words/gol.mp3;Гол;Goal;Postigao je pobednički gol u poslednjem minutu. Ekipa je primila dva gola u prvom poluvremenu. Ovaj gol je bio pravo umetničko delo.;Он забил победный гол на последней минуте. Команда пропустила два гола в первом тайме. Этот гол был настоящим произведением искусства.;He scored the winning goal in the last minute. The team conceded two goals in the first half. This goal was a real work of art.;;
2169;sport;2;Hobi;Хоби;assets/images/words/hobi.webp;assets/sounds/words/hobi.mp3;Хобби;Hobby;Fotografija je postala moj omiljeni hobi. Kakav je tvoj hobi? Bavljenje muzikom mu je hobi od detinjstva.;Фотография стала моим любимым хобби. Какое у тебя хобби? Занятия музыкой — его хобби с детства.;Photography has become my favorite hobby. What is your hobby? Playing music has been his hobby since childhood.;;
2170;sport;2;Igrati;Играти;assets/images/words/igrati.webp;assets/sounds/words/igrati.mp3;Играть;To play;Deca vole da igraju fudbal u parku. Igramo šah svake nedelje. On zna da igra klavir.;Дети любят играть в футбол в парке. Мы играем в шахматы каждое воскресенье. Он умеет играть на пианино.;The children love playing football in the park. We play chess every Sunday. He knows how to play the piano.;;
2171;sport;2;Igrač;Играч;assets/images/words/igrac.webp;assets/sounds/words/igrac.mp3;Игрок;Player;Taj igrač je postigao dva gola. Naš tim ima nekoliko odličnih igrača. Postao je najbolji igrač lige.;Этот игрок забил два гола. В нашей команде есть несколько отличных игроков. Он стал лучшим игроком лиги.;That player scored two goals. Our team has several excellent players. He became the best player in the league.;;
2172;sport;2;Instrument;Инструмент;assets/images/words/instrument.webp;assets/sounds/words/instrument.mp3;Инструмент;Instrument;Svira nekoliko muzičkih instrumenata. Violina je težak instrument za učenje. Kupio je svoj prvi instrument sa dvanaest godina.;Он играет на нескольких музыкальных инструментах. Скрипка — сложный для изучения инструмент. Он купил свой первый инструмент в двенадцать лет.;He plays several musical instruments. The violin is a difficult instrument to learn. He bought his first instrument at twelve.;;
2173;sport;2;Kapiten;Капитен;assets/images/words/kapiten.webp;assets/sounds/words/kapiten.mp3;Капитан;Captain;Kapiten tima je poveo ekipu do pobede. Izabran je za novog kapitena kluba. Kapiten nosi traku oko ruke.;Капитан команды привёл её к победе. Он избран новым капитаном клуба. Капитан носит повязку на руке.;The team captain led the squad to victory. He was chosen as the club's new captain. The captain wears an armband.;;
2174;sport;2;Klavir;Клавир;assets/images/words/klavir.webp;assets/sounds/words/klavir.mp3;Пианино;Piano;Uči da svira klavir već tri godine. Klavir stoji u dnevnoj sobi. Odsvirala je prelepu melodiju na klaviru.;Она учится играть на пианино уже три года. Пианино стоит в гостиной. Она сыграла красивую мелодию на пианино.;She has been learning piano for three years. The piano stands in the living room. She played a beautiful melody on the piano.;;
2175;sport;2;Klub;Клуб;assets/images/words/klub.webp;assets/sounds/words/klub.mp3;Клуб;Club;Postao je član lokalnog fudbalskog kluba. Klub je osvojio titulu prvaka. Trenira u ovom klubu od malih nogu.;Он стал членом местного футбольного клуба. Клуб завоевал титул чемпиона. Он тренируется в этом клубе с малых лет.;He became a member of the local football club. The club won the championship title. He has trained at this club since he was little.;;
2176;sport;2;Košarka;Кошарка;assets/images/words/kosarka.webp;assets/sounds/words/kosarka.mp3;Баскетбол;Basketball;Igra košarku svakog vikenda. Košarka zahteva brzinu i visinu. Naš grad ima odličan tim za košarku.;Он играет в баскетбол каждые выходные. Баскетбол требует скорости и роста. В нашем городе отличная баскетбольная команда.;He plays basketball every weekend. Basketball requires speed and height. Our city has an excellent basketball team.;;
2177;sport;2;Lopta;Лопта;assets/images/words/lopta.webp;assets/sounds/words/lopta.mp3;Мяч;Ball;Deca se igraju loptom u dvorištu. Lopta je uletela pravo u gol. Kupio sam novu fudbalsku loptu.;Дети играют с мячом во дворе. Мяч влетел прямо в ворота. Я купил новый футбольный мяч.;The children are playing with a ball in the yard. The ball flew straight into the goal. I bought a new football.;;
2178;sport;2;Muzika;Музика;assets/images/words/muzika.webp;assets/sounds/words/muzika.mp3;Музыка;Music;Voli da sluša muziku dok trči. Muzika mu pomaže da se opusti. Na žurci je svirala odlična muzika.;Он любит слушать музыку во время бега. Музыка помогает ему расслабиться. На вечеринке играла отличная музыка.;He likes listening to music while running. Music helps him relax. There was great music playing at the party.;;
2179;sport;2;Navijati;Навијати;assets/images/words/navijati.webp;assets/sounds/words/navijati.mp3;Болеть (за команду);To cheer / root for;Navijamo za domaći tim svake nedelje. Cela porodica navija za istu ekipu. Navijali smo glasno tokom cele utakmice.;Мы болеем за домашнюю команду каждое воскресенье. Вся семья болеет за одну и ту же команду. Мы громко болели весь матч.;We cheer for the home team every Sunday. The whole family roots for the same team. We cheered loudly throughout the whole match.;;
2180;sport;2;Navijač;Навијач;assets/images/words/navijac.webp;assets/sounds/words/navijac.mp3;Болельщик;Fan;On je veliki navijač lokalnog kluba. Navijači su ispunili ceo stadion. Postao je navijač otkad je bio dete.;Он большой болельщик местного клуба. Болельщики заполнили весь стадион. Он стал болельщиком ещё с детства.;He is a big fan of the local club. The fans filled the entire stadium. He became a fan when he was a child.;;
2181;sport;2;Odbojka;Одбојка;assets/images/words/odbojka.webp;assets/sounds/words/odbojka.mp3;Волейбол;Volleyball;Igramo odbojku na plaži svakog leta. Odbojka je timski sport koji zahteva koordinaciju. Trenira odbojku tri puta nedeljno.;Каждое лето мы играем в пляжный волейбол. Волейбол — командный вид спорта, требующий координации. Она тренируется по волейболу три раза в неделю.;We play beach volleyball every summer. Volleyball is a team sport that requires coordination. She trains volleyball three times a week.;;
2182;sport;2;Pecati;Пецати;assets/images/words/pecati.webp;assets/sounds/words/pecati.mp3;Рыбачить;To fish;Voli da peca na reci vikendom. Idemo da pecamo rano ujutru. Deda me je naučio da pecam.;Он любит рыбачить на реке по выходным. Мы идём рыбачить рано утром. Дедушка научил меня рыбачить.;He likes to fish in the river on weekends. We're going fishing early in the morning. Grandpa taught me how to fish.;;
2183;sport;2;Pevati;Певати;assets/images/words/pevati.webp;assets/sounds/words/pevati.mp3;Петь;To sing;Voli da peva pod tušem. Ona peva u lokalnom horu. Deca su pevala pesme oko vatre.;Он любит петь в душе. Она поёт в местном хоре. Дети пели песни у костра.;He likes to sing in the shower. She sings in the local choir. The children sang songs around the fire.;;
2184;sport;2;Planinarenje;Планинарење;assets/images/words/planinarenje.webp;assets/sounds/words/planinarenje.mp3;Пеший туризм в горах / хайкинг;Hiking;Planinarenje je moj omiljeni način opuštanja. Idemo na planinarenje svake subote. Planinarenje zahteva dobru fizičku pripremu.;Хайкинг — мой любимый способ расслабиться. Мы ходим в поход каждую субботу. Хайкинг требует хорошей физической подготовки.;Hiking is my favorite way to relax. We go hiking every Saturday. Hiking requires good physical preparation.;;
2185;sport;2;Planinariti;Планинарити;assets/images/words/planinariti.webp;assets/sounds/words/planinariti.mp3;Ходить в походы (в горы);To hike;Planinarimo svakog leta u istim planinama. Planinario je sam po celoj dolini. Volimo da planinarimo rano ujutru.;Каждое лето мы ходим в поход в одни и те же горы. Он в одиночку прошёл по всей долине. Мы любим ходить в поход рано утром.;We hike in the same mountains every summer. He hiked alone through the whole valley. We love hiking early in the morning.;;
2186;sport;2;Ples;Плес;assets/images/words/ples.webp;assets/sounds/words/ples.mp3;Танец;Dance;Ovaj ples je vrlo popularan na svadbama. Naučila je nekoliko koraka novog plesa. Ples je odličan način za vežbanje.;Этот танец очень популярен на свадьбах. Она выучила несколько шагов нового танца. Танец — отличный способ тренировки.;This dance is very popular at weddings. She learned a few steps of the new dance. Dancing is a great way to exercise.;;
2187;sport;2;Plesati;Плесати;assets/images/words/plesati.webp;assets/sounds/words/plesati.mp3;Танцевать;To dance;Volimo da plešemo na žurkama. Naučila me je da plešem tango. Deca su plesala celo veče.;Мы любим танцевать на вечеринках. Она научила меня танцевать танго. Дети танцевали весь вечер.;We love dancing at parties. She taught me how to dance the tango. The children danced all evening.;;
2188;sport;2;Plivanje;Пливање;assets/images/words/plivanje.webp;assets/sounds/words/plivanje.mp3;Плавание;Swimming;Plivanje je odličan sport za celo telo. Trenira plivanje četiri puta nedeljno. Plivanje mi pomaže da se opustim.;Плавание — отличный спорт для всего тела. Она тренируется по плаванию четыре раза в неделю. Плавание помогает мне расслабиться.;Swimming is a great full-body sport. She trains swimming four times a week. Swimming helps me relax.;;
2189;sport;2;Plivati;Пливати;assets/images/words/plivati.webp;assets/sounds/words/plivati.mp3;Плавать;To swim;Naučio sam da plivam kad sam imao pet godina. Plivamo u jezeru svakog leta. Ne volim da plivam u hladnoj vodi.;Я научился плавать в пять лет. Мы плаваем в озере каждое лето. Я не люблю плавать в холодной воде.;I learned to swim when I was five. We swim in the lake every summer. I don't like swimming in cold water.;;
2190;sport;2;Pobediti;Победити;assets/images/words/pobediti.webp;assets/sounds/words/pobediti.mp3;Победить;To win;Uspeli su da pobede u finalu. Moramo pobediti da bismo osvojili titulu. Pobedili su bez ijednog primljenog gola.;Им удалось победить в финале. Мы должны победить, чтобы завоевать титул. Они победили, не пропустив ни одного гола.;They managed to win in the final. We must win to claim the title. They won without conceding a single goal.;;
2191;sport;2;Reprezentacija;Репрезентација;assets/images/words/reprezentacija.webp;assets/sounds/words/reprezentacija.mp3;Сборная;National team;Reprezentacija je osvojila zlatnu medalju. Igra za nacionalnu reprezentaciju već pet godina. Reprezentacija se priprema za predstojeće takmičenje.;Сборная завоевала золотую медаль. Он уже пять лет играет за сборную страны. Сборная готовится к предстоящему соревнованию.;The national team won the gold medal. He has played for the national team for five years. The national team is preparing for the upcoming competition.;;
2192;sport;2;Ribolov;Риболов;assets/images/words/ribolov.webp;assets/sounds/words/ribolov.mp3;Рыбалка;Fishing;Ribolov je omiljena aktivnost mog dede. Idemo na ribolov svakog vikenda. Ribolov zahteva mnogo strpljenja.;Рыбалка — любимое занятие моего дедушки. Мы едем на рыбалку каждые выходные. Рыбалка требует много терпения.;Fishing is my grandfather's favorite activity. We go fishing every weekend. Fishing requires a lot of patience.;;
2193;sport;2;Roniti;Ронити;assets/images/words/roniti.webp;assets/sounds/words/roniti.mp3;Нырять;To dive;Voli da roni u toplim morima. Naučila je da roni prošlog leta. Ronili smo blizu koralnog grebena.;Он любит нырять в тёплых морях. Она научилась нырять прошлым летом. Мы ныряли возле кораллового рифа.;He likes to dive in warm seas. She learned to dive last summer. We dove near the coral reef.;;
2194;sport;2;Rukomet;Рукомет;assets/images/words/rukomet.webp;assets/sounds/words/rukomet.mp3;Гандбол;Handball;Igra rukomet za lokalni klub. Rukomet je vrlo popularan u ovoj zemlji. Trening rukometa je tri puta nedeljno.;Он играет в гандбол за местный клуб. Гандбол очень популярен в этой стране. Тренировки по гандболу проходят три раза в неделю.;He plays handball for the local club. Handball is very popular in this country. Handball training is three times a week.;;
2195;sport;2;Slikati;Сликати;assets/images/words/slikati.webp;assets/sounds/words/slikati.mp3;Рисовать красками / фотографировать;To paint / to take photos;Voli da slika pejzaže vikendom. Naučila je da slika akvarelom. Slikao je portret svoje majke.;Он любит рисовать пейзажи по выходным. Она научилась рисовать акварелью. Он написал портрет своей матери.;He likes to paint landscapes on weekends. She learned to paint with watercolors. He painted a portrait of his mother.;;
2196;sport;2;Sport;Спорт;assets/images/words/sport.webp;assets/sounds/words/sport.mp3;Спорт;Sport;Koji sport najviše voliš? Sport je važan deo zdravog života. Bavi se sportom od malih nogu.;Какой вид спорта тебе больше всего нравится? Спорт — важная часть здоровой жизни. Он занимается спортом с малых лет.;Which sport do you like the most? Sport is an important part of a healthy life. He has been into sports since he was little.;;
2197;sport;2;Sportski;Спортски;assets/images/words/sportski.webp;assets/sounds/words/sportski.mp3;Спортивный;Sporty / sports (adj.);Ima veoma sportski duh. Kupila je novu sportsku opremu. Sportski centar je otvoren svaki dan.;У него очень спортивный дух. Она купила новую спортивную экипировку. Спортивный центр открыт каждый день.;He has a very sporty spirit. She bought new sports equipment. The sports center is open every day.;;
2198;sport;2;Strastven;Страствен;assets/images/words/strastven.webp;assets/sounds/words/strastven.mp3;Страстный;Passionate;Strastven je navijač svog kluba. Ona je strastvena čitateljka knjiga. Njegov strastven pristup poslu je impresivan.;Он страстный болельщик своего клуба. Она страстная читательница книг. Его страстный подход к работе впечатляет.;He is a passionate fan of his club. She is a passionate reader of books. His passionate approach to work is impressive.;;
2199;sport;2;Svirati;Свирати;assets/images/words/svirati.webp;assets/sounds/words/svirati.mp3;Играть (на инструменте);To play (an instrument);Svira gitaru već deset godina. Naučila je da svira violinu kao dete. Voli da svira klavir uveče.;Он играет на гитаре уже десять лет. Она научилась играть на скрипке ещё ребёнком. Она любит играть на пианино по вечерам.;He has been playing guitar for ten years. She learned to play the violin as a child. She likes to play the piano in the evening.;;
2200;sport;2;Takmičenje;Такмичење;assets/images/words/takmicenje.webp;assets/sounds/words/takmicenje.mp3;Соревнование;Competition;Učestvovao je u nacionalnom takmičenju. Takmičenje je bilo vrlo napeto do kraja. Osvojila je prvo mesto na takmičenju.;Он участвовал в национальном соревновании. Соревнование было очень напряжённым до самого конца. Она заняла первое место на соревновании.;He took part in a national competition. The competition was very tense until the end. She won first place in the competition.;;
2201;sport;2;Tenis;Тенис;assets/images/words/tenis.webp;assets/sounds/words/tenis.mp3;Теннис;Tennis;Igra tenis svake srede. Tenis zahteva brze reflekse. Gledali smo finale teniskog turnira.;Он играет в теннис каждую среду. Теннис требует быстрой реакции. Мы смотрели финал теннисного турнира.;He plays tennis every Wednesday. Tennis requires fast reflexes. We watched the final of the tennis tournament.;;
2202;sport;2;Teren;Терен;assets/images/words/teren.webp;assets/sounds/words/teren.mp3;Игровое поле;Field / court;Utakmica se igra na travnatom terenu. Teren je bio mokar posle kiše. Deca treniraju na školskom terenu.;Матч проходит на травяном поле. Поле было мокрым после дождя. Дети тренируются на школьной площадке.;The match is played on a grass field. The field was wet after the rain. The children train on the school court.;;
2203;sport;2;Teretana;Теретана;assets/images/words/teretana.webp;assets/sounds/words/teretana.mp3;Спортзал;Gym;Idem u teretanu tri puta nedeljno. Teretana je otvorena od šest ujutru. Upisala se u novu teretanu blizu kuće.;Я хожу в спортзал три раза в неделю. Спортзал открыт с шести утра. Она записалась в новый спортзал недалеко от дома.;I go to the gym three times a week. The gym is open from six in the morning. She joined a new gym near her house.;;
2204;sport;2;Trenirati;Тренирати;assets/images/words/trenirati.webp;assets/sounds/words/trenirati.mp3;Тренировать;To train;Trenira svaki dan u teretani. Igrači treniraju pred veliku utakmicu. Trenirala je pet sati bez pauze.;Он тренируется каждый день в спортзале. Игроки тренируются перед важным матчем. Она тренировалась пять часов без перерыва.;He trains every day at the gym. The players are training ahead of the big match. She trained for five hours without a break.;;
2205;sport;2;Trčanje;Трчање;assets/images/words/trcanje.webp;assets/sounds/words/trcanje.mp3;Бег;Running;Trčanje je odličan način da ostanete zdravi. Bavi se trčanjem svako jutro. Trčanje po kiši nije nimalo prijatno.;Бег — отличный способ оставаться здоровым. Он бегает каждое утро. Бег под дождём совсем не приятен.;Running is a great way to stay healthy. He goes running every morning. Running in the rain is not pleasant at all.;;
2206;sport;2;Trčati;Трчати;assets/images/words/trcati.webp;assets/sounds/words/trcati.mp3;Бегать;To run;Trčim svako jutro pre posla. Trčala je maraton prošle godine. Deca vole da trče po dvorištu.;Я бегаю каждое утро перед работой. Она бежала марафон в прошлом году. Дети любят бегать по двору.;I run every morning before work. She ran a marathon last year. The children love running around the yard.;;
2207;sport;2;Utakmica;Утакмица;assets/images/words/utakmica.webp;assets/sounds/words/utakmica.mp3;Матч;Match;Utakmica je počela tačno na vreme. Gledali smo utakmicu u lokalnom kafiću. Utakmica je završena rezultatom dva prema jedan.;Матч начался точно вовремя. Мы смотрели матч в местном кафе. Матч завершился со счётом два к одному.;The match started right on time. We watched the match at a local café. The match ended with a score of two to one.;;
2208;sport;2;Vežba;Вежба;assets/images/words/vezba.webp;assets/sounds/words/vezba.mp3;Упражнение;Exercise;Ova vežba jača mišiće ramena. Uradila sam desetak vežbi za noge. Trener nam je pokazao novu vežbu.;Это упражнение укрепляет мышцы плеч. Я сделала около десяти упражнений на ноги. Тренер показал нам новое упражнение.;This exercise strengthens the shoulder muscles. I did about ten leg exercises. The coach showed us a new exercise.;;
2209;sport;2;Vratar;Вратар;assets/images/words/vratar.webp;assets/sounds/words/vratar.mp3;Вратарь;Goalkeeper;Vratar je odbranio penal u poslednjem minutu. Postao je najbolji vratar lige. Vratar je primio samo dva gola ove sezone.;Вратарь отбил пенальти на последней минуте. Он стал лучшим вратарём лиги. Вратарь пропустил всего два гола в этом сезоне.;The goalkeeper saved a penalty in the last minute. He became the best goalkeeper in the league. The goalkeeper conceded only two goals this season.;;
2210;sport;2;Šah;Шах;assets/images/words/sah.webp;assets/sounds/words/sah.mp3;Шахматы;Chess;Igramo šah svakog vikenda. Šah zahteva strpljenje i strategiju. Naučio me je da igram šah kad sam bio mali.;Мы играем в шахматы каждые выходные. Шахматы требуют терпения и стратегии. Он научил меня играть в шахматы, когда я был маленьким.;We play chess every weekend. Chess requires patience and strategy. He taught me to play chess when I was little.;;
2211;sport;2;Šetati;Шетати;assets/images/words/setati.webp;assets/sounds/words/setati.mp3;Гулять;To stroll / walk;Volimo da šetamo parkom uveče. Šetala je psa rano ujutru. Šetamo duž reke svake nedelje.;Мы любим гулять по парку вечером. Она выгуливала собаку рано утром. Мы гуляем вдоль реки каждое воскресенье.;We like to stroll through the park in the evening. She was walking the dog early in the morning. We walk along the river every Sunday.;;
2212;sport;2;Šetnja;Шетња;assets/images/words/setnja.webp;assets/sounds/words/setnja.mp3;Прогулка;Walk / stroll;Kratka šetnja posle večere pomaže varenju. Šetnja kroz šumu je bila prekrasna. Predložio je šetnju obalom mora.;Короткая прогулка после ужина помогает пищеварению. Прогулка по лесу была прекрасной. Он предложил прогулку по берегу моря.;A short walk after dinner helps digestion. The walk through the forest was beautiful. He suggested a walk along the seashore.;;
2213;sport;2;Šutirati;Шутирати;assets/images/words/sutirati.webp;assets/sounds/words/sutirati.mp3;Бить (по мячу);To kick (the ball);Šutirao je loptu pravo u gol. Šutirala je penal sa velikom sigurnošću. Naučio je decu da pravilno šutiraju loptu.;Он ударил по мячу прямо в ворота. Она уверенно пробила пенальти. Он научил детей правильно бить по мячу.;He kicked the ball straight into the goal. She confidently took the penalty kick. He taught the children how to kick the ball properly.;;
720;study;2;Učiteljica;Учитељица;assets/images/words/uciteljica.webp;assets/sounds/words/uciteljica.mp3;Учительница;Female teacher;Učiteljica je strpljiva sa decom. Moja učiteljica predaje matematiku. Učiteljica je pohvalila moj rad.;Учительница терпелива с детьми. Моя учительница преподаёт математику. Учительница похвалила мою работу.;The teacher is patient with the children. My teacher teaches math. The teacher praised my work.;;
721;study;2;Indeks;Индекс;assets/images/words/indeks.webp;assets/sounds/words/indeks.mp3;Зачётка;Student record book;Zaboravio sam indeks kod kuće. Profesor je potpisao indeks. Izgubio sam indeks.;Я забыл зачётку дома. Профессор подписал зачётку. Я потерял зачётку.;I forgot my student record book at home. The professor signed the record book. I lost my student record book.;;
722;study;2;Kolokvijum;Колоквијум;assets/images/words/kolokvijum.webp;assets/sounds/words/kolokvijum.mp3;Коллоквиум;Midterm test;Imam kolokvijum sledeće nedelje. Položio sam kolokvijum. Kolokvijum je bio težak.;На следующей неделе у меня коллоквиум. Я сдал коллоквиум. Коллоквиум был сложным.;I have a midterm test next week. I passed the midterm. The midterm was hard.;;
723;study;2;Bodovi;Бодови;assets/images/words/bodovi.webp;assets/sounds/words/bodovi.mp3;Баллы;Points;Osvojio sam devedeset bodova. Bodovi se sabiraju na kraju semestra. Nedostaje mi pet bodova.;Я набрал девяносто баллов. Баллы суммируются в конце семестра. Мне не хватает пяти баллов.;I scored ninety points. Points are added up at the end of the semester. I'm missing five points.;;
724;study;2;Prisustvo;Присуство;assets/images/words/prisustvo.webp;assets/sounds/words/prisustvo.mp3;Посещаемость;Attendance;Prisustvo se beleži svaki čas. Prisustvo je obavezno. Moje prisustvo je bilo redovno.;Посещаемость отмечается каждый урок. Посещаемость обязательна. Моя посещаемость была регулярной.;Attendance is recorded every class. Attendance is mandatory. My attendance was regular.;;
725;study;2;Dom;Дом;assets/images/words/dom.webp;assets/sounds/words/dom.mp3;Общежитие;Home, dormitory;Studenti žive u domu tokom godine. Vraćam se kući, u svoj dom. Studentski dom je blizu fakulteta.;Студенты живут в общежитии в течение года. Я возвращаюсь домой, в свой дом. Студенческое общежитие находится рядом с факультетом.;Students live in the dorm during the year. I'm going back home, to my house. The student dormitory is close to the faculty.;;
726;study;2;Menza;Менза;assets/images/words/menza.webp;assets/sounds/words/menza.mp3;Студенческая столовая;Student cafeteria;Ručam u menzi svaki dan. Menza je jeftina. Hrana u menzi je ukusna.;Я обедаю в студенческой столовой каждый день. Столовая недорогая. Еда в столовой вкусная.;I have lunch at the student cafeteria every day. The cafeteria is cheap. The food at the cafeteria is tasty.;;
727;study;2;Vežbe;Вежбе;assets/images/words/vezbe.webp;assets/sounds/words/vezbe.mp3;Практические занятия;Practical classes;Vežbe su obavezne za predmet. Vežbe počinju u devet. Prisustvovao sam svim vežbama.;Практические занятия обязательны для предмета. Практика начинается в девять. Я посетил все практические занятия.;Practical classes are mandatory for the subject. The practical class starts at nine. I attended all the practical classes.;;
728;study;2;Referat;Реферат;assets/images/words/referat.webp;assets/sounds/words/referat.mp3;Реферат;Report / essay;Napisao sam referat o klimi. Referat je dug pet strana. Predao sam referat na vreme.;Я написал реферат о климате. Реферат на пять страниц. Я сдал реферат вовремя.;I wrote a report on climate. The report is five pages long. I submitted the report on time.;;
729;study;2;Prepisivanje;Преписивање;assets/images/words/prepisivanje.webp;assets/sounds/words/prepisivanje.mp3;Списывание;Cheating;Prepisivanje je strogo zabranjeno. Uhvaćen je u prepisivanju. Profesor je primetio prepisivanje.;Списывание строго запрещено. Его поймали на списывании. Профессор заметил списывание.;Cheating is strictly forbidden. He was caught cheating. The professor noticed the cheating.;;
730;study;2;Diplomiranje;Дипломирање;assets/images/words/diplomiranje.webp;assets/sounds/words/diplomiranje.mp3;Дипломирование;Graduation;Diplomiranje je bilo svečano. Čekam diplomiranje sa nestrpljenjem. Diplomiranje je zakazano za jun.;Церемония получения диплома была торжественной. Я с нетерпением жду получения диплома. Получение диплома назначено на июнь.;The graduation was ceremonial. I'm looking forward to graduation. Graduation is scheduled for June.;;
731;study;2;Vannastavni;Ваннаставни;assets/images/words/vannastavni.webp;assets/sounds/words/vannastavni.mp3;Внеклассный;Extracurricular;Učestvujem u vannastavnim aktivnostima. Škola organizuje mnogo vannastavnih programa. Sport je deo vannastavnih aktivnosti.;Я участвую во внеклассных мероприятиях. Школа организует много внеклассных программ. Спорт — часть внеклассных занятий.;I take part in extracurricular activities. The school organizes many extracurricular programs. Sport is part of the extracurricular activities.;;
732;study;2;Biologija;Биологија;assets/images/words/biologija.webp;assets/sounds/words/biologija.mp3;Биология;Biology;Volim čas biologije. Biologija proučava živa bića. Imam test iz biologije sutra.;Мне нравится урок биологии. Биология изучает живые организмы. Завтра у меня тест по биологии.;I love biology class. Biology studies living organisms. I have a biology test tomorrow.;;
733;study;2;Diploma;Диплома;assets/images/words/diploma.webp;assets/sounds/words/diploma.mp3;Диплом;Diploma;Dobio sam diplomu na svečanosti. Diploma je uramljena na zidu. Diploma potvrđuje moje obrazovanje.;Я получил диплом на церемонии. Диплом в рамке на стене. Диплом подтверждает моё образование.;I received my diploma at the ceremony. The diploma is framed on the wall. The diploma confirms my education.;;
734;study;2;Diplomirati;Дипломирати;assets/images/words/diplomirati.webp;assets/sounds/words/diplomirati.mp3;Выпуститься;To graduate;Diplomirao sam prošle godine. Planiram da diplomiram na vreme. Diplomirala je sa odličnim uspehom.;Я получил диплом в прошлом году. Я планирую получить диплом вовремя. Она окончила учёбу с отличием.;I graduated last year. I plan to graduate on time. She graduated with honors.;;
735;study;2;Domar;Домар;assets/images/words/domar.webp;assets/sounds/words/domar.mp3;Завхоз / смотритель;Janitor / caretaker;Domar je popravio prozor. Domar čisti hodnike svako jutro. Domar je bio ljubazan.;Смотритель школы починил окно. Смотритель убирает коридоры каждое утро. Смотритель был вежливым.;The janitor fixed the window. The janitor cleans the hallways every morning. The janitor was kind.;;
736;study;2;Fizika;Физика;assets/images/words/fizika.webp;assets/sounds/words/fizika.mp3;Физика;Physics;Fizika mi je omiljeni predmet. Imam čas fizike sutra. Fizika objašnjava zakone prirode.;Физика — мой любимый предмет. Завтра у меня урок физики. Физика объясняет законы природы.;Physics is my favorite subject. I have physics class tomorrow. Physics explains the laws of nature.;;
737;study;2;Fizički;Физички;assets/images/words/fizicki.webp;assets/sounds/words/fizicki.mp3;Физический;Physical;Imamo čas fizičkog vaspitanja dva puta nedeljno. Fizička aktivnost je važna za zdravlje. Posao zahteva fizički napor.;У нас урок физкультуры два раза в неделю. Физическая активность важна для здоровья. Работа требует физических усилий.;We have PE class twice a week. Physical activity is important for health. The job requires physical effort.;;
738;study;2;Geografija;Географија;assets/images/words/geografija.webp;assets/sounds/words/geografija.mp3;География;Geography;Učimo geografiju Evrope. Geografija mi je zanimljiva. Imam test iz geografije.;Мы изучаем географию Европы. Мне интересна география. У меня тест по географии.;We're learning the geography of Europe. I find geography interesting. I have a geography test.;;
739;study;2;Gumica;Гумица;assets/images/words/gumica.webp;assets/sounds/words/gumica.mp3;Ластик;Eraser;Izgubio sam gumicu. Pozajmi mi gumicu, molim. Gumica je u pernici.;Я потерял ластик. Одолжи мне ластик, пожалуйста. Ластик в пенале.;I lost my eraser. Lend me an eraser, please. The eraser is in the pencil case.;;
740;study;2;Hemija;Хемија;assets/images/words/hemija.webp;assets/sounds/words/hemija.mp3;Химия;Chemistry;Hemija je bila teška ove godine. Imamo eksperiment iz hemije. Hemija proučava supstance.;Химия в этом году была сложной. У нас эксперимент по химии. Химия изучает вещества.;Chemistry was hard this year. We have a chemistry experiment. Chemistry studies substances.;;
741;study;2;Informatika;Информатика;assets/images/words/informatika.webp;assets/sounds/words/informatika.mp3;Информатика;Computer science;Volim čas informatike. Informatika uči programiranje. Imam projekat iz informatike.;Мне нравится урок информатики. Информатика учит программированию. У меня проект по информатике.;I love computer science class. Computer science teaches programming. I have a computer science project.;;
742;study;2;Ispit;Испит;assets/images/words/ispit.webp;assets/sounds/words/ispit.mp3;Экзамен;Exam;Imam ispit sutra. Ispit je bio težak. Položio sam ispit.;Завтра у меня экзамен. Экзамен был сложным. Я сдал экзамен.;I have an exam tomorrow. The exam was difficult. I passed the exam.;;
743;study;2;Istorija;Историја;assets/images/words/istorija.webp;assets/sounds/words/istorija.mp3;История;History;Istorija mi je omiljeni predmet. Učimo istoriju srednjeg veka. Imam test iz istorije.;История — мой любимый предмет. Мы изучаем историю Средневековья. У меня тест по истории.;History is my favorite subject. We're studying medieval history. I have a history test.;;
744;study;2;Klupa;Клупа;assets/images/words/klupa.webp;assets/sounds/words/klupa.mp3;Парта;Desk / bench (school);Sedim u prvoj klupi. Klupa je stara i ispisana. Podelio sam klupu sa drugom.;Я сижу за первой партой. Парта старая и исписанная. Я делю парту с другом.;I sit at the front desk. The desk is old and scribbled on. I share the desk with a friend.;;
745;study;2;Lekcija;Лекција;assets/images/words/lekcija.webp;assets/sounds/words/lekcija.mp3;Урок;Lesson;Naučili smo novu lekciju. Lekcija je bila zanimljiva. Ponovite prethodnu lekciju.;Мы выучили новый урок. Урок был интересным. Повторите предыдущий урок.;We learned a new lesson. The lesson was interesting. Review the previous lesson.;;
746;study;2;Lenjir;Лењир;assets/images/words/lenjir.webp;assets/sounds/words/lenjir.mp3;Линейка;Ruler;Treba mi lenjir za crtanje. Lenjir je slomljen. Izmerio sam liniju lenjirom.;Мне нужна линейка для черчения. Линейка сломана. Я измерил линию линейкой.;I need a ruler for drawing. The ruler is broken. I measured the line with a ruler.;;
747;study;2;Marljiv;Марљив;assets/images/words/marljiv.webp;assets/sounds/words/marljiv.mp3;Прилежный;Diligent;Ona je marljiva učenica. Marljiv rad donosi rezultate. On je marljiv i uporan.;Она прилежная ученица. Усердный труд приносит результаты. Он прилежный и упорный.;She's a diligent student. Diligent work brings results. He's diligent and persistent.;;
748;study;2;Matematika;Математика;assets/images/words/matematika.webp;assets/sounds/words/matematika.mp3;Математика;Mathematics;Matematika mi je težak predmet. Volim rešavati zadatke iz matematike. Imam čas matematike svaki dan.;Математика для меня сложный предмет. Я люблю решать задачи по математике. У меня каждый день урок математики.;Mathematics is a hard subject for me. I love solving math problems. I have a math class every day.;;
749;study;2;Matura;Матура;assets/images/words/matura.webp;assets/sounds/words/matura.mp3;Выпускной экзамен;Graduation exam (matura);Polagao sam maturu prošlog leta. Matura je poslednji ispit u srednjoj školi. Priprema se za maturu.;Прошлым летом я сдавал выпускной экзамен. Выпускной экзамен — последний в средней школе. Он готовится к выпускному экзамену.;I took the matura last summer. The matura is the last exam in high school. He's preparing for the matura.;;
1971;surroundings;2;Pesak;Песак;assets/images/words/pesak.webp;assets/sounds/words/pesak.mp3;Песок;Sand;Deca se igraju u pesku na plaži. Pesak je pun sitnih školjki. Pustinja je prekrivena finim peskom.;Дети играют в песке на пляже. Песок полон мелких ракушек. Пустыня покрыта мелким песком.;The children are playing in the sand on the beach. The sand is full of tiny shells. The desert is covered with fine sand.;;
1972;surroundings;2;Izvor;Извор;assets/images/words/izvor.webp;assets/sounds/words/izvor.mp3;Источник;Source;Reka izvire iz malog izvora u planini. Sunce je izvor svetlosti i toplote. Ovo je pouzdan izvor informacija.;Река берёт начало из небольшого источника в горах. Солнце — источник света и тепла. Это надёжный источник информации.;The river originates from a small spring in the mountains. The sun is a source of light and heat. This is a reliable source of information.;;
1973;surroundings;2;Globalan;Глобалан;assets/images/words/globalan.webp;assets/sounds/words/globalan.mp3;Глобальный;Global;Globalno zagrevanje je ozbiljan problem. Ovo je globalna tema. Kompanija posluje na globalnom nivou.;Глобальное потепление — серьёзная проблема. Это глобальная тема. Компания работает на глобальном уровне.;Global warming is a serious problem. This is a global topic. The company operates at a global level.;;
1974;surroundings;2;Klima;Клима;assets/images/words/klima.webp;assets/sounds/words/klima.mp3;Климат;Climate;Klima u ovom kraju je blaga i prijatna. Klima se menja brže nego što smo mislili. Ova biljka raste samo u toploj klimi.;Климат в этом крае мягкий и приятный. Климат меняется быстрее, чем мы думали. Это растение растёт только в тёплом климате.;The climate in this region is mild and pleasant. The climate is changing faster than we thought. This plant only grows in a warm climate.;;
1975;surroundings;2;Očuvati;Очувати;assets/images/words/ocuvati.webp;assets/sounds/words/ocuvati.mp3;Сохранить / сберечь;To preserve;Moramo očuvati prirodu za buduće generacije. Trudimo se da očuvamo stare tradicije. Ovaj park je osnovan da očuva retke vrste.;Мы должны сохранить природу для будущих поколений. Мы стараемся сохранить старые традиции. Этот парк создан, чтобы сохранить редкие виды.;We must preserve nature for future generations. We try to preserve old traditions. This park was created to preserve rare species.;;
1976;surroundings;2;Priroda;Природа;assets/images/words/priroda.webp;assets/sounds/words/priroda.mp3;Природа;Nature;Volim da provodim vreme u prirodi. Priroda je puna čuda. Moramo poštovati i čuvati prirodu.;Я люблю проводить время на природе. Природа полна чудес. Мы должны уважать и беречь природу.;I love spending time in nature. Nature is full of wonders. We must respect and protect nature.;;
1977;surroundings;2;Reciklaža;Рециклажа;assets/images/words/reciklaza.webp;assets/sounds/words/reciklaza.mp3;Переработка;Recycling;Reciklaža papira štedi šume. Ovaj grad ima dobar sistem reciklaže. Reciklaža smanjuje količinu otpada na deponijama.;Переработка бумаги спасает леса. В этом городе хорошая система переработки отходов. Переработка снижает количество отходов на свалках.;Paper recycling saves forests. This city has a good recycling system. Recycling reduces the amount of waste in landfills.;;
1978;surroundings;2;Reciklirati;Рециклирати;assets/images/words/reciklirati.webp;assets/sounds/words/reciklirati.mp3;Перерабатывать;To recycle;Trudimo se da recikliramo sve što možemo. Da li recikliraš staklo i plastiku? Ova fabrika reciklira metalni otpad.;Мы стараемся перерабатывать всё, что можем. Ты перерабатываешь стекло и пластик? Эта фабрика перерабатывает металлические отходы.;We try to recycle everything we can. Do you recycle glass and plastic? This factory recycles metal waste.;;
1979;surroundings;2;Vrsta;Врста;assets/images/words/vrsta.webp;assets/sounds/words/vrsta.mp3;Вид / разновидность;Species;Ova vrsta ptice živi samo u ovom regionu. Naučnici su otkrili novu vrstu insekta. Mnoge vrste su ugrožene zbog zagađenja.;Этот вид птиц обитает только в этом регионе. Учёные открыли новый вид насекомого. Многие виды находятся под угрозой из-за загрязнения.;This bird species lives only in this region. Scientists discovered a new insect species. Many species are endangered due to pollution.;;
1980;surroundings;2;Zagaditi;Загадити;assets/images/words/zagaditi.webp;assets/sounds/words/zagaditi.mp3;Загрязнить;To pollute;Fabrika je zagadila obližnju reku. Ne smemo zagaditi vodu koju pijemo. Auto-industrija dodatno zagađuje vazduh u gradu.;Фабрика загрязнила близлежащую реку. Мы не должны загрязнять воду, которую пьём. Автомобильная промышленность дополнительно загрязняет воздух в городе.;The factory polluted the nearby river. We must not pollute the water we drink. The auto industry further pollutes the city air.;;
1981;surroundings;2;Zagađenje;Загађење;assets/images/words/zagadjenje.webp;assets/sounds/words/zagadjenje.mp3;Загрязнение;Pollution;Zagađenje vazduha je veliki problem u gradovima. Zagađenje reke ugrozilo je ribu. Vlada je uvela mere protiv zagađenja.;Загрязнение воздуха — большая проблема в городах. Загрязнение реки поставило рыбу под угрозу. Правительство ввело меры против загрязнения.;Air pollution is a big problem in cities. River pollution threatened the fish. The government introduced measures against pollution.;;
1982;surroundings;2;Zaštititi;Заштитити;assets/images/words/zastititi.webp;assets/sounds/words/zastititi.mp3;Защитить;To protect;Moramo zaštititi šume od požara. Ovaj zakon štiti ugrožene vrste. Nosimo kreme da zaštitimo kožu od sunca.;Мы должны защищать леса от пожаров. Этот закон защищает исчезающие виды. Мы наносим кремы, чтобы защитить кожу от солнца.;We must protect forests from fires. This law protects endangered species. We put on cream to protect our skin from the sun.;;
1983;surroundings;2;Šuma;Шума;assets/images/words/suma.webp;assets/sounds/words/suma.mp3;Лес;Forest;Šetali smo kroz gustu šumu. Šuma je dom mnogim životinjama. Deo šume je uništen u požaru.;Мы гуляли по густому лесу. Лес — дом для многих животных. Часть леса уничтожена пожаром.;We walked through the dense forest. The forest is home to many animals. Part of the forest was destroyed in the fire.;;
1984;surroundings;2;Životni;Животни;assets/images/words/zivotni.webp;assets/sounds/words/zivotni.mp3;Жизненный;Life-related, environmental;Zaštita životne sredine je prioritet. Ovo je pitanje životnog standarda. Životni vek uređaja je pet godina.;Защита окружающей среды — приоритет. Это вопрос уровня жизни. Срок службы устройства — пять лет.;Environmental protection is a priority. This is a question of the standard of living. The device's lifespan is five years.;;
1985;surroundings;2;Bašta;Башта;assets/images/words/basta.webp;assets/sounds/words/basta.mp3;Сад / огород;Garden;Sadimo povrće u bašti svakog proleća. Njena bašta je puna cveća. Deca se igraju u dvorišnoj bašti.;Каждую весну мы сажаем овощи в саду. Её сад полон цветов. Дети играют в саду во дворе.;We plant vegetables in the garden every spring. Her garden is full of flowers. The children are playing in the backyard garden.;;
1986;surroundings;2;Brdo;Брдо;assets/images/words/brdo.webp;assets/sounds/words/brdo.mp3;Холм;Hill;Popeli smo se na obližnje brdo. Sa vrha brda pruža se lep pogled. Kuća se nalazi na malom brdu.;Мы поднялись на ближайший холм. С вершины холма открывается прекрасный вид. Дом находится на небольшом холме.;We climbed the nearby hill. There's a lovely view from the top of the hill. The house is located on a small hill.;;
1987;surroundings;2;Cvet;Цвет;assets/images/words/cvet.webp;assets/sounds/words/cvet.mp3;Цветок;Flower;Ubrala sam cvet za mamu. Ovaj cvet lepo miriše. U bašti raste mnogo šarenog cveća.;Я сорвала цветок для мамы. Этот цветок приятно пахнет. В саду растёт много разноцветных цветов.;I picked a flower for my mom. This flower smells lovely. Many colorful flowers grow in the garden.;;
1988;surroundings;2;Divlji;Дивљи;assets/images/words/divlji.webp;assets/sounds/words/divlji.mp3;Дикий;Wild;U šumi žive divlje životinje. Ovo je divlji med iz planine. Divlji konji trče slobodno po ravnici.;В лесу живут дикие животные. Это дикий мёд из гор. Дикие лошади свободно бегают по равнине.;Wild animals live in the forest. This is wild honey from the mountains. Wild horses run freely across the plain.;;
1989;surroundings;2;Dolina;Долина;assets/images/words/dolina.webp;assets/sounds/words/dolina.mp3;Долина;Valley;Selo se nalazi u zelenoj dolini. Reka teče kroz celu dolinu. Dolina je okružena visokim planinama.;Деревня находится в зелёной долине. Река течёт через всю долину. Долина окружена высокими горами.;The village is located in a green valley. The river flows through the whole valley. The valley is surrounded by high mountains.;;
1990;surroundings;2;Drvo;Дрво;assets/images/words/drvo.webp;assets/sounds/words/drvo.mp3;Дерево;Tree;Posadili smo drvo u dvorištu. Ovo staro drvo ima veliku krošnju. Ptice su napravile gnezdo na drvetu.;Мы посадили дерево во дворе. У этого старого дерева большая крона. Птицы свили гнездо на дереве.;We planted a tree in the yard. This old tree has a big crown. Birds built a nest in the tree.;;
1991;surroundings;2;Farma;Фарма;assets/images/words/farma.webp;assets/sounds/words/farma.mp3;Ферма;Farm;Živimo na maloj farmi van grada. Farma ima krave, svinje i kokoške. Svako jutro idemo da nahranimo životinje na farmi.;Мы живём на маленькой ферме за городом. На ферме есть коровы, свиньи и куры. Каждое утро мы идём кормить животных на ферме.;We live on a small farm outside the city. The farm has cows, pigs, and hens. Every morning we go to feed the animals on the farm.;;
1992;surroundings;2;Gnezdo;Гнездо;assets/images/words/gnezdo.webp;assets/sounds/words/gnezdo.mp3;Гнездо;Nest;Ptica je sagradila gnezdo na grani. U gnezdu su tri mala jaja. Mačka je pronašla ptičje gnezdo u dvorištu.;Птица свила гнездо на ветке. В гнезде три маленьких яйца. Кошка нашла птичье гнездо во дворе.;The bird built a nest on the branch. There are three small eggs in the nest. The cat found a bird's nest in the yard.;;
1993;surroundings;2;Grana;Грана;assets/images/words/grana.webp;assets/sounds/words/grana.mp3;Ветка;Branch;Ptica je sletela na tanku granu. Slomljena grana pala je na zemlju. Deca su se penjala po granama drveta.;Птица села на тонкую ветку. Сломанная ветка упала на землю. Дети лазали по веткам дерева.;The bird landed on a thin branch. The broken branch fell to the ground. The children climbed the tree branches.;;
1994;surroundings;2;Insekt;Инсект;assets/images/words/insekt.webp;assets/sounds/words/insekt.mp3;Насекомое;Insect;Ovaj insekt živi samo u toplim krajevima. Primetila sam čudnog insekta na listu. Neki insekti su korisni za baštu.;Это насекомое живёт только в тёплых краях. Я заметила странное насекомое на листе. Некоторые насекомые полезны для сада.;This insect lives only in warm regions. I noticed a strange insect on the leaf. Some insects are beneficial for the garden.;;
1995;surroundings;2;Jezero;Језеро;assets/images/words/jezero.webp;assets/sounds/words/jezero.mp3;Озеро;Lake;Plivali smo u čistom planinskom jezeru. Jezero je zaleđeno svake zime. Oko jezera se pruža šuma.;Мы плавали в чистом горном озере. Озеро замерзает каждую зиму. Вокруг озера простирается лес.;We swam in a clear mountain lake. The lake freezes every winter. A forest stretches around the lake.;;
1996;surroundings;2;Kamen;Камен;assets/images/words/kamen.webp;assets/sounds/words/kamen.mp3;Камень;Stone;Spotakla sam se o kamen na putu. Kuća je izgrađena od kamena. Deca su bacala kamenje u reku.;Я споткнулась о камень на дороге. Дом построен из камня. Дети бросали камни в реку.;I tripped over a stone on the path. The house is built of stone. The children were throwing stones into the river.;;
1997;surroundings;2;Kokoška;Кокошка;assets/images/words/kokoska.webp;assets/sounds/words/kokoska.mp3;Курица;Hen;Kokoška je snela sveže jaje. Na farmi imamo desetak kokošaka. Kokoške trče slobodno po dvorištu.;Курица снесла свежее яйцо. На ферме у нас около десятка кур. Куры свободно бегают по двору.;The hen laid a fresh egg. We have about ten hens on the farm. The hens run freely around the yard.;;
1998;surroundings;2;Konj;Коњ;assets/images/words/konj.webp;assets/sounds/words/konj.mp3;Лошадь;Horse;Konj trči brzo po livadi. Deda ima crnog konja na farmi. Naučila sam da jašem konja prošlog leta.;Лошадь быстро скачет по лугу. У дедушки на ферме есть чёрная лошадь. Я научилась ездить верхом прошлым летом.;The horse runs fast across the meadow. Grandpa has a black horse on the farm. I learned to ride a horse last summer.;;
1999;surroundings;2;Koren;Корен;assets/images/words/koren.webp;assets/sounds/words/koren.mp3;Корень;Root;Koren ovog drveta je vrlo dubok. Biljka je uvenula jer joj je koren istrulio. Koren problema leži negde drugde.;Корень этого дерева очень глубокий. Растение завяло, потому что корень сгнил. Корень проблемы кроется в другом.;This tree's root goes very deep. The plant wilted because its root rotted. The root of the problem lies elsewhere.;;
2000;surroundings;2;Krava;Крава;assets/images/words/krava.webp;assets/sounds/words/krava.mp3;Корова;Cow;Krava pase travu na livadi. Svako jutro muzemo kravu. Krava daje sveže mleko svakog dana.;Корова пасётся на лугу. Каждое утро мы доим корову. Корова даёт свежее молоко каждый день.;The cow grazes on the meadow. We milk the cow every morning. The cow gives fresh milk every day.;;
2001;surroundings;2;Leptir;Лептир;assets/images/words/leptir.webp;assets/sounds/words/leptir.mp3;Бабочка;Butterfly;Šareni leptir je sleteo na cvet. Deca su trčala za leptirom po livadi. Ovaj leptir ima prelepa krila.;Пёстрая бабочка села на цветок. Дети бегали за бабочкой по лугу. У этой бабочки красивые крылья.;A colorful butterfly landed on the flower. The children ran after the butterfly across the meadow. This butterfly has beautiful wings.;;
2002;surroundings;2;List;Лист;assets/images/words/list.webp;assets/sounds/words/list.mp3;Лист;Leaf;Jesenji list je pao sa drveta. Ovaj list ima zanimljiv oblik. Vetar je raznosio suvo lišće po dvorištu.;Осенний лист упал с дерева. У этого листа интересная форма. Ветер разносил сухие листья по двору.;An autumn leaf fell from the tree. This leaf has an interesting shape. The wind was scattering dry leaves around the yard.;;
2003;surroundings;2;Litica;Литица;assets/images/words/litica.webp;assets/sounds/words/litica.mp3;Утёс;Cliff;Kuća se nalazi na vrhu visoke litice. Sa litice se pruža pogled na more. Popeli smo se do ivice litice.;Дом расположен на вершине высокого утёса. С утёса открывается вид на море. Мы поднялись до края утёса.;The house is located at the top of a high cliff. There's a view of the sea from the cliff. We climbed to the edge of the cliff.;;
2004;surroundings;2;Livada;Ливада;assets/images/words/livada.webp;assets/sounds/words/livada.mp3;Луг;Meadow;Deca se igraju na zelenoj livadi. Livada je puna šarenog cveća. Ovce pasu na livadi ceo dan.;Дети играют на зелёном лугу. Луг полон разноцветных цветов. Овцы пасутся на лугу весь день.;The children are playing in the green meadow. The meadow is full of colorful flowers. The sheep graze in the meadow all day.;;
2005;surroundings;2;Magarac;Магарац;assets/images/words/magarac.webp;assets/sounds/words/magarac.mp3;Осёл;Donkey;Magarac nosi teret uz planinu. Na selu smo videli malog magarca. Magarac je poznat po tvrdoglavosti.;Осёл несёт груз в гору. В деревне мы видели маленького ослика. Осёл известен своим упрямством.;The donkey carries a load up the mountain. In the village we saw a small donkey. The donkey is known for its stubbornness.;;
2006;surroundings;2;Mače;Маче;assets/images/words/mace.webp;assets/sounds/words/mace.mp3;Котёнок;Kitten;Malo mače spava u korpi. Naše mače voli da se igra klupkom. Pronašli smo napušteno mače u dvorištu.;Маленький котёнок спит в корзинке. Наш котёнок любит играть с клубком. Мы нашли брошенного котёнка во дворе.;The little kitten is sleeping in a basket. Our kitten loves playing with a ball of yarn. We found an abandoned kitten in the yard.;;
2007;surroundings;2;Obala;Обала;assets/images/words/obala.webp;assets/sounds/words/obala.mp3;Берег;Shore / coast;Šetali smo duž morske obale. Kuća se nalazi na obali reke. Talasi udaraju o kamenitu obalu.;Мы гуляли вдоль морского берега. Дом расположен на берегу реки. Волны бьются о каменистый берег.;We walked along the seashore. The house is located on the riverbank. Waves crash against the rocky shore.;;
2008;surroundings;2;Opasan;Опасан;assets/images/words/opasan.webp;assets/sounds/words/opasan.mp3;Опасный;Dangerous;Ovaj put je opasan zimi zbog leda. Zmija može biti veoma opasna. Opasno je plivati na tom delu reke.;Эта дорога зимой опасна из-за льда. Змея может быть очень опасной. Плавать в этой части реки опасно.;This road is dangerous in winter because of ice. A snake can be very dangerous. It's dangerous to swim in that part of the river.;;
2009;surroundings;2;Ostrvo;Острво;assets/images/words/ostrvo.webp;assets/sounds/words/ostrvo.mp3;Остров;Island;Proveli smo odmor na malom ostrvu. Ostrvo je dostupno samo brodom. Na ovom ostrvu žive retke vrste ptica.;Мы провели отпуск на маленьком острове. На остров можно добраться только на лодке. На этом острове обитают редкие виды птиц.;We spent our vacation on a small island. The island is only accessible by boat. Rare bird species live on this island.;;
2010;surroundings;2;Ovca;Овца;assets/images/words/ovca.webp;assets/sounds/words/ovca.mp3;Овца;Sheep;Ovca pase travu na brdu. Pastir čuva stado ovaca. Ovca daje vunu svake godine.;Овца пасётся на холме. Пастух пасёт стадо овец. Овца даёт шерсть каждый год.;The sheep grazes on the hill. The shepherd watches over the flock of sheep. The sheep provides wool every year.;;
2011;surroundings;2;Petao;Петао;assets/images/words/petao.webp;assets/sounds/words/petao.mp3;Петух;Rooster;Petao kukuriče svako jutro u zoru. Naš petao budi celo selo. Petao trči za kokoškama po dvorištu.;Петух кукарекает каждое утро на рассвете. Наш петух будит всю деревню. Петух бегает за курами по двору.;The rooster crows every morning at dawn. Our rooster wakes up the whole village. The rooster chases the hens around the yard.;;
2012;surroundings;2;Pećina;Пећина;assets/images/words/pecina.webp;assets/sounds/words/pecina.mp3;Пещера;Cave;Istražili smo mračnu pećinu u planini. U pećini je hladno čak i leti. Ova pećina krije stare crteže na zidovima.;Мы исследовали тёмную пещеру в горах. В пещере холодно даже летом. Эта пещера скрывает древние рисунки на стенах.;We explored a dark cave in the mountains. It's cold in the cave even in summer. This cave hides ancient drawings on its walls.;;
2013;surroundings;2;Pitom;Питом;assets/images/words/pitom.webp;assets/sounds/words/pitom.mp3;Ручной / смирный;Tame;Ovaj konj je vrlo pitom i miran. Divlja životinja je vremenom postala pitoma. Deca vole ovog pitomog jelena u zoo vrtu.;Эта лошадь очень смирная и спокойная. Дикое животное со временем стало ручным. Детям нравится этот ручной олень в зоопарке.;This horse is very tame and calm. The wild animal became tame over time. The children love this tame deer at the zoo.;;
2014;surroundings;2;Planina;Планина;assets/images/words/planina.webp;assets/sounds/words/planina.mp3;Гора;Mountain;Popeli smo se na visoku planinu. Sa vrha planine pruža se predivan pogled. Zimi planina je prekrivena snegom.;Мы поднялись на высокую гору. С вершины горы открывается прекрасный вид. Зимой гора покрыта снегом.;We climbed a high mountain. There's a wonderful view from the top of the mountain. In winter the mountain is covered with snow.;;
2015;surroundings;2;Polje;Поље;assets/images/words/polje.webp;assets/sounds/words/polje.mp3;Поле;Field;Polje je zasejano pšenicom. Deca trče kroz zeleno polje. Polje se prostire sve do horizonta.;Поле засеяно пшеницей. Дети бегают по зелёному полю. Поле простирается до самого горизонта.;The field is sown with wheat. The children run through the green field. The field stretches all the way to the horizon.;;
2016;surroundings;2;Ptica;Птица;assets/images/words/ptica.webp;assets/sounds/words/ptica.mp3;Птица;Bird;Ptica peva na grani drveta. Ova ptica seli se na jug zimi. Videli smo retku pticu u šumi.;Птица поёт на ветке дерева. Эта птица улетает на юг зимой. Мы увидели редкую птицу в лесу.;The bird sings on the tree branch. This bird migrates south in winter. We saw a rare bird in the forest.;;
2017;surroundings;2;Pustinja;Пустиња;assets/images/words/pustinja.webp;assets/sounds/words/pustinja.mp3;Пустыня;Desert;Pustinja je vrlo topla tokom dana. Kroz pustinju smo putovali kamilama. Malo biljaka uspeva da preživi u pustinji.;Пустыня очень жаркая днём. Через пустыню мы путешествовали на верблюдах. Мало растений способны выжить в пустыне.;The desert is very hot during the day. We traveled through the desert on camels. Few plants manage to survive in the desert.;;
2018;surroundings;2;Pčela;Пчела;assets/images/words/pcela.webp;assets/sounds/words/pcela.mp3;Пчела;Bee;Pčela leti od cveta do cveta. Pčele proizvode med u košnici. Ubola me je pčela u bašti.;Пчела перелетает с цветка на цветок. Пчёлы производят мёд в улье. Меня укусила пчела в саду.;The bee flies from flower to flower. Bees produce honey in the hive. A bee stung me in the garden.;;
2019;surroundings;2;Seme;Семе;assets/images/words/seme.webp;assets/sounds/words/seme.mp3;Семя;Seed;Posadila sam seme u zemlju. Ovo seme brzo klija. Vetar raznosi seme po polju.;Я посадила семя в землю. Это семя быстро прорастает. Ветер разносит семена по полю.;I planted a seed in the ground. This seed sprouts quickly. The wind scatters seeds across the field.;;
2020;surroundings;2;Svinja;Свиња;assets/images/words/svinja.webp;assets/sounds/words/svinja.mp3;Свинья;Pig;Svinja se valja u blatu. Na farmi imamo nekoliko svinja. Svinja je poznata po svojoj inteligenciji.;Свинья валяется в грязи. На ферме у нас несколько свиней. Свинья известна своим умом.;The pig rolls around in the mud. We have several pigs on the farm. The pig is known for its intelligence.;;
2021;surroundings;2;Trava;Трава;assets/images/words/trava.webp;assets/sounds/words/trava.mp3;Трава;Grass;Trava je zelena posle kiše. Deca se igraju bosonoga po travi. Pokosili smo travu u dvorištu.;Трава зелёная после дождя. Дети играют босиком на траве. Мы скосили траву во дворе.;The grass is green after the rain. The children play barefoot on the grass. We mowed the grass in the yard.;;
2022;surroundings;2;Vodopad;Водопад;assets/images/words/vodopad.webp;assets/sounds/words/vodopad.mp3;Водопад;Waterfall;Voda pada sa velike visine niz vodopad. Čuli smo huk vodopada iz daljine. Ovaj vodopad je poznata turistička atrakcija.;Вода падает с большой высоты по водопаду. Мы слышали шум водопада издалека. Этот водопад — известная туристическая достопримечательность.;The water falls from a great height down the waterfall. We heard the roar of the waterfall from a distance. This waterfall is a well-known tourist attraction.;;
2023;surroundings;2;Vrh;Врх;assets/images/words/vrh.webp;assets/sounds/words/vrh.mp3;Вершина;Peak / top;Osvojili smo vrh planine posle šest sati hoda. Sa vrha se vidi cela dolina. Sneg pokriva vrh cele godine.;Мы покорили вершину горы после шести часов ходьбы. С вершины видна вся долина. Снег покрывает вершину круглый год.;We reached the mountain peak after six hours of walking. The whole valley is visible from the peak. Snow covers the peak all year round.;;
2024;surroundings;2;Zaštita;Заштита;assets/images/words/zastita.webp;assets/sounds/words/zastita.mp3;Защита / охрана;Protection;Ovaj rezervat pruža zaštitu ugroženim vrstama. Zaštita životne sredine je odgovornost svih nas. Nosimo rukavice radi zaštite ruku.;Этот заповедник обеспечивает защиту исчезающих видов. Защита окружающей среды — ответственность каждого из нас. Мы носим перчатки для защиты рук.;This reserve provides protection for endangered species. Protecting the environment is everyone's responsibility. We wear gloves for hand protection.;;
2025;surroundings;2;Zmija;Змија;assets/images/words/zmija.webp;assets/sounds/words/zmija.mp3;Змея;Snake;Zmija se sunčala na kamenu. Uplašila sam se kad sam videla zmiju u travi. Ova zmija nije otrovna.;Змея грелась на солнце на камне. Я испугалась, увидев змею в траве. Эта змея не ядовита.;The snake was sunning itself on a rock. I got scared when I saw a snake in the grass. This snake is not venomous.;;
2026;surroundings;2;Zvezda;Звезда;assets/images/words/zvezda.webp;assets/sounds/words/zvezda.mp3;Звезда;Star;Nebo je bilo puno sjajnih zvezda. Deca su brojala zvezde na nebu. Ova zvezda je najsjajnija na nebu večeras.;Небо было полно ярких звёзд. Дети считали звёзды на небе. Эта звезда самая яркая на небе сегодня вечером.;The sky was full of bright stars. The children counted the stars in the sky. This star is the brightest in the sky tonight.;;
2027;surroundings;2;Štene;Штене;assets/images/words/stene.webp;assets/sounds/words/stene.mp3;Щенок;Puppy;Malo štene trči po dvorištu. Kupili smo štene za rođendan sinu. Štene je zaspalo u našem krilu.;Маленький щенок бегает по двору. Мы купили щенка на день рождения сыну. Щенок уснул у нас на коленях.;The little puppy runs around the yard. We bought a puppy for our son's birthday. The puppy fell asleep in our lap.;;
2028;surroundings;2;Životinja;Животиња;assets/images/words/zivotinja.webp;assets/sounds/words/zivotinja.mp3;Животное;Animal;Ova životinja živi samo u Africi. Volimo da posećujemo životinje u zoo vrtu. Svaka životinja zaslužuje brigu i poštovanje.;Это животное обитает только в Африке. Мы любим посещать животных в зоопарке. Каждое животное заслуживает заботы и уважения.;This animal lives only in Africa. We love visiting animals at the zoo. Every animal deserves care and respect.;;
1446;technique;2;Tehnika;Техника;assets/images/words/tehnika.webp;assets/sounds/words/tehnika.mp3;Техника;Technology, equipment;Nova tehnika olakšava život. Kupili smo kućnu tehniku. Ova tehnika je napredna.;Новая техника облегчает жизнь. Мы купили бытовую технику. Эта техника продвинутая.;New technology eases life. We bought home appliances. This technology is advanced.;;
1447;technique;2;Televizor;Телевизор;assets/images/words/televizor.webp;assets/sounds/words/televizor.mp3;Телевизор;Television;Kupio sam nov televizor. Televizor visi na zidu. Gledamo film na televizoru.;Я купил новый телевизор. Телевизор висит на стене. Мы смотрим фильм по телевизору.;I bought a new television. The TV hangs on the wall. We're watching a movie on TV.;;
1448;technique;2;Kompjuter;Компјутер;assets/images/words/kompjuter.webp;assets/sounds/words/kompjuter.mp3;Компьютер;Computer;Radim na kompjuteru danas. Kompjuter se sam ugasio. Kupio sam nov kompjuter.;Я работаю за компьютером сегодня. Компьютер сам выключился. Я купил новый компьютер.;I'm working on the computer today. The computer shut itself off. I bought a new computer.;;
1449;technique;2;Poredim;Поредим;assets/images/words/poredim.webp;assets/sounds/words/poredim.mp3;Сравниваю;I compare;Poredim cene dva modela. Poredim specifikacije telefona. Uvek poredim pre kupovine.;Я сравниваю цены двух моделей. Я сравниваю характеристики телефонов. Я всегда сравниваю перед покупкой.;I'm comparing the prices of two models. I'm comparing phone specifications. I always compare before buying.;;
1450;technique;2;Model;Модел;assets/images/words/model.webp;assets/sounds/words/model.mp3;Модель;Model;Ovo je najnoviji model. Koji model preporučujete? Stari model je jeftiniji.;Это новейшая модель. Какую модель вы посоветуете? Старая модель дешевле.;This is the latest model. Which model do you recommend? The old model is cheaper.;;
1451;technique;2;Garancija na uređaj;Гаранција на уређај;assets/images/words/garancija_na_uredjaj.webp;assets/sounds/words/garancija_na_uredjaj.mp3;Гарантия на устройство;Device warranty;Garancija traje dve godine. Sačuvajte garanciju na uređaj. Garancija na uređaj je istekla.;Гарантия длится два года. Сохраните гарантию на устройство. Гарантия на устройство истекла.;The warranty lasts two years. Keep the device warranty. The device warranty expired.;;
1452;technique;2;Monitor;Монитор;assets/images/words/monitor.webp;assets/sounds/words/monitor.mp3;Монитор;Monitor;Monitor je previše svetao. Kupio sam veći monitor. Monitor je povezan sa kompjuterom.;Монитор слишком яркий. Я купил монитор побольше. Монитор подключён к компьютеру.;The monitor is too bright. I bought a bigger monitor. The monitor is connected to the computer.;;
1453;technique;2;Multifunkcijski;Мултифункцијски;assets/images/words/multifunkcijski.webp;assets/sounds/words/multifunkcijski.mp3;Многофункциональный;Multifunctional;Kupio sam multifunkcijski štampač. Ovaj multifunkcijski uređaj je praktičan. Multifunkcijski alat štedi prostor.;Я купил многофункциональный принтер. Это многофункциональное устройство практичное. Многофункциональный инструмент экономит место.;I bought a multifunctional printer. This multifunctional device is practical. A multifunctional tool saves space.;;
1454;technique;2;Kamera;Камера;assets/images/words/kamera.webp;assets/sounds/words/kamera.mp3;Камера;Camera;Kamera na telefonu je odlična. Kupio sam novu kameru. Kamera snima u visokoj rezoluciji.;Камера в телефоне отличная. Я купил новую камеру. Камера снимает в высоком разрешении.;The phone camera is excellent. I bought a new camera. The camera shoots in high resolution.;;
1455;technique;2;Memorija;Меморија;assets/images/words/memorija.webp;assets/sounds/words/memorija.mp3;Память;Memory;Ovaj telefon ima mnogo memorije. Memorija računara je puna. Kupio sam memorijsku karticu.;У этого телефона много памяти. Память компьютера заполнена. Я купил карту памяти.;This phone has a lot of memory. The computer's memory is full. I bought a memory card.;;
1456;technique;2;USB;USB;assets/images/words/usb.webp;assets/sounds/words/usb.mp3;USB;USB;Priključi USB kabl laptopu. Izgubio sam USB memoriju. Ovaj uređaj ima dva USB porta.;Подключи USB-кабель к ноутбуку. Я потерял USB-накопитель. У устройства два USB-порта.;Plug the USB cable into the laptop. I lost my USB drive. This device has two USB ports.;;
1457;technique;2;Ruter;Рутер;assets/images/words/ruter.webp;assets/sounds/words/ruter.mp3;Роутер;Router;Ruter ne radi dobro. Restartovao sam ruter. Kupio sam nov ruter.;Роутер плохо работает. Я перезагрузил роутер. Я купил новый роутер.;The router isn't working well. I restarted the router. I bought a new router.;;
1458;technique;2;Operativni;Оперативни;assets/images/words/operativni.webp;assets/sounds/words/operativni.mp3;Операционный;Operating (adj.);Koji operativni sistem koristiš? Ažurirao sam operativni sistem. Operativna memorija utiče na brzinu.;Какой операционной системой ты пользуешься? Я обновил операционную систему. Оперативная память влияет на скорость.;What operating system do you use? I updated the operating system. RAM affects the speed.;;
1459;technique;2;Ažuriranje;Ажурирање;assets/images/words/azuriranje.webp;assets/sounds/words/azuriranje.mp3;Обновление;Update;Ažuriranje traje dugo. Instalirao sam ažuriranje. Ažuriranje popravlja greške.;Обновление длится долго. Я установил обновление. Обновление исправляет ошибки.;The update takes a long time. I installed the update. The update fixes bugs.;;
1460;technique;2;Instalacija;Инсталација;assets/images/words/instalacija.webp;assets/sounds/words/instalacija.mp3;Установка;Installation;Instalacija programa je gotova. Instalacija traje deset minuta. Instalacija je jednostavna.;Установка программы завершена. Установка занимает десять минут. Установка простая.;The program installation is complete. The installation takes ten minutes. The installation is simple.;;
1461;technique;2;Kvar;Квар;assets/images/words/kvar.webp;assets/sounds/words/kvar.mp3;Неисправность;Malfunction;Uređaj ima kvar. Kvar je otklonjen brzo. Prijavio sam kvar servisu.;У устройства неисправность. Неисправность быстро устранили. Я сообщил о неисправности в сервис.;The device has a malfunction. The malfunction was fixed quickly. I reported the malfunction to the service center.;;
1462;technique;2;Servis;Сервис;assets/images/words/servis.webp;assets/sounds/words/servis.mp3;Сервис;Service center;Odneo sam laptop u servis. Servis je zatvoren nedeljom. Servis je popravio uređaj.;Я отнёс ноутбук в сервис. Сервисный центр закрыт по воскресеньям. Сервис починил устройство.;I took the laptop to the service center. The service center is closed on Sundays. The service center fixed the device.;;
1463;technique;2;Rezervan;Резерван;assets/images/words/rezervan.webp;assets/sounds/words/rezervan.mp3;Запасной;Spare, reserve;Uvek nosim rezervnu bateriju. Kupio sam rezervni deo. Imam rezervan telefon kod kuće.;Я всегда ношу запасную батарею. Я купил запасную деталь. У меня дома запасной телефон.;I always carry a spare battery. I bought a spare part. I have a spare phone at home.;;
1464;technique;2;Upotreba;Употреба;assets/images/words/upotreba.webp;assets/sounds/words/upotreba.mp3;Использование;Use, usage;Uputstvo za upotrebu je na srpskom. Upotreba uređaja je jednostavna. Pratimo upotrebu podataka mesečno.;Инструкция по применению на сербском. Использование устройства простое. Мы ежемесячно отслеживаем использование данных.;The instructions for use are in Serbian. Using the device is simple. We track data usage monthly.;;
1465;technique;2;Specifikacije;Спецификације;assets/images/words/specifikacije.webp;assets/sounds/words/specifikacije.mp3;Характеристики;Specifications;Proverite specifikacije pre kupovine. Specifikacije su na sajtu. Ove specifikacije su odlične.;Проверьте характеристики перед покупкой. Характеристики на сайте. Эти характеристики отличные.;Check the specifications before buying. Specifications are on the website. These specifications are excellent.;;
1466;technique;2;Kompatibilnost;Компатибилност;assets/images/words/kompatibilnost.webp;assets/sounds/words/kompatibilnost.mp3;Совместимость;Compatibility;Proverite kompatibilnost uređaja. Kompatibilnost sa starim modelima je slaba. Ovaj kabl ima univerzalnu kompatibilnost.;Проверьте совместимость устройства. Совместимость со старыми моделями слабая. У этого кабеля универсальная совместимость.;Check the device's compatibility. Compatibility with old models is poor. This cable has universal compatibility.;;
1467;technique;2;Nov;Нов;assets/images/words/nov.webp;assets/sounds/words/nov.mp3;Новый;New;Kupio sam nov telefon. Ovo je nov laptop. Treba mi nov punjač.;Я купил новый телефон. Это новый ноутбук. Мне нужна новая зарядка.;I bought a new phone. This is a new laptop. I need a new charger.;;
1468;technique;2;Poređenje;Поређење;assets/images/words/poredjenje.webp;assets/sounds/words/poredjenje.mp3;Сравнение;Comparison;Napravio sam poređenje telefona. Poređenje cena pokazuje razlike. Ovo poređenje mi je pomoglo.;Я сделал сравнение телефонов. Сравнение цен показывает различия. Это сравнение помогло мне.;I made a comparison of phones. Comparing prices shows differences. This comparison helped me.;;
1469;technique;2;Veza;Веза;assets/images/words/veza.webp;assets/sounds/words/veza.mp3;Связь;Connection;Internet veza je spora. Bluetooth veza se prekinula. Bežična veza pokriva stan.;Интернет-соединение медленное. Bluetooth-соединение прервалось. Беспроводная связь покрывает квартиру.;The internet connection is slow. The Bluetooth connection dropped. The wireless connection covers the apartment.;;
1470;technique;2;Blutut;Блутут;assets/images/words/blutut.webp;assets/sounds/words/blutut.mp3;Блютус;Bluetooth;Uključi blutut na telefonu. Slušalice su povezane blututom. Blutut ne radi dobro.;Включи блютус на телефоне. Наушники подключены через блютус. Блютус плохо работает.;Turn on Bluetooth on your phone. The headphones connect via Bluetooth. Bluetooth isn't working well.;;
1471;technique;2;Kapacitet;Капацитет;assets/images/words/kapacitet.webp;assets/sounds/words/kapacitet.mp3;Ёмкость;Capacity;Ovaj disk ima kapacitet od jednog terabajta. Baterija ima veći kapacitet nego prošli model. Kapacitet memorije je ograničen.;У этого диска ёмкость один терабайт. У батареи ёмкость больше, чем у прошлой модели. Ёмкость памяти ограничена.;This disk has a capacity of one terabyte. The battery has a bigger capacity than the previous model. The memory capacity is limited.;;
1472;technique;2;Vodootpornost;Водоотпорност;assets/images/words/vodootpornost.webp;assets/sounds/words/vodootpornost.mp3;Водостойкость;Water resistance;Ovaj sat ima vodootpornost. Vodootpornost je do trideset metara. Telefon nema vodootpornost.;У этих часов есть водостойкость. Водостойкость до тридцати метров. У телефона нет водостойкости.;This watch has water resistance. Water resistance is up to thirty meters. The phone has no water resistance.;;
1473;technique;2;Otporan;Отпоран;assets/images/words/otporan.webp;assets/sounds/words/otporan.mp3;Стойкий;Resistant;Ovaj telefon je otporan na vodu. Ekran je otporan na ogrebotine. Kućište je otporno na udarce.;Этот телефон водостойкий. Экран устойчив к царапинам. Корпус ударопрочный.;This phone is water resistant. The screen is scratch-resistant. The case is shock-resistant.;;
1474;technique;2;Futrola;Футрола;assets/images/words/futrola.webp;assets/sounds/words/futrola.mp3;Чехол;Case, cover;Kupio sam futrolu za telefon. Futrola štiti uređaj od udaraca. Ova futrola je od prave kože.;Я купил чехол для телефона. Чехол защищает устройство от ударов. Этот чехол из натуральной кожи.;I bought a phone case. The case protects the device from impacts. This case is made of genuine leather.;;
1475;technique;2;Staklo;Стакло;assets/images/words/staklo.webp;assets/sounds/words/staklo.mp3;Стекло;Glass (material);Ekran je napravljen od jakog stakla. Staklo se napuklo posle pada. Zaštitno staklo štiti ekran telefona.;Экран сделан из прочного стекла. Стекло треснуло после падения. Защитное стекло защищает экран телефона.;The screen is made of strong glass. The glass cracked after the fall. The tempered glass protects the phone screen.;;
1476;technique;2;Konektor;Конектор;assets/images/words/konektor.webp;assets/sounds/words/konektor.mp3;Разъём;Connector;Konektor ne odgovara portu. Ovaj kabl ima USB konektor. Konektor je oštećen.;Разъём не подходит к порту. У этого кабеля разъём USB. Разъём повреждён.;The connector doesn't fit the port. This cable has a USB connector. The connector is damaged.;;
1477;technique;2;Adapter;Адаптер;assets/images/words/adapter.webp;assets/sounds/words/adapter.mp3;Адаптер;Adapter;Treba mi adapter za struju. Kupio sam adapter za putovanje. Adapter ne radi.;Мне нужен адаптер для розетки. Я купил адаптер для путешествий. Адаптер не работает.;I need a power adapter. I bought a travel adapter. The adapter isn't working.;;
1478;technique;2;Daljinski;Даљински;assets/images/words/daljinski.webp;assets/sounds/words/daljinski.mp3;Дистанционный;Remote;Izgubio sam daljinski upravljač. Daljinski pristup omogućava rad od kuće. Uređaj se pali daljinski, preko aplikacije.;Я потерял пульт дистанционного управления. Удалённый доступ позволяет работать из дома. Устройство включается дистанционно, через приложение.;I lost the remote control. Remote access allows working from home. The device turns on remotely, via the app.;;
1479;technique;2;Smart;Смарт;assets/images/words/smart.webp;assets/sounds/words/smart.mp3;Смарт;Smart;Kupio sam smart sat. Smart telefon prati sve moje aktivnosti. Ova smart lampa se pali glasovnom komandom.;Я купил смарт-часы. Смартфон отслеживает все мои активности. Эта умная лампа включается голосовой командой.;I bought a smart watch. The smartphone tracks all my activities. This smart lamp turns on with a voice command.;;
1480;technique;2;Signal;Сигнал;assets/images/words/signal.webp;assets/sounds/words/signal.mp3;Сигнал;Signal;Signal je slab u ovoj sobi. Nemam signal na telefonu. Signal je jak napolju.;Сигнал слабый в этой комнате. У меня нет сигнала на телефоне. Сигнал сильный на улице.;The signal is weak in this room. I have no signal on my phone. The signal is strong outside.;;
1481;technique;2;Otključavanje;Откључавање;assets/images/words/otkljucavanje.webp;assets/sounds/words/otkljucavanje.mp3;Разблокировка;Unlocking;Otključavanje telefona radi na otisak prsta. Otključavanje ekrana je brzo i sigurno. Zaboravio sam šifru za otključavanje.;Разблокировка телефона происходит по отпечатку пальца. Разблокировка экрана быстрая и безопасная. Я забыл код для разблокировки.;Unlocking the phone works by fingerprint. Screen unlocking is fast and secure. I forgot the unlock code.;;
1482;technique;2;Fabrički;Фабрички;assets/images/words/fabricki.webp;assets/sounds/words/fabricki.mp3;Заводской;Factory (adj.);Vratio sam telefon na fabrička podešavanja. Fabrička garancija traje dve godine. Uređaj ima fabrički defekt.;Я сбросил телефон до заводских настроек. Заводская гарантия действует два года. У устройства заводской дефект.;I reset the phone to factory settings. The factory warranty lasts two years. The device has a factory defect.;;
1483;technique;2;Refundacija;Рефундација;assets/images/words/refundacija.webp;assets/sounds/words/refundacija.mp3;Возврат денег / возмещение;Refund;Tražim refundaciju za pokvaren uređaj. Refundacija je odobrena. Refundacija traje sedam dana.;Я прошу возврат денег за неисправное устройство. Возврат денег одобрен. Возврат денег занимает семь дней.;I'm asking for a refund for the broken device. The refund has been approved. The refund takes seven days.;;
1484;technique;2;Neispravan;Неисправан;assets/images/words/neispravan.webp;assets/sounds/words/neispravan.mp3;Неисправный;Faulty, defective;Ovaj uređaj je neispravan. Vratio sam neispravan proizvod u prodavnicu. Kabl je neispravan i ne puni telefon.;Это устройство неисправно. Я вернул неисправный товар в магазин. Кабель неисправен и не заряжает телефон.;This device is faulty. I returned the defective product to the store. The cable is faulty and doesn't charge the phone.;;
1485;technique;2;Produžen;Продужен;assets/images/words/produzen.webp;assets/sounds/words/produzen.mp3;Продлённый;Extended;Garancija je produžena na tri godine. Rok za povraćaj je produžen. Kupio sam produženu garanciju za laptop.;Гарантия продлена до трёх лет. Срок возврата продлён. Я купил расширенную гарантию на ноутбук.;The warranty was extended to three years. The return deadline was extended. I bought an extended warranty for the laptop.;;
1486;technique;2;Rate na kredit;Рате на кредит;assets/images/words/rate_na_kredit.webp;assets/sounds/words/rate_na_kredit.mp3;Рассрочка;Installment payments;Kupio sam laptop na rate na kredit. Rate na kredit su bez kamate. Plaćam u ratama na kredit.;Я купил ноутбук в рассрочку. Рассрочка без процентов. Я плачу в рассрочку.;I bought the laptop on installments. The installment plan is interest-free. I'm paying in installments.;;
1487;technique;2;Uporedan;Упоредан;assets/images/words/uporedan.webp;assets/sounds/words/uporedan.mp3;Сравнительный;Comparative;Napravili smo uporednu analizu dva modela. Uporedni test je pokazao razlike u brzini. Ovo je uporedni prikaz cena.;Мы сделали сравнительный анализ двух моделей. Сравнительный тест показал различия в скорости. Это сравнительный обзор цен.;We made a comparative analysis of two models. The comparative test showed differences in speed. This is a comparative overview of prices.;;
1488;technique;2;Nalog;Налог;assets/images/words/nalog.webp;assets/sounds/words/nalog.mp3;Аккаунт;Account;Napravio sam nalog na sajtu. Zaboravio sam lozinku za nalog. Obriši svoj nalog.;Я создал учётную запись на сайте. Я забыл пароль от аккаунта. Удали свою учётную запись.;I created an account on the website. I forgot my account password. Delete your account.;;
1489;technique;2;Aplikacija;Апликација;assets/images/words/aplikacija.webp;assets/sounds/words/aplikacija.mp3;Приложение (программа);Application / app;Preuzeo sam novu aplikaciju. Aplikacija se često ruši. Instalirao sam aplikaciju za bankarstvo.;Я скачал новое приложение. Приложение часто вылетает. Я установил банковское приложение.;I downloaded a new app. The app crashes often. I installed a banking app.;;
1490;technique;2;Ažurirati;Ажурирати;assets/images/words/azurirati.webp;assets/sounds/words/azurirati.mp3;Обновлять;To update;Moram da ažuriram softver. Ažuriraj aplikaciju redovno. Ažuriram operativni sistem svake nedelje.;Мне нужно обновить программу. Обновляй приложение регулярно. Я обновляю операционную систему каждую неделю.;I need to update the software. Update the app regularly. I update the operating system every week.;;
1491;technique;2;Baterija;Батерија;assets/images/words/baterija.webp;assets/sounds/words/baterija.mp3;Батарея;Battery;Baterija se brzo prazni. Promenio sam bateriju u telefonu. Baterija je puna.;Батарея быстро разряжается. Я поменял батарею в телефоне. Батарея полностью заряжена.;The battery drains quickly. I replaced the battery in the phone. The battery is full.;;
1492;technique;2;Bežičan;Бежичан;assets/images/words/bezican.webp;assets/sounds/words/bezican.mp3;Беспроводной;Wireless;Kupio sam bežične slušalice. Bežična tastatura je udobna. Bežični miš ne radi.;Я купил беспроводные наушники. Беспроводная клавиатура удобная. Беспроводная мышь не работает.;I bought wireless headphones. The wireless keyboard is comfortable. The wireless mouse isn't working.;;
1493;technique;2;Blokirati;Блокирати;assets/images/words/blokirati.webp;assets/sounds/words/blokirati.mp3;Блокировать;To block;Blokirao sam neželjenu poštu. Blokiraj taj sajt. Aplikacija je blokirana.;Я заблокировал спам. Заблокируй этот сайт. Приложение заблокировано.;I blocked the spam mail. Block that website. The app is blocked.;;
1494;technique;2;Datoteka;Датотека;assets/images/words/datoteka.webp;assets/sounds/words/datoteka.mp3;Файл;File;Otvorio sam pogrešnu datoteku. Sačuvao sam datoteku na kompjuteru. Datoteka je oštećena.;Я открыл не тот файл. Я сохранил файл на компьютере. Файл повреждён.;I opened the wrong file. I saved the file on the computer. The file is corrupted.;;
972;time;2;Žuriti;Журити;assets/images/words/zuriti.webp;assets/sounds/words/zuriti.mp3;Спешить;To hurry;Moram da žurim. Ne žuri, imamo vremena. Žurio sam da stignem na vreme.;Мне нужно спешить. Не спеши, у нас есть время. Я спешил, чтобы успеть вовремя.;I have to hurry. Don't rush, we have time. I hurried to arrive on time.;;
973;time;2;Ponedeljak;Понедељак;assets/images/words/ponedeljak.webp;assets/sounds/words/ponedeljak.mp3;Понедельник;Monday;Ponedeljak je prvi radni dan. Vidimo se u ponedeljak. Mrzim ponedeljak.;Понедельник — первый рабочий день. Увидимся в понедельник. Я ненавижу понедельник.;Monday is the first working day. See you on Monday. I hate Mondays.;;
974;time;2;Utorak;Уторак;assets/images/words/utorak.webp;assets/sounds/words/utorak.mp3;Вторник;Tuesday;Sastanak je u utorak. Utorkom idem na trening. Vidimo se sledećeg utorka.;Встреча во вторник. По вторникам я хожу на тренировку. Увидимся в следующий вторник.;The meeting is on Tuesday. On Tuesdays I go to training. See you next Tuesday.;;
975;time;2;Sreda;Среда;assets/images/words/sreda.webp;assets/sounds/words/sreda.mp3;Среда;Wednesday;Sreda je pijačni dan. Radim sredom do kasno. Vidimo se u sredu.;Среда — рыночный день. По средам я работаю допоздна. Увидимся в среду.;Wednesday is market day. On Wednesdays I work late. See you on Wednesday.;;
976;time;2;Četvrtak;Четвртак;assets/images/words/cetvrtak.webp;assets/sounds/words/cetvrtak.mp3;Четверг;Thursday;Četvrtak je moj slobodan dan. Sastanak je pomeren na četvrtak. Vidimo se u četvrtak.;Четверг — мой выходной. Встречу перенесли на четверг. Увидимся в четверг.;Thursday is my day off. The meeting was moved to Thursday. See you on Thursday.;;
977;time;2;Petak;Петак;assets/images/words/petak.webp;assets/sounds/words/petak.mp3;Пятница;Friday;Petak je moj omiljeni dan. Vidimo se u petak uveče. Rok je u petak.;Пятница — мой любимый день. Увидимся в пятницу вечером. Срок сдачи в пятницу.;Friday is my favorite day. See you Friday evening. The deadline is Friday.;;
978;time;2;Subota;Субота;assets/images/words/subota.webp;assets/sounds/words/subota.mp3;Суббота;Saturday;Subotom spavam duže. Idemo na pijacu subotom. Vidimo se u subotu.;По субботам я сплю дольше. По субботам мы ходим на рынок. Увидимся в субботу.;On Saturdays I sleep in. We go to the market on Saturdays. See you on Saturday.;;
979;time;2;Vikend;Викенд;assets/images/words/vikend.webp;assets/sounds/words/vikend.mp3;Выходные;Weekend;Vikend provodim sa porodicom. Kako ti je bio vikend? Radim i vikendom.;Выходные я провожу с семьёй. Как прошли твои выходные? Я работаю и по выходным.;I spend the weekend with my family. How was your weekend? I work on weekends too.;;
980;time;2;Doba;Доба;assets/images/words/doba.webp;assets/sounds/words/doba.mp3;Время / пора / эпоха;Period, era;Ovo je najlepše doba godine. Živeli su u drugom istorijskom dobu. Zimsko doba donosi hladnoću.;Это самое красивое время года. Они жили в другую историческую эпоху. Зимний период приносит холод.;This is the most beautiful time of year. They lived in a different historical era. The winter season brings cold.;;
981;time;2;Datum;Датум;assets/images/words/datum.webp;assets/sounds/words/datum.mp3;Дата;Date;Koji je datum danas? Zapiši datum sastanka. Datum je promenjen.;Какое сегодня число? Запиши дату встречи. Дата изменена.;What's the date today? Write down the date of the meeting. The date has been changed.;;
982;time;2;Godišnjica;Годишњица;assets/images/words/godisnjica.webp;assets/sounds/words/godisnjica.mp3;Годовщина;Anniversary;Slavimo godišnjicu braka. Godišnjica je sledeće nedelje. Zaboravio sam godišnjicu.;Мы празднуем годовщину свадьбы. Годовщина на следующей неделе. Я забыл про годовщину.;We're celebrating our wedding anniversary. The anniversary is next week. I forgot the anniversary.;;
983;time;2;Kalendar;Календар;assets/images/words/kalendar.webp;assets/sounds/words/kalendar.mp3;Календарь;Calendar;Proveri kalendar za sastanke. Kalendar visi na zidu. Označio sam datum u kalendaru.;Проверь календарь встреч. Календарь висит на стене. Я отметил дату в календаре.;Check the calendar for meetings. The calendar hangs on the wall. I marked the date on the calendar.;;
984;time;2;Otkazati;Отказати;assets/images/words/otkazati.webp;assets/sounds/words/otkazati.mp3;Отменить;To cancel;Otkazao sam termin. Sastanak je otkazan. Moramo otkazati putovanje.;Я отменил приём. Встреча отменена. Нам нужно отменить поездку.;I cancelled the appointment. The meeting is cancelled. We have to cancel the trip.;;
985;time;2;Potvrditi;Потврдити;assets/images/words/potvrditi.webp;assets/sounds/words/potvrditi.mp3;Подтвердить;To confirm;Potvrdi rezervaciju, molim. Potvrdio sam dolazak. Treba da potvrdim termin.;Подтвердите бронирование, пожалуйста. Я подтвердил своё прибытие. Мне нужно подтвердить приём.;Please confirm the reservation. I confirmed my arrival. I need to confirm the appointment.;;
986;time;2;Praznik;Празник;assets/images/words/praznik.webp;assets/sounds/words/praznik.mp3;Праздник;Holiday;Sutra je praznik. Praznik provodimo sa porodicom. Praznik je pomerio radne dane.;Завтра праздник. Праздник мы проводим с семьёй. Праздник сдвинул рабочие дни.;Tomorrow is a holiday. We spend the holiday with family. The holiday shifted the working days.;;
987;time;2;Proslaviti;Прославити;assets/images/words/proslaviti.webp;assets/sounds/words/proslaviti.mp3;Отпраздновать;To celebrate;Proslavili smo rođendan. Proslavićemo pobedu večeras. Kako ćeš proslaviti Novu godinu?;Мы отпраздновали день рождения. Мы отпразднуем победу сегодня вечером. Как ты отпразднуешь Новый год?;We celebrated the birthday. We'll celebrate the win tonight. How will you celebrate New Year?;;
988;time;2;Redovan;Редован;assets/images/words/redovan.webp;assets/sounds/words/redovan.mp3;Регулярный;Regular;Imam redovan raspored. On je redovan gost. Redovan sastanak je sredom.;У меня регулярный график. Он постоянный гость. Регулярная встреча по средам.;I have a regular schedule. He's a regular guest. The regular meeting is on Wednesdays.;;
989;time;2;Rođendan;Рођендан;assets/images/words/rodjendan.webp;assets/sounds/words/rodjendan.mp3;День рождения;Birthday;Danas mi je rođendan. Kupio sam poklon za rođendan. Slavimo njen rođendan.;Сегодня у меня день рождения. Я купил подарок на день рождения. Мы празднуем её день рождения.;Today is my birthday. I bought a birthday gift. We're celebrating her birthday.;;
990;time;2;Skratiti;Скратити;assets/images/words/skratiti.webp;assets/sounds/words/skratiti.mp3;Сократить;To shorten;Moramo skratiti sastanak. Skratio sam tekst. Skratili su rok za prijavu.;Нам нужно сократить встречу. Я сократил текст. Они сократили срок подачи заявки.;We need to shorten the meeting. I shortened the text. They shortened the application deadline.;;
991;time;2;Slobodan;Слободан;assets/images/words/slobodan.webp;assets/sounds/words/slobodan.mp3;Свободный;Free;Da li si slobodan sutra? Slobodan sam posle pet. Nemam slobodan trenutak.;Ты свободен завтра? Я свободен после пяти. У меня нет свободной минуты.;Are you free tomorrow? I'm free after five. I don't have a free moment.;;
992;time;2;Zakasniti;Закаснити;assets/images/words/zakasniti.webp;assets/sounds/words/zakasniti.mp3;Опоздать;To be late (arrive late);Zakasnio sam na voz. Nemoj zakasniti na sastanak. Zakasnila je pola sata.;Я опоздал на поезд. Не опоздай на встречу. Она опоздала на полчаса.;I missed the train. Don't be late for the meeting. She was half an hour late.;;
993;time;2;Zakazan;Заказан;assets/images/words/zakazan.webp;assets/sounds/words/zakazan.mp3;Назначенный;Scheduled;Sastanak je zakazan za deset. Termin je zakazan unapred. Let je zakazan za jutro.;Встреча назначена на десять. Приём назначен заранее. Рейс назначен на утро.;The meeting is scheduled for ten. The appointment is scheduled in advance. The flight is scheduled for the morning.;;
994;time;2;Ponekad;Понекад;assets/images/words/ponekad.webp;assets/sounds/words/ponekad.mp3;Иногда;Sometimes;Ponekad kasnim na posao. Ponekad zaboravim ključeve. Ponekad odemo na plažu.;Иногда я опаздываю на работу. Иногда я забываю ключи. Иногда мы ходим на пляж.;Sometimes I'm late for work. Sometimes I forget my keys. Sometimes we go to the beach.;;
995;time;2;Kraj;Крај;assets/images/words/kraj.webp;assets/sounds/words/kraj.mp3;Конец;End;Stigli smo do kraja puta. Film ima neočekivan kraj. Vidimo se krajem meseca.;Мы дошли до конца пути. У фильма неожиданный конец. Увидимся в конце месяца.;We reached the end of the road. The movie has an unexpected ending. See you at the end of the month.;;
996;time;2;Početak;Почетак;assets/images/words/pocetak.webp;assets/sounds/words/pocetak.mp3;Начало;Beginning;Ovo je početak nove priče. Sastanak počinje u devet, dođi na početak. Početak godine je bio miran.;Это начало новой истории. Встреча начинается в девять, приходи к началу. Начало года было спокойным.;This is the beginning of a new story. The meeting starts at nine, come at the beginning. The start of the year was calm.;;
997;time;2;Toliko;Толико;assets/images/words/toliko.webp;assets/sounds/words/toliko.mp3;Столько;So much;Toliko te volim. Ima toliko posla ovih dana. Nisam znao da je toliko kasno.;Я так тебя люблю. В эти дни столько работы. Я не знал, что уже так поздно.;I love you so much. There's so much work these days. I didn't know it was so late.;;
998;time;2;Trajanje;Трајање;assets/images/words/trajanje.webp;assets/sounds/words/trajanje.mp3;Продолжительность;Duration;Trajanje leta je tri sata. Trajanje kursa je dva meseca. Trajanje sastanka nije određeno.;Продолжительность полёта три часа. Продолжительность курса два месяца. Продолжительность встречи не определена.;The flight duration is three hours. The course duration is two months. The meeting duration is undetermined.;;
999;time;2;Prolaziti;Пролазити;assets/images/words/prolaziti.webp;assets/sounds/words/prolaziti.mp3;Проходить;To pass, go by;Vreme brzo prolazi. Godine prolaze, a sećanja ostaju. Prolazimo pored stare kuće svakog dana.;Время быстро проходит. Годы проходят, а воспоминания остаются. Мы проходим мимо старого дома каждый день.;Time passes quickly. Years go by, but memories remain. We pass by the old house every day.;;
1000;time;2;Sutradan;Сутрадан;assets/images/words/sutradan.webp;assets/sounds/words/sutradan.mp3;Назавтра;The next day;Sutradan smo krenuli rano. Vratio se sutradan. Sutradan sam se osećao bolje.;На следующий день мы выехали рано. Он вернулся на следующий день. На следующий день я почувствовал себя лучше.;The next day we left early. He came back the next day. The next day I felt better.;;
1001;time;2;Prekjuče;Прекјуче;assets/images/words/prekjuce.webp;assets/sounds/words/prekjuce.mp3;Позавчера;The day before yesterday;Video sam ga prekjuče. Prekjuče je padala kiša. Kupio sam ovo prekjuče.;Я видел его позавчера. Позавчера шёл дождь. Я купил это позавчера.;I saw him the day before yesterday. It rained the day before yesterday. I bought this the day before yesterday.;;
1002;time;2;Prekosutra;Прекосутра;assets/images/words/prekosutra.webp;assets/sounds/words/prekosutra.mp3;Послезавтра;The day after tomorrow;Vraćam se prekosutra. Sastanak je prekosutra. Prekosutra putujemo.;Я вернусь послезавтра. Встреча послезавтра. Послезавтра мы уезжаем.;I'll be back the day after tomorrow. The meeting is the day after tomorrow. We're traveling the day after tomorrow.;;
1003;time;2;Rođenje;Рођење;assets/images/words/rodjenje.webp;assets/sounds/words/rodjenje.mp3;Рождение;Birth;Slavimo rođenje njihovog sina. Datum rođenja je upisan u dokumenta. Rođenje deteta je najlepši trenutak.;Мы празднуем рождение их сына. Дата рождения указана в документах. Рождение ребёнка — самый прекрасный момент.;We're celebrating the birth of their son. The date of birth is written in the documents. The birth of a child is the most beautiful moment.;;
490;transport;2;Stanica;Станица;assets/images/words/stanica.webp;assets/sounds/words/stanica.mp3;Станция / остановка;Station / stop;Sledeća stanica je centar. Stanica je puna ljudi. Sišao sam na pogrešnoj stanici.;Следующая остановка — центр. Станция полна людей. Я вышел не на той остановке.;The next stop is downtown. The station is full of people. I got off at the wrong stop.;;
491;transport;2;Stizati;Стизати;assets/images/words/stizati.webp;assets/sounds/words/stizati.mp3;Прибывать;To arrive;Voz stiže u pet. Kada stiže autobus? Avion stiže na vreme.;Поезд прибывает в пять. Когда прибывает автобус? Самолёт прибывает вовремя.;The train arrives at five. When does the bus arrive? The plane arrives on time.;;
492;transport;2;Taksi;Такси;assets/images/words/taksi.webp;assets/sounds/words/taksi.mp3;Такси;Taxi;Pozvao sam taksi. Taksi je jeftiniji noću. Uzeću taksi do aerodroma.;Я вызвал такси. Ночью такси дешевле. Я возьму такси до аэропорта.;I called a taxi. Taxis are cheaper at night. I'll take a taxi to the airport.;;
493;transport;2;Tramvaj;Трамвај;assets/images/words/tramvaj.webp;assets/sounds/words/tramvaj.mp3;Трамвай;Tram;Tramvaj broj sedam ide do stanice. Čekam tramvaj deset minuta. Tramvaj je pun ujutru.;Трамвай номер семь идёт до станции. Я жду трамвай десять минут. Утром трамвай переполнен.;Tram number seven goes to the station. I've been waiting for the tram for ten minutes. The tram is crowded in the morning.;;
494;transport;2;Ulaziti;Улазити;assets/images/words/ulaziti.webp;assets/sounds/words/ulaziti.mp3;Входить;To get on / board;Ulazim na prednja vrata. Putnici počinju da ulaze. Ulazite polako, ima mesta.;Я вхожу через переднюю дверь. Пассажиры начинают заходить. Заходите не спеша, есть места.;I get on through the front door. The passengers start boarding. Get on slowly, there's room.;;
495;transport;2;Viza;Виза;assets/images/words/viza.webp;assets/sounds/words/viza.mp3;Виза;Visa;Treba mi viza za tu zemlju. Viza je odobrena. Podneo sam zahtev za vizu.;Мне нужна виза в эту страну. Виза одобрена. Я подал заявление на визу.;I need a visa for that country. The visa has been approved. I applied for a visa.;;
496;transport;2;Voz;Воз;assets/images/words/voz.webp;assets/sounds/words/voz.mp3;Поезд;Train;Voz kasni pola sata. Uhvatio sam jutarnji voz. Voz staje na svakoj stanici.;Поезд опаздывает на полчаса. Я успел на утренний поезд. Поезд останавливается на каждой станции.;The train is half an hour late. I caught the morning train. The train stops at every station.;;
497;transport;2;Vozač;Возач;assets/images/words/vozac.webp;assets/sounds/words/vozac.mp3;Водитель;Driver;Vozač je ljubazan. Vozač autobusa je star. Postao sam profesionalni vozač.;Водитель вежливый. Водитель автобуса пожилой. Я стал профессиональным водителем.;The driver is polite. The bus driver is old. I became a professional driver.;;
498;transport;2;Čekati;Чекати;assets/images/words/cekati.webp;assets/sounds/words/cekati.mp3;Ждать;To wait;Čekam autobus već pola sata. Moraćemo da čekamo u redu. Sačekaj me na stanici.;Я жду автобус уже полчаса. Нам придётся стоять в очереди. Подожди меня на остановке.;I've been waiting for the bus for half an hour. We'll have to wait in line. Wait for me at the stop.;;
499;transport;2;Direktan;Директан;assets/images/words/direktan.webp;assets/sounds/words/direktan.mp3;Прямой;Direct;Ovo je direktan let do Beograda. Postoji direktna linija autobusa do aerodroma. Voleo bih direktan odgovor.;Это прямой рейс до Белграда. Есть прямой автобус до аэропорта. Я бы хотел прямой ответ.;This is a direct flight to Belgrade. There's a direct bus line to the airport. I'd like a direct answer.;;
500;transport;2;Železnica;Железница;assets/images/words/zeleznica.webp;assets/sounds/words/zeleznica.mp3;Железная дорога;Railway;Železnica povezuje sve veće gradove. Radim u kompaniji za železnicu. Železnička stanica je u centru grada.;Железная дорога соединяет все крупные города. Я работаю в железнодорожной компании. Железнодорожная станция находится в центре города.;The railway connects all major cities. I work for the railway company. The railway station is in the city center.;;
501;transport;2;Stići;Стићи;assets/images/words/stici.webp;assets/sounds/words/stici.mp3;Прибыть;To arrive;Voz će stići za pet minuta. Stigli smo na vreme. Kada ćeš stići kući?;Поезд прибудет через пять минут. Мы прибыли вовремя. Когда ты приедешь домой?;The train will arrive in five minutes. We arrived on time. When will you get home?;;
502;transport;2;Sledeći;Следећи;assets/images/words/sledeci.webp;assets/sounds/words/sledeci.mp3;Следующий;Next;Sledeći autobus polazi za deset minuta. Izađi na sledećoj stanici. Vidimo se sledeće nedelje.;Следующий автобус отправляется через десять минут. Выходи на следующей остановке. Увидимся на следующей неделе.;The next bus leaves in ten minutes. Get off at the next stop. See you next week.;;
503;transport;2;Silazim;Силазим;assets/images/words/silazim.webp;assets/sounds/words/silazim.mp3;Выхожу;I'm getting off;Silazim ovde. Silazim na sledećoj stanici. Izvinite, silazim!;Я выхожу здесь. Я выхожу на следующей остановке. Извините, я выхожу!;I'm getting off here. I'm getting off at the next stop. Excuse me, I'm getting off!;;
504;transport;2;Ulazim;Улазим;assets/images/words/ulazim.webp;assets/sounds/words/ulazim.mp3;Вхожу;I'm getting on;Ulazim na prednja vrata. Ulazim u autobus. Sačekaj, ulazim!;Я вхожу через переднюю дверь. Я сажусь в автобус. Подожди, я вхожу!;I'm getting on through the front door. I'm getting on the bus. Wait, I'm getting on!;;
505;transport;2;Prevoz;Превоз;assets/images/words/prevoz.webp;assets/sounds/words/prevoz.mp3;Транспорт;Transport / transportation;Javni prevoz je jeftin. Koristim prevoz svaki dan. Prevoz kasni zbog gužve.;Общественный транспорт дешёвый. Я пользуюсь транспортом каждый день. Транспорт опаздывает из-за пробки.;Public transport is cheap. I use transportation every day. Transport is delayed due to traffic.;;
506;transport;2;Gužva;Гужва;assets/images/words/guzva.webp;assets/sounds/words/guzva.mp3;Толпа / давка / пробка;Crowd / traffic jam;Ima velika gužva na putu. Gužva u autobusu je nepodnošljiva. Izbegavamo gužvu ujutru.;На дороге большая пробка. Толчея в автобусе невыносима. Мы избегаем пробки утром.;There's a big traffic jam on the road. The crowd on the bus is unbearable. We avoid the rush in the morning.;;
507;transport;2;Avio-karta;Авио-карта;assets/images/words/avio_karta.webp;assets/sounds/words/avio_karta.mp3;Авиабилет;Plane ticket;Kupio sam avio-kartu na akciji. Avio-karta je skupa. Avio-karta uključuje prtljag.;Я купил авиабилет по акции. Авиабилет дорогой. Авиабилет включает багаж.;I bought a plane ticket on sale. The plane ticket is expensive. The plane ticket includes luggage.;;
508;transport;2;Dolazak;Долазак;assets/images/words/dolazak.webp;assets/sounds/words/dolazak.mp3;Прибытие;Arrival;Dolazak voza je u sedam. Čekamo dolazak aviona. Dolazak je odložen.;Прибытие поезда в семь. Мы ждём прибытия самолёта. Прибытие отложено.;The train's arrival is at seven. We're waiting for the plane's arrival. The arrival has been delayed.;;
509;transport;2;Društvo;Друштво;assets/images/words/drustvo.webp;assets/sounds/words/drustvo.mp3;Компания;Company (companionship);Putujem u dobrom društvu. Društvo mi je bilo veselo. Volim da putujem u društvu.;Я путешествую в хорошей компании. Компания была весёлой. Я люблю путешествовать в компании.;I'm traveling in good company. The company was cheerful. I like traveling with company.;;
510;transport;2;Granica;Граница;assets/images/words/granica.webp;assets/sounds/words/granica.mp3;Граница;Border;Prešli smo granicu bez problema. Granica je zatvorena noću. Do granice ima još sat vremena.;Мы пересекли границу без проблем. Граница закрыта ночью. До границы ещё час пути.;We crossed the border without any problems. The border is closed at night. It's another hour to the border.;;
511;transport;2;Iskrcavanje;Искрцавање;assets/images/words/iskrcavanje.webp;assets/sounds/words/iskrcavanje.mp3;Высадка;Disembarkation;Iskrcavanje putnika traje deset minuta. Iskrcavanje je na levoj strani. Sačekajte iskrcavanje ostalih.;Высадка пассажиров занимает десять минут. Высадка с левой стороны. Подождите высадки остальных.;Passenger disembarkation takes ten minutes. Disembarkation is on the left side. Wait for the others to disembark.;;
512;transport;2;Kupe;Купе;assets/images/words/kupe.webp;assets/sounds/words/kupe.mp3;Купе;Compartment;Naše kupe je udobno. U kupeu ima četiri sedišta. Podelili smo kupe sa strancima.;Наше купе удобное. В купе четыре места. Мы разделили купе с незнакомцами.;Our compartment is comfortable. The compartment has four seats. We shared the compartment with strangers.;;
513;transport;2;Otputovati;Отпутовати;assets/images/words/otputovati.webp;assets/sounds/words/otputovati.mp3;Уехать;To leave / depart;Otputovao je juče ujutru. Moramo otputovati pre podne. Otputovaćemo zajedno.;Он уехал вчера утром. Нам нужно уехать до полудня. Мы уедем вместе.;He left yesterday morning. We must leave before noon. We'll depart together.;;
514;transport;2;Planirati;Планирати;assets/images/words/planirati.webp;assets/sounds/words/planirati.mp3;Планировать;To plan;Planiramo putovanje unapred. Planiram da posetim Grčku. Ne planiraj previše.;Мы заранее планируем поездку. Я планирую посетить Грецию. Не планируй слишком много.;We're planning the trip in advance. I'm planning to visit Greece. Don't plan too much.;;
515;transport;2;Polazak;Полазак;assets/images/words/polazak.webp;assets/sounds/words/polazak.mp3;Отправление;Departure;Polazak je u osam ujutru. Polazak je odložen zbog magle. Proveri vreme polaska.;Отправление в восемь утра. Отправление отложено из-за тумана. Проверь время отправления.;Departure is at eight in the morning. Departure is delayed due to fog. Check the departure time.;;
516;transport;2;Poznanik;Познаник;assets/images/words/poznanik.webp;assets/sounds/words/poznanik.mp3;Знакомый;Acquaintance;Sreo sam poznanika na stanici. On je samo poznanik, ne prijatelj. Putovao sam sa jednim poznanikom.;Я встретил знакомого на станции. Он просто знакомый, не друг. Я путешествовал с одним знакомым.;I met an acquaintance at the station. He's just an acquaintance, not a friend. I traveled with an acquaintance.;;
1580;weather;2;Sunčan;Сунчан;assets/images/words/suncan.webp;assets/sounds/words/suncan.mp3;Солнечный;Sunny;Danas je sunčan i topao dan. Sunčano vreme nas je izmamilo napolje. Cela nedelja je bila sunčana.;Сегодня солнечный и тёплый день. Солнечная погода выманила нас на улицу. Вся неделя была солнечной.;Today is a sunny and warm day. The sunny weather lured us outside. The whole week was sunny.;;
1581;weather;2;Duga;Дуга;assets/images/words/duga.webp;assets/sounds/words/duga.mp3;Радуга;Rainbow;Nakon kiše pojavila se prelepa duga. Deca su posmatrala dugu na nebu. Duga je imala sve boje spektra.;После дождя появилась прекрасная радуга. Дети смотрели на радугу в небе. Радуга содержала все цвета спектра.;A beautiful rainbow appeared after the rain. The children watched the rainbow in the sky. The rainbow had all the colors of the spectrum.;;
1582;weather;2;Duvati;Дувати;assets/images/words/duvati.webp;assets/sounds/words/duvati.mp3;Дуть;To blow;Vetar duva jako danas. Duvao je hladan vetar sa mora. Deca duvaju balone od sapunice.;Сегодня сильно дует ветер. С моря дул холодный ветер. Дети выдувают мыльные пузыри.;The wind is blowing hard today. A cold wind was blowing from the sea. The children are blowing soap bubbles.;;
1583;weather;2;Grom;Гром;assets/images/words/grom.webp;assets/sounds/words/grom.mp3;Гром;Thunder;Grom je udario u drvo u dvorištu. Čula sam grom u daljini. Deca su se uplašila jakog groma.;Гром ударил в дерево во дворе. Я услышала гром вдалеке. Дети испугались сильного грома.;Thunder struck a tree in the yard. I heard thunder in the distance. The children got scared of the loud thunder.;;
1584;weather;2;Hladnoća;Хладноћа;assets/images/words/hladnoca.webp;assets/sounds/words/hladnoca.mp3;Холод;Cold (noun);Hladnoća je prodirala kroz jaknu. Ne podnosim hladnoću zimi. Osetili smo hladnoću čim smo izašli napolje.;Холод пробирал сквозь куртку. Я не переношу холод зимой. Мы почувствовали холод, как только вышли на улицу.;The cold penetrated through the jacket. I can't stand the cold in winter. We felt the cold as soon as we went outside.;;
1585;weather;2;Jesen;Јесен;assets/images/words/jesen.webp;assets/sounds/words/jesen.mp3;Осень;Autumn;Jesen je moje omiljeno godišnje doba. Lišće opada svake jeseni. Ove jeseni je bilo mnogo kiše.;Осень — моё любимое время года. Каждую осень опадают листья. Этой осенью было много дождей.;Autumn is my favorite season. Leaves fall every autumn. There was a lot of rain this autumn.;;
1586;weather;2;Kiša;Киша;assets/images/words/kisa.webp;assets/sounds/words/kisa.mp3;Дождь;Rain;Kiša pada već ceo dan. Poneli smo kišobran zbog kiše. Kiša je osvežila vazduh posle vrućine.;Дождь идёт уже весь день. Мы взяли зонт из-за дождя. Дождь освежил воздух после жары.;It has been raining all day. We brought an umbrella because of the rain. The rain refreshed the air after the heat.;;
1587;weather;2;Kišovit;Кишовит;assets/images/words/kisovit.webp;assets/sounds/words/kisovit.mp3;Дождливый;Rainy;Ova nedelja je bila veoma kišovita. Ne volim kišovite jesenje dane. Prognoza najavljuje kišovito vreme.;Эта неделя была очень дождливой. Я не люблю дождливые осенние дни. Прогноз обещает дождливую погоду.;This week has been very rainy. I don't like rainy autumn days. The forecast predicts rainy weather.;;
1588;weather;2;Led;Лед;assets/images/words/led.webp;assets/sounds/words/led.mp3;Лёд;Ice;Jezero je prekriveno ledom zimi. Pazi da ne padneš na ledu. Stavila je led u čašu soka.;Зимой озеро покрыто льдом. Осторожно, не поскользнись на льду. Она положила лёд в стакан сока.;The lake is covered with ice in winter. Be careful not to slip on the ice. She put ice in the glass of juice.;;
1589;weather;2;Leto;Лето;assets/images/words/leto.webp;assets/sounds/words/leto.mp3;Лето;Summer;Leto je moje omiljeno godišnje doba. Ovo leto je bilo posebno toplo. Provodimo leto na moru svake godine.;Лето — моё любимое время года. Это лето было особенно жарким. Мы проводим лето на море каждый год.;Summer is my favorite season. This summer was especially hot. We spend summer at the seaside every year.;;
1590;weather;2;Magla;Магла;assets/images/words/magla.webp;assets/sounds/words/magla.mp3;Туман;Fog;Magla je prekrila ceo grad jutros. Vozili smo veoma sporo zbog magle. Magla se povukla oko podneva.;Утром туман окутал весь город. Мы ехали очень медленно из-за тумана. Туман рассеялся около полудня.;Fog covered the whole city this morning. We drove very slowly because of the fog. The fog cleared around noon.;;
1591;weather;2;Maglovit;Магловит;assets/images/words/maglovit.webp;assets/sounds/words/maglovit.mp3;Туманный;Foggy;Jutro je bilo veoma maglovito. Vozili smo pažljivo po maglovitom putu. Maglovito vreme otežava vidljivost.;Утро было очень туманным. Мы осторожно ехали по туманной дороге. Туманная погода затрудняет видимость.;The morning was very foggy. We drove carefully on the foggy road. Foggy weather makes visibility difficult.;;
1592;weather;2;Mraz;Мраз;assets/images/words/mraz.webp;assets/sounds/words/mraz.mp3;Мороз;Frost;Mraz je pokrio travu jutros. Prognoza najavljuje jak mraz sledeće nedelje. Biljke su izmrzle od mraza.;Утром иней покрыл траву. Прогноз обещает сильный мороз на следующей неделе. Растения замёрзли от мороза.;Frost covered the grass this morning. The forecast predicts a hard frost next week. The plants froze from the frost.;;
1593;weather;2;Munja;Муња;assets/images/words/munja.webp;assets/sounds/words/munja.mp3;Молния;Lightning;Munja je osvetlila celo nebo. Munja je udarila blizu kuće. Videli smo munju pre nego što smo čuli grom.;Молния осветила всё небо. Молния ударила рядом с домом. Мы увидели молнию раньше, чем услышали гром.;Lightning lit up the whole sky. Lightning struck near the house. We saw the lightning before we heard the thunder.;;
1594;weather;2;Nebo;Небо;assets/images/words/nebo.webp;assets/sounds/words/nebo.mp3;Небо;Sky;Nebo je bilo jasno plavo. Zvezde su sijale na noćnom nebu. Oblaci su prekrili nebo.;Небо было ясно-голубым. Звёзды сияли на ночном небе. Облака затянули небо.;The sky was clear blue. Stars shone in the night sky. Clouds covered the sky.;;
1595;weather;2;Oblak;Облак;assets/images/words/oblak.webp;assets/sounds/words/oblak.mp3;Облако;Cloud;Tamni oblak se približavao gradu. Nebo je bilo puno belih oblaka. Oblak je zaklonio sunce na trenutak.;Тёмное облако приближалось к городу. Небо было полно белых облаков. Облако на мгновение закрыло солнце.;A dark cloud was approaching the city. The sky was full of white clouds. A cloud covered the sun for a moment.;;
1596;weather;2;Oblačan;Облачан;assets/images/words/oblacan.webp;assets/sounds/words/oblacan.mp3;Облачный;Cloudy;Danas je oblačan i hladan dan. Prognoza kaže da će sutra biti oblačno. Nebo je bilo oblačno cele nedelje.;Сегодня облачный и холодный день. Прогноз говорит, что завтра будет облачно. Небо было облачным всю неделю.;Today is a cloudy and cold day. The forecast says it will be cloudy tomorrow. The sky was cloudy all week.;;
1597;weather;2;Oluja;Олуја;assets/images/words/oluja.webp;assets/sounds/words/oluja.mp3;Буря;Storm;Jaka oluja je pogodila obalu noćas. Oluja je oborila nekoliko drveća. Sklonili smo se od oluje u kući.;Сильная буря обрушилась на побережье этой ночью. Буря повалила несколько деревьев. Мы укрылись от бури дома.;A strong storm hit the coast last night. The storm knocked down several trees. We took shelter from the storm at home.;;
1598;weather;2;Padati;Падати;assets/images/words/padati.webp;assets/sounds/words/padati.mp3;Падать;To fall;Sneg pada tiho napolju. List je počeo da pada sa drveta. Kiša je počela da pada iznenada.;За окном тихо падает снег. Лист начал падать с дерева. Внезапно пошёл дождь.;Snow is falling quietly outside. The leaf started to fall from the tree. The rain started falling suddenly.;;
1599;weather;2;Predviđati;Предвиђати;assets/images/words/predvidjati.webp;assets/sounds/words/predvidjati.mp3;Прогнозировать;To forecast / predict;Meteorolozi predviđaju kišu za sutra. Teško je predvideti vreme za nedelju dana unapred. Predviđaju hladan talas sledeće nedelje.;Синоптики прогнозируют дождь на завтра. Трудно предсказать погоду на неделю вперёд. Прогнозируют холодную волну на следующей неделе.;Meteorologists forecast rain for tomorrow. It's hard to predict the weather a week in advance. They predict a cold wave next week.;;
1600;weather;2;Prijatan;Пријатан;assets/images/words/prijatan.webp;assets/sounds/words/prijatan.mp3;Приятный;Pleasant;Danas je prijatna temperatura za šetnju. Vreme je bilo prijatno tokom cele posete. Osećaj prijatnog povetarca me je opustio.;Сегодня приятная температура для прогулки. Погода была приятной на протяжении всего визита. Ощущение приятного ветерка меня расслабило.;Today the temperature is pleasant for a walk. The weather was pleasant throughout the visit. The feeling of a pleasant breeze relaxed me.;;
1601;weather;2;Prognoza;Прогноза;assets/images/words/prognoza.webp;assets/sounds/words/prognoza.mp3;Прогноз;Forecast;Prognoza za sutra najavljuje sunčano vreme. Prognoza je bila tačna ovaj put. Proverila sam prognozu pre puta.;Прогноз на завтра обещает солнечную погоду. На этот раз прогноз был точным. Я проверила прогноз перед поездкой.;Tomorrow's forecast predicts sunny weather. The forecast was accurate this time. I checked the forecast before the trip.;;
1602;weather;2;Proleće;Пролеће;assets/images/words/prolece.webp;assets/sounds/words/prolece.mp3;Весна;Spring;Proleće donosi cveće i toplije dane. Priroda se budi u proleće. Ovo proleće je bilo neobično hladno.;Весна приносит цветы и более тёплые дни. Природа просыпается весной. Эта весна была необычно холодной.;Spring brings flowers and warmer days. Nature awakens in spring. This spring was unusually cold.;;
1603;weather;2;Sijati;Сијати;assets/images/words/sijati.webp;assets/sounds/words/sijati.mp3;Сиять;To shine;Sunce sija jako danas. Zvezde su sijale na nebu. Njene oči su sijale od sreće.;Сегодня солнце сильно светит. Звёзды сияли на небе. Её глаза сияли от счастья.;The sun is shining brightly today. The stars were shining in the sky. Her eyes shone with happiness.;;
1604;weather;2;Skloniti;Склонити;assets/images/words/skloniti.webp;assets/sounds/words/skloniti.mp3;Убрать / укрыться;To put away / to take shelter;Sklonili smo se od kiše ispod drveta. Skloni stvari pre nego što počne oluja. Sklonili su se u obližnju kuću.;Мы укрылись от дождя под деревом. Убери вещи, пока не началась буря. Они укрылись в ближайшем доме.;We took shelter from the rain under a tree. Put things away before the storm starts. They took shelter in a nearby house.;;
1605;weather;2;Smrznuti;Смрзнути;assets/images/words/smrznuti.webp;assets/sounds/words/smrznuti.mp3;Заморозить / замёрзнуть;To freeze;Voda se smrzla preko noći. Smrzao sam se čekajući autobus. Reka se potpuno smrzla ove zime.;Вода замёрзла за ночь. Я замёрз, ожидая автобус. Река полностью замёрзла этой зимой.;The water froze overnight. I froze waiting for the bus. The river completely froze this winter.;;
1606;weather;2;Sneg;Снег;assets/images/words/sneg.webp;assets/sounds/words/sneg.mp3;Снег;Snow;Sneg je padao celu noć. Deca su pravila Sneška Belića od snega. Sneg je pokrio ceo grad.;Снег шёл всю ночь. Дети лепили снеговика из снега. Снег покрыл весь город.;Snow fell all night. The children made a snowman out of snow. Snow covered the whole city.;;
1607;weather;2;Stepen;Степен;assets/images/words/stepen.webp;assets/sounds/words/stepen.mp3;Градус;Degree;Temperatura je bila trideset stepeni. Voda ključa na sto stepeni. Napolju je bilo samo pet stepeni.;Температура была тридцать градусов. Вода кипит при ста градусах. На улице было всего пять градусов.;The temperature was thirty degrees. Water boils at a hundred degrees. It was only five degrees outside.;;
1608;weather;2;Sunce;Сунце;assets/images/words/sunce.webp;assets/sounds/words/sunce.mp3;Солнце;Sun;Sunce sija jako danas. Sunce je zašlo iza planine. Ležali smo na plaži i uživali u suncu.;Сегодня солнце ярко светит. Солнце зашло за гору. Мы лежали на пляже и наслаждались солнцем.;The sun is shining brightly today. The sun set behind the mountain. We lay on the beach and enjoyed the sun.;;
1609;weather;2;Suv;Сув;assets/images/words/suv.webp;assets/sounds/words/suv.mp3;Сухой;Dry;Vazduh je bio veoma suv u pustinji. Zemlja je bila suva zbog nedostatka kiše. Kosa mi je suva posle plivanja.;В пустыне воздух был очень сухим. Земля была сухой из-за нехватки дождя. Мои волосы сухие после плавания.;The air was very dry in the desert. The ground was dry due to lack of rain. My hair is dry after swimming.;;
1610;weather;2;Topiti;Топити;assets/images/words/topiti.webp;assets/sounds/words/topiti.mp3;Топить / таять;To melt;Sneg se topi na suncu. Led se brzo topi leti. Čokolada se topi u ustima.;Снег тает на солнце. Лёд быстро тает летом. Шоколад тает во рту.;Snow melts in the sun. Ice melts quickly in summer. Chocolate melts in your mouth.;;
1611;weather;2;Vetar;Ветар;assets/images/words/vetar.webp;assets/sounds/words/vetar.mp3;Ветер;Wind;Jak vetar je duvao celu noć. Vetar je oborio nekoliko grana. Osetili smo hladan vetar sa mora.;Сильный ветер дул всю ночь. Ветер повалил несколько веток. Мы почувствовали холодный ветер с моря.;A strong wind blew all night. The wind knocked down several branches. We felt a cold wind from the sea.;;
1612;weather;2;Vetrovit;Ветровит;assets/images/words/vetrovit.webp;assets/sounds/words/vetrovit.mp3;Ветреный;Windy;Danas je jako vetrovito na plaži. Vetrovito vreme otežava vožnju biciklom. Bio je vetrovit dan za jedrenje.;Сегодня на пляже очень ветрено. Ветреная погода затрудняет езду на велосипеде. Это был ветреный день для парусного спорта.;Today it's very windy at the beach. Windy weather makes cycling difficult. It was a windy day for sailing.;;
1613;weather;2;Vlaga;Влага;assets/images/words/vlaga.webp;assets/sounds/words/vlaga.mp3;Влага;Moisture;Vlaga u vazduhu je bila visoka. Ova krema zadržava vlagu u koži. Vlaga je oštetila zidove kuće.;Влажность воздуха была высокой. Этот крем удерживает влагу в коже. Влага повредила стены дома.;The moisture in the air was high. This cream retains moisture in the skin. Moisture damaged the walls of the house.;;
1614;weather;2;Vlažan;Влажан;assets/images/words/vlazan.webp;assets/sounds/words/vlazan.mp3;Влажный;Humid;Vazduh je bio vlažan i topao. Zemljište je vlažno posle kiše. Vlažno vreme je neprijatno leti.;Воздух был влажным и тёплым. Земля влажная после дождя. Влажная погода неприятна летом.;The air was humid and warm. The soil is damp after the rain. Humid weather is unpleasant in summer.;;
1615;weather;2;Vrućina;Врућина;assets/images/words/vrucina.webp;assets/sounds/words/vrucina.mp3;Жара;Heat;Vrućina je bila nepodnošljiva ovog leta. Ostali smo u hladu zbog vrućine. Deca su tražila hlad od vrućine.;Этим летом жара была невыносимой. Мы оставались в тени из-за жары. Дети искали тень от жары.;The heat was unbearable this summer. We stayed in the shade because of the heat. The children looked for shade from the heat.;;
1616;weather;2;Zima;Зима;assets/images/words/zima.webp;assets/sounds/words/zima.mp3;Зима;Winter;Zima je bila veoma hladna ove godine. Volim da skijam zimi. Zima donosi sneg i led.;Эта зима была очень холодной. Я люблю кататься на лыжах зимой. Зима приносит снег и лёд.;This winter was very cold. I love skiing in winter. Winter brings snow and ice.;;
584;work;2;Koleginica;Колегиница;assets/images/words/koleginica.webp;assets/sounds/words/koleginica.mp3;Коллега (женщина);Female colleague;Moja koleginica je vrlo ljubazna. Radim sa koleginicom već tri godine. Koleginica mi je pomogla sa projektom.;Моя коллега очень дружелюбная. Я работаю с коллегой уже три года. Коллега помогла мне с проектом.;My female colleague is very kind. I've worked with my colleague for three years. My colleague helped me with the project.;;
585;work;2;Zadatak;Задатак;assets/images/words/zadatak.webp;assets/sounds/words/zadatak.mp3;Задача;Task;Imam novi zadatak za danas. Zadatak je težak. Završio sam sve zadatke.;У меня новая задача на сегодня. Задача сложная. Я выполнил все задачи.;I have a new task for today. The task is difficult. I finished all the tasks.;;
586;work;2;Email;Емаил;assets/images/words/email.webp;assets/sounds/words/email.mp3;Имейл;Email;Poslao sam email šefu. Proveri svoj email. Nisam odgovorio na email.;Я отправил имейл начальнику. Проверь свою почту. Я не ответил на письмо.;I sent an email to my boss. Check your email. I haven't replied to the email.;;
587;work;2;Zaposleni;Запослени;assets/images/words/zaposleni.webp;assets/sounds/words/zaposleni.mp3;Сотрудник;Employee;Ona je nova zaposlena. Kompanija ima sto zaposlenih. Zaposleni su zadovoljni uslovima.;Она новая сотрудница. В компании сто сотрудников. Сотрудники довольны условиями.;She's a new employee. The company has a hundred employees. The employees are satisfied with the conditions.;;
588;work;2;Prekovremen;Прековремен;assets/images/words/prekovremen.webp;assets/sounds/words/prekovremen.mp3;Сверхурочный;Overtime (adj.);Radio sam prekovremeno ove nedelje. Prekovremeni rad se dodatno plaća. Nisam voljan da radim prekovremeno svaki dan.;На этой неделе я работал сверхурочно. Сверхурочная работа оплачивается дополнительно. Я не хочу работать сверхурочно каждый день.;I worked overtime this week. Overtime work is paid extra. I'm not willing to work overtime every day.;;
589;work;2;Obuka;Обука;assets/images/words/obuka.webp;assets/sounds/words/obuka.mp3;Обучение / тренинг;Training;Prošao sam obuku za novi softver. Obuka traje tri dana. Kompanija organizuje redovne obuke.;Я прошёл обучение по новому софту. Обучение длится три дня. Компания организует регулярные обучения.;I completed training on the new software. The training lasts three days. The company organizes regular training sessions.;;
590;work;2;Napredovanje;Напредовање;assets/images/words/napredovanje.webp;assets/sounds/words/napredovanje.mp3;Продвижение;Advancement;Napredovanje u karijeri mi je važno. Očekujem brzo napredovanje u firmi. Napredovanje zahteva vreme i trud.;Продвижение по карьере важно для меня. Я рассчитываю на быстрое продвижение в компании. Продвижение требует времени и усилий.;Career advancement is important to me. I expect quick advancement in the company. Advancement takes time and effort.;;
591;work;2;Prezentacija;Презентација;assets/images/words/prezentacija.webp;assets/sounds/words/prezentacija.mp3;Презентация;Presentation;Pripremio sam prezentaciju za sastanak. Prezentacija je trajala pola sata. Prezentacija je bila uspešna.;Я подготовил презентацию к встрече. Презентация длилась полчаса. Презентация прошла успешно.;I prepared a presentation for the meeting. The presentation lasted half an hour. The presentation was successful.;;
592;work;2;Bibliotekar;Библиотекар;assets/images/words/bibliotekar.webp;assets/sounds/words/bibliotekar.mp3;Библиотекарь;Librarian;Bibliotekar mi je preporučio knjigu. Radi kao bibliotekar deset godina. Bibliotekar je ljubazan i strpljiv.;Библиотекарь порекомендовал мне книгу. Он работает библиотекарем десять лет. Библиотекарь вежливый и терпеливый.;The librarian recommended a book to me. He's worked as a librarian for ten years. The librarian is kind and patient.;;
593;work;2;Biografija;Биографија;assets/images/words/biografija.webp;assets/sounds/words/biografija.mp3;Биография;Biography / CV;Napisao sam svoju biografiju. Pošaljite biografiju za konkurs. Biografija treba da bude kratka.;Я написал своё резюме. Отправьте резюме на конкурс. Резюме должно быть коротким.;I wrote my CV. Send your CV for the application. The CV should be short.;;
594;work;2;Blagajnik;Благајник;assets/images/words/blagajnik.webp;assets/sounds/words/blagajnik.mp3;Кассир;Cashier;Blagajnik je proverio moj račun. Radi kao blagajnik u prodavnici. Blagajnik je bio ljubazan.;Кассир проверил мой чек. Он работает кассиром в магазине. Кассир был вежливым.;The cashier checked my receipt. He works as a cashier at a store. The cashier was polite.;;
595;work;2;Bolovanje;Боловање;assets/images/words/bolovanje.webp;assets/sounds/words/bolovanje.mp3;Больничный;Sick leave;Uzeo sam bolovanje zbog gripa. Bolovanje traje nedelju dana. Doktor mi je odobrio bolovanje.;Я взял больничный из-за гриппа. Больничный длится неделю. Врач одобрил мой больничный.;I took sick leave because of the flu. The sick leave lasts a week. The doctor approved my sick leave.;;
596;work;2;Dizajner;Дизајнер;assets/images/words/dizajner.webp;assets/sounds/words/dizajner.mp3;Дизайнер;Designer;Ona je grafički dizajner. Dizajner je napravio odličan logo. Radim kao dizajner enterijera.;Она графический дизайнер. Дизайнер сделал отличный логотип. Я работаю дизайнером интерьера.;She's a graphic designer. The designer made a great logo. I work as an interior designer.;;
597;work;2;Električar;Електричар;assets/images/words/elektricar.webp;assets/sounds/words/elektricar.mp3;Электрик;Electrician;Pozvao sam električara da popravi žice. Električar je stigao na vreme. Radim kao električar u fabrici.;Я вызвал электрика починить проводку. Электрик приехал вовремя. Я работаю электриком на заводе.;I called an electrician to fix the wiring. The electrician arrived on time. I work as an electrician at a factory.;;
598;work;2;Fabrika;Фабрика;assets/images/words/fabrika.webp;assets/sounds/words/fabrika.mp3;Фабрика;Factory;Radim u fabrici automobila. Fabrika zapošljava dve hiljade ljudi. Fabrika je zatvorena vikendom.;Я работаю на автомобильном заводе. Завод нанимает две тысячи человек. Завод закрыт по выходным.;I work at a car factory. The factory employs two thousand people. The factory is closed on weekends.;;
599;work;2;Frizer;Фризер;assets/images/words/frizer.webp;assets/sounds/words/frizer.mp3;Парикмахер;Hairdresser;Frizer mi je skratio kosu. On je popularan frizer u gradu. Radim kao frizer već pet godina.;Парикмахер подстриг мне волосы. Он популярный парикмахер в городе. Я работаю парикмахером уже пять лет.;The hairdresser cut my hair. He's a popular hairdresser in town. I've worked as a hairdresser for five years.;;
600;work;2;Frizerka;Фризерка;assets/images/words/frizerka.webp;assets/sounds/words/frizerka.mp3;Парикмахерша;Female hairdresser;Frizerka mi je obojila kosu. Frizerka radi u salonu lepote. Otišla sam kod frizerke jutros.;Парикмахерша покрасила мне волосы. Парикмахерша работает в салоне красоты. Я ходила к парикмахерше утром.;The hairdresser dyed my hair. The hairdresser works at a beauty salon. I went to the hairdresser this morning.;;
601;work;2;Intervju;Интервју;assets/images/words/intervju.webp;assets/sounds/words/intervju.mp3;Интервью;Interview;Dao sam intervju za novine. Intervju je trajao sat vremena. Pripremio sam pitanja za intervju.;Я дал интервью для газеты. Интервью длилось час. Я подготовил вопросы для интервью.;I gave an interview for the newspaper. The interview lasted an hour. I prepared questions for the interview.;;
602;work;2;Iskusan;Искусан;assets/images/words/iskusan.webp;assets/sounds/words/iskusan.mp3;Опытный;Experienced;On je iskusan lekar. Tražimo iskusnog radnika. Ona je iskusna u ovom poslu.;Он опытный врач. Мы ищем опытного работника. Она опытна в этой работе.;He's an experienced doctor. We're looking for an experienced worker. She's experienced in this job.;;
603;work;2;Iskustvo;Искуство;assets/images/words/iskustvo.webp;assets/sounds/words/iskustvo.mp3;Опыт;Experience;Imam pet godina iskustva. Iskustvo je najbolji učitelj. Nedostaje mi radno iskustvo.;У меня пять лет опыта. Опыт — лучший учитель. Мне не хватает рабочего опыта.;I have five years of experience. Experience is the best teacher. I lack work experience.;;
604;work;2;Kancelarija;Канцеларија;assets/images/words/kancelarija.webp;assets/sounds/words/kancelarija.mp3;Офис;Office;Radim u kancelariji svaki dan. Kancelarija je na trećem spratu. Kancelarija je moderno opremljena.;Я работаю в офисе каждый день. Офис на третьем этаже. Офис современно оборудован.;I work in the office every day. The office is on the third floor. The office is modernly equipped.;;
605;work;2;Karijera;Каријера;assets/images/words/karijera.webp;assets/sounds/words/karijera.mp3;Карьера;Career;Gradim uspešnu karijeru. Karijera mi je veoma važna. Promenio sam karijeru pre dve godine.;Я строю успешную карьеру. Карьера очень важна для меня. Я сменил карьеру два года назад.;I'm building a successful career. Career is very important to me. I changed careers two years ago.;;
606;work;2;Klijent;Клијент;assets/images/words/klijent.webp;assets/sounds/words/klijent.mp3;Клиент;Client;Klijent je zadovoljan uslugom. Imamo novog klijenta. Sastanak sa klijentom je u dva.;Клиент доволен обслуживанием. У нас новый клиент. Встреча с клиентом в два.;The client is satisfied with the service. We have a new client. The meeting with the client is at two.;;
607;work;2;Konkurisati;Конкурисати;assets/images/words/konkurisati.webp;assets/sounds/words/konkurisati.mp3;Подать заявку (на конкурс);To apply;Konkurisao sam za posao juče. Konkuriši za praksu na vreme. Konkurisala je na više oglasa.;Я подал заявку на работу вчера. Подай заявку на стажировку вовремя. Она подала заявку на несколько вакансий.;I applied for the job yesterday. Apply for the internship on time. She applied to several job listings.;;
608;work;2;Konobar;Конобар;assets/images/words/konobar.webp;assets/sounds/words/konobar.mp3;Официант;Waiter;Konobar nam je doneo meni. Radi kao konobar u restoranu. Konobar je bio veoma ljubazan.;Официант принёс нам меню. Он работает официантом в ресторане. Официант был очень вежливым.;The waiter brought us the menu. He works as a waiter at a restaurant. The waiter was very polite.;;
609;work;2;Konobarica;Конобарица;assets/images/words/konobarica.webp;assets/sounds/words/konobarica.mp3;Официантка;Waitress;Konobarica je preporučila specijalitet. Konobarica radi vikendom. Konobarica nam je donela račun.;Официантка порекомендовала фирменное блюдо. Официантка работает по выходным. Официантка принесла нам счёт.;The waitress recommended the special. The waitress works on weekends. The waitress brought us the bill.;;
610;work;2;Lenj;Лењ;assets/images/words/lenj.webp;assets/sounds/words/lenj.mp3;Ленивый;Lazy;On je previše lenj za ovaj posao. Ne budi lenj, pomozi mi. Lenj radnik retko napreduje.;Он слишком ленив для этой работы. Не ленись, помоги мне. Ленивый работник редко продвигается.;He's too lazy for this job. Don't be lazy, help me. A lazy worker rarely advances.;;
611;work;2;Mesar;Месар;assets/images/words/mesar.webp;assets/sounds/words/mesar.mp3;Мясник;Butcher;Mesar je isekao meso na parčad. Radim kao mesar u mesari. Mesar zna sve o mesu.;Мясник нарезал мясо на куски. Я работаю мясником в мясной лавке. Мясник знает всё о мясе.;The butcher cut the meat into pieces. I work as a butcher at a butcher shop. The butcher knows everything about meat.;;
612;work;2;Mornar;Морнар;assets/images/words/mornar.webp;assets/sounds/words/mornar.mp3;Моряк;Sailor;On je mornar na velikom brodu. Mornar je proveo godine na moru. Postao je mornar sa osamnaest godina.;Он моряк на большом корабле. Моряк провёл годы в море. Он стал моряком в восемнадцать лет.;He's a sailor on a big ship. The sailor spent years at sea. He became a sailor at eighteen.;;
613;work;2;Nezaposlen;Незапослен;assets/images/words/nezaposlen.webp;assets/sounds/words/nezaposlen.mp3;Безработный;Unemployed;Nezaposlen je već šest meseci. Broj nezaposlenih raste. Postao je nezaposlen posle otpuštanja.;Он безработный уже шесть месяцев. Число безработных растёт. Он стал безработным после увольнения.;He's been unemployed for six months. The number of unemployed is rising. He became unemployed after being fired.;;
614;work;2;Otpustiti;Отпустити;assets/images/words/otpustiti.webp;assets/sounds/words/otpustiti.mp3;Уволить;To fire;Šef ga je otpustio. Otpustili su ceo tim. Ne žele da me otpuste.;Начальник его уволил. Уволили всю команду. Они не хотят меня увольнять.;The boss fired him. They fired the whole team. They don't want to fire me.;;
615;work;2;Pekar;Пекар;assets/images/words/pekar.webp;assets/sounds/words/pekar.mp3;Пекарь;Baker;Pekar peče hleb svako jutro. On je odličan pekar. Radim kao pekar u pekari.;Пекарь печёт хлеб каждое утро. Он отличный пекарь. Я работаю пекарем в пекарне.;The baker bakes bread every morning. He's an excellent baker. I work as a baker at a bakery.;;
616;work;2;Penzija;Пензија;assets/images/words/penzija.webp;assets/sounds/words/penzija.mp3;Пенсия;Pension;Prima penziju svakog meseca. Penzija nije dovoljna za život. Otišao je u penziju prošle godine.;Он получает пенсию каждый месяц. Пенсии не хватает на жизнь. Он вышел на пенсию в прошлом году.;He receives a pension every month. The pension isn't enough to live on. He retired last year.;;
617;work;2;Penzionisati;Пензионисати;assets/images/words/penzionisati.webp;assets/sounds/words/penzionisati.mp3;Уйти на пенсию;To retire;Planira da se penzioniše sledeće godine. Moj deda se penzionisao sa šezdeset pet godina. Kada se budeš penzionisao, putovaćemo zajedno.;Он планирует выйти на пенсию в следующем году. Мой дедушка вышел на пенсию в шестьдесят пять лет. Когда ты выйдешь на пенсию, мы будем путешествовать вместе.;He plans to retire next year. My grandfather retired at sixty-five. When you retire, we'll travel together.;;
618;work;2;Pevač;Певач;assets/images/words/pevac.webp;assets/sounds/words/pevac.mp3;Певец;Singer;On je poznati pevač. Pevač je otpevao novu pesmu. Postao je pevač u mladosti.;Он известный певец. Певец исполнил новую песню. Он стал певцом в молодости.;He's a famous singer. The singer performed a new song. He became a singer in his youth.;;
619;work;2;Pevačica;Певачица;assets/images/words/pevacica.webp;assets/sounds/words/pevacica.mp3;Певица;Female singer;Pevačica je otpevala divno. Volim ovu pevačicu. Postala je pevačica sa šesnaest godina.;Певица спела прекрасно. Мне нравится эта певица. Она стала певицей в шестнадцать лет.;The singer sang beautifully. I love this singer. She became a singer at sixteen.;;
620;work;2;Pilot;Пилот;assets/images/words/pilot.webp;assets/sounds/words/pilot.mp3;Пилот;Pilot;Pilot je sleteo avion bezbedno. Sanjao je da postane pilot. Pilot ima puno iskustva.;Пилот благополучно посадил самолёт. Он мечтал стать пилотом. У пилота большой опыт.;The pilot landed the plane safely. He dreamed of becoming a pilot. The pilot has a lot of experience.;;
621;work;2;Policajac;Полицајац;assets/images/words/policajac.webp;assets/sounds/words/policajac.mp3;Полицейский;Police officer;Policajac je zaustavio automobil. Radi kao policajac deset godina. Policajac nam je pomogao.;Полицейский остановил машину. Он работает полицейским десять лет. Полицейский нам помог.;The police officer stopped the car. He's worked as a police officer for ten years. The police officer helped us.;;
622;work;2;Poslovni;Пословни;assets/images/words/poslovni.webp;assets/sounds/words/poslovni.mp3;Деловой;Business (adj);Ovo je poslovni sastanak. Nosim poslovno odelo. Poslovni svet je konkurentan.;Это деловая встреча. Я ношу деловой костюм. Деловой мир конкурентный.;This is a business meeting. I wear a business suit. The business world is competitive.;;
623;work;2;Pripravnik;Приправник;assets/images/words/pripravnik.webp;assets/sounds/words/pripravnik.mp3;Стажёр;Trainee;Ona je pripravnik u firmi. Pripravnik uči od iskusnijih kolega. Pripravnik dobija manju platu.;Она стажёр в компании. Стажёр учится у более опытных коллег. Стажёр получает меньшую зарплату.;She's a trainee at the company. The trainee learns from more experienced colleagues. The trainee gets a lower salary.;;
624;work;2;Radionica;Радионица;assets/images/words/radionica.webp;assets/sounds/words/radionica.mp3;Мастерская;Workshop;Popravlja automobile u radionici. Radionica je puna alata. Otišao sam u radionicu po delove.;Он ремонтирует машины в мастерской. Мастерская полна инструментов. Я пошёл в мастерскую за запчастями.;He repairs cars in the workshop. The workshop is full of tools. I went to the workshop for parts.;;
625;work;2;Računovođa;Рачуновођа;assets/images/words/racunovodja.webp;assets/sounds/words/racunovodja.mp3;Бухгалтер;Accountant;Računovođa vodi finansije firme. Ona je iskusan računovođa. Angažovali smo novog računovođu.;Бухгалтер ведёт финансы компании. Она опытный бухгалтер. Мы наняли нового бухгалтера.;The accountant manages the company's finances. She's an experienced accountant. We hired a new accountant.;;
626;work;2;Sekretarica;Секретарица;assets/images/words/sekretarica.webp;assets/sounds/words/sekretarica.mp3;Секретарь;Secretary;Sekretarica organizuje sastanke. Sekretarica je odgovorila na telefon. Radim kao sekretarica u kancelariji.;Секретарь организует встречи. Секретарь ответила на звонок. Я работаю секретарём в офисе.;The secretary organizes meetings. The secretary answered the phone. I work as a secretary in the office.;;
627;work;2;Slikar;Сликар;assets/images/words/slikar.webp;assets/sounds/words/slikar.mp3;Художник;Painter;Slikar je naslikao predivnu sliku. On je poznati slikar. Postao je slikar posle fakulteta.;Художник написал прекрасную картину. Он известный художник. Он стал художником после университета.;The painter painted a beautiful picture. He's a famous painter. He became a painter after university.;;
628;work;2;Smena;Смена;assets/images/words/smena.webp;assets/sounds/words/smena.mp3;Смена;Shift;Radim noćnu smenu. Smena traje osam sati. Promenio sam smenu ove nedelje.;Я работаю в ночную смену. Смена длится восемь часов. На этой неделе я поменял смену.;I work the night shift. The shift lasts eight hours. I changed my shift this week.;;
629;work;2;Stolar;Столар;assets/images/words/stolar.webp;assets/sounds/words/stolar.mp3;Столяр;Carpenter;Stolar je napravio nov sto. Radim kao stolar dvadeset godina. Stolar radi sa drvetom.;Столяр сделал новый стол. Я работаю столяром двадцать лет. Столяр работает с деревом.;The carpenter made a new table. I've worked as a carpenter for twenty years. The carpenter works with wood.;;
135;bakery;3;Lešnik;Лешник;assets/images/words/lesnik.webp;assets/sounds/words/lesnik.mp3;Фундук;Hazelnut;Volim kolač sa lešnikom. Kupio sam kesu lešnika. Čokolada sa lešnicima je ukusna.;Я люблю торт с лесным орехом. Я купил пакет лесных орехов. Шоколад с лесными орехами вкусный.;I love hazelnut cake. I bought a bag of hazelnuts. Hazelnut chocolate is delicious.;;
136;bakery;3;Bademi;Бадеми;assets/images/words/bademi.webp;assets/sounds/words/bademi.mp3;Миндаль;Almonds;Kolač je ukrašen bademima. Volim slatkiše sa bademima. Kupio sam kesu badema.;Торт украшен миндалём. Я люблю сладости с миндалём. Я купил пакет миндаля.;The cake is decorated with almonds. I love almond sweets. I bought a bag of almonds.;;
137;bakery;3;Grožđe;Грожђе;assets/images/words/grozdje.webp;assets/sounds/words/grozdje.mp3;Виноград;Grapes;Volim da jedem grožđe leti. Kupila je kilogram grožđa na pijaci. Ovo grožđe je vrlo slatko.;Я люблю есть виноград летом. Она купила килограмм винограда на рынке. Этот виноград очень сладкий.;I like eating grapes in summer. She bought a kilo of grapes at the market. These grapes are very sweet.;;
138;bakery;3;Glazura;Глазура;assets/images/words/glazura.webp;assets/sounds/words/glazura.mp3;Глазурь;Glaze / icing;Kolač ima čokoladnu glazuru. Glazura je slatka. Krofna je prekrivena glazurom.;У торта шоколадная глазурь. Глазурь сладкая. Пончик покрыт глазурью.;The cake has chocolate glaze. The glaze is sweet. The doughnut is covered in glaze.;;
139;bakery;3;Pečen;Печен;assets/images/words/pecen.webp;assets/sounds/words/pecen.mp3;Печёный;Baked, roasted;Ovaj hleb je sveže pečen. Volim pečeno povrće. Piletina je bila savršeno pečena.;Этот хлеб свежеиспечённый. Я люблю печёные овощи. Курица была идеально запечена.;This bread is freshly baked. I love roasted vegetables. The chicken was perfectly roasted.;;
140;bakery;3;Jučerašnje;Јучерашње;assets/images/words/jucerasnje.webp;assets/sounds/words/jucerasnje.mp3;Вчерашнее;Yesterday's (stale);Ovaj hleb je jučerašnji. Ne volim jučerašnje pecivo. Jučerašnje je jeftinije.;Этот хлеб вчерашний. Я не люблю вчерашнюю выпечку. Вчерашнее дешевле.;This bread is from yesterday. I don't like yesterday's pastry. Yesterday's is cheaper.;;
141;bakery;3;Prah;Прах;assets/images/words/prah.webp;assets/sounds/words/prah.mp3;Порошок / пыль;Powder / dust;Posuo je kolač šećerom u prahu. Na nameštaju se nakupio prah. Kafa u prahu je brža za pripremu.;Он посыпал пирог сахарной пудрой. На мебели скопилась пыль. Растворимый кофе быстрее готовить.;He sprinkled the cake with powdered sugar. Dust has collected on the furniture. Instant coffee is quicker to prepare.;;
142;bakery;3;Cimet;Цимет;assets/images/words/cimet.webp;assets/sounds/words/cimet.mp3;Корица;Cinnamon;Štrudla ima ukus cimeta. Volim čaj sa cimetom. Dodaj malo cimeta u testo.;У штруделя вкус корицы. Я люблю чай с корицей. Добавь немного корицы в тесто.;The strudel has a cinnamon flavor. I like tea with cinnamon. Add a little cinnamon to the dough.;;
143;bakery;3;Vanila;Ванила;assets/images/words/vanila.webp;assets/sounds/words/vanila.mp3;Ваниль;Vanilla;Kolač ima ukus vanile. Sladoled od vanile je klasika. Dodaj kap vanile u testo.;У торта вкус ванили. Ванильное мороженое — классика. Добавь каплю ванили в тесто.;The cake has a vanilla flavor. Vanilla ice cream is a classic. Add a drop of vanilla to the dough.;;
144;bakery;3;Salveta;Салвета;assets/images/words/salveta.webp;assets/sounds/words/salveta.mp3;Салфетка;Napkin;Dajte mi salvetu, molim. Salveta je na stolu. Uzmi salvetu za ruke.;Дайте мне салфетку, пожалуйста. Салфетка на столе. Возьми салфетку для рук.;Give me a napkin, please. The napkin is on the table. Take a napkin for your hands.;;
145;bakery;3;Fil;Фил;assets/images/words/fil.webp;assets/sounds/words/fil.mp3;Начинка / прослойка;Filling;Fil je od višanja. Volim pite sa slatkim filom. Fil je previše sladak.;Начинка из вишни. Я люблю пироги со сладкой начинкой. Начинка слишком сладкая.;The filling is cherry. I like pies with sweet filling. The filling is too sweet.;;
146;bakery;3;Konzervansi;Конзерванси;assets/images/words/konzervansi.webp;assets/sounds/words/konzervansi.mp3;Консерванты;Preservatives;Ovaj hleb nema konzervanse. Izbegavam hranu sa konzervansima. Ima li konzervansa u ovom pecivu?;В этом хлебе нет консервантов. Я избегаю еды с консервантами. Есть ли консерванты в этой выпечке?;This bread has no preservatives. I avoid food with preservatives. Are there preservatives in this pastry?;;
147;bakery;3;Hleb;Хлеб;assets/images/words/hleb.webp;assets/sounds/words/hleb.mp3;Хлеб;Bread;Kupila sam sveži hleb u pekari. Hleb se seče na tanke kriške. Namazala je hleb puterom.;Я купила свежий хлеб в пекарне. Хлеб режут на тонкие ломтики. Она намазала хлеб маслом.;I bought fresh bread at the bakery. The bread is cut into thin slices. She spread butter on the bread.;;
148;bakery;3;Kolač;Колач;assets/images/words/kolac.webp;assets/sounds/words/kolac.mp3;Пирожное / пирог;Cake;Ispekla je kolač za rođendan. Kolač je bio pun čokolade. Podelili smo kolač na male komade.;Она испекла пирог на день рождения. Пирог был полон шоколада. Мы разделили пирог на маленькие кусочки.;She baked a cake for the birthday. The cake was full of chocolate. We cut the cake into small pieces.;;
149;bakery;3;Pecivo;Пециво;assets/images/words/pecivo.webp;assets/sounds/words/pecivo.mp3;Выпечка;Pastry;Kupila je sveže pecivo za doručak. Pekara prodaje razne vrste peciva. Pecivo je bilo još toplo.;Она купила свежую выпечку на завтрак. Пекарня продаёт разные виды выпечки. Выпечка была ещё тёплой.;She bought fresh pastry for breakfast. The bakery sells various kinds of pastries. The pastry was still warm.;;
150;bakery;3;Sladak;Сладак;assets/images/words/sladak.webp;assets/sounds/words/sladak.mp3;Сладкий;Sweet;Ova torta je previše slatka za mene. Voće je prirodno slatko. Kafa mi je bila preslatka.;Этот торт для меня слишком сладкий. Фрукты естественно сладкие. Мой кофе был слишком сладким.;This cake is too sweet for me. Fruit is naturally sweet. My coffee was too sweet.;;
151;bakery;3;Torta;Торта;assets/images/words/torta.webp;assets/sounds/words/torta.mp3;Торт;Cake / torte;Ispekla je tortu za rođendan. Torta je bila prekrivena čokoladom. Podelili smo tortu na dvanaest kriški.;Она испекла торт на день рождения. Торт был покрыт шоколадом. Мы разрезали торт на двенадцать кусков.;She baked a cake for the birthday. The cake was covered in chocolate. We cut the cake into twelve slices.;;
1192;banka;3;Podizanje;Подизање;assets/images/words/podizanje.webp;assets/sounds/words/podizanje.mp3;Снятие;Withdrawal;Podizanje novca sa bankomata je besplatno. Uradio sam podizanje gotovine u banci. Maksimalno podizanje dnevno je pedeset hiljada dinara.;Снятие денег в банкомате бесплатно. Я снял наличные в банке. Максимальное снятие в день — пятьдесят тысяч динаров.;Cash withdrawal from the ATM is free. I made a cash withdrawal at the bank. The maximum daily withdrawal is fifty thousand dinars.;;
1193;banka;3;Polog;Полог;assets/images/words/polog.webp;assets/sounds/words/polog.mp3;Депозит;Deposit;Napravio sam polog u banci. Polog nosi kamatu. Polog je za šest meseci.;Я сделал депозит в банке. На вклад начисляются проценты. Депозит на шесть месяцев.;I made a deposit at the bank. The deposit earns interest. The deposit is for six months.;;
1194;banka;3;Tekući;Текући;assets/images/words/tekuci.webp;assets/sounds/words/tekuci.mp3;Текущий;Current;Imam tekući račun u ovoj banci. Tekući troškovi su visoki ovog meseca. Proveri stanje na tekućem računu.;У меня текущий счёт в этом банке. Текущие расходы в этом месяце высокие. Проверь баланс на текущем счёте.;I have a current account at this bank. Current expenses are high this month. Check the balance on your current account.;;
1195;banka;3;Bankarstvo;Банкарство;assets/images/words/bankarstvo.webp;assets/sounds/words/bankarstvo.mp3;Банкинг;Banking;Mobilno bankarstvo je vrlo praktično. Radi u sektoru bankarstva. Elektronsko bankarstvo štedi vreme.;Мобильный банкинг очень удобен. Она работает в банковском секторе. Электронный банкинг экономит время.;Mobile banking is very convenient. She works in the banking sector. Electronic banking saves time.;;
1196;banka;3;Mobilan;Мобилан;assets/images/words/mobilan.webp;assets/sounds/words/mobilan.mp3;Мобильный;Mobile;Koristim mobilnu aplikaciju banke. Ovaj telefon je vrlo mobilan i lagan. Mobilno bankarstvo je dostupno 24 sata.;Я использую мобильное приложение банка. Этот телефон очень мобильный и лёгкий. Мобильный банкинг доступен круглосуточно.;I use the bank's mobile app. This phone is very mobile and light. Mobile banking is available 24 hours.;;
1197;banka;3;Šifra;Шифра;assets/images/words/sifra.webp;assets/sounds/words/sifra.mp3;Пароль;Code / password;Zaboravio sam šifru. Unesi svoju šifru. Šifra mora biti tajna.;Я забыл пароль. Введи свой пароль. Пароль должен быть в секрете.;I forgot my code. Enter your code. The code must be kept secret.;;
1198;banka;3;Otvaranje;Отварање;assets/images/words/otvaranje.webp;assets/sounds/words/otvaranje.mp3;Открытие;Opening;Otvaranje računa traje petnaest minuta. Prisustvovali smo otvaranju nove filijale. Otvaranje štednog računa je besplatno.;Открытие счёта занимает пятнадцать минут. Мы присутствовали на открытии нового филиала. Открытие сберегательного счёта бесплатно.;Opening an account takes fifteen minutes. We attended the opening of the new branch. Opening a savings account is free.;;
1199;banka;3;Zatvaranje;Затварање;assets/images/words/zatvaranje.webp;assets/sounds/words/zatvaranje.mp3;Закрытие;Closing;Zatvaranje računa zahteva pismeni zahtev. Banka radi do zatvaranja u sedamnaest sati. Zatvaranje kartice je besplatno.;Закрытие счёта требует письменного заявления. Банк работает до закрытия в семнадцать часов. Закрытие карты бесплатно.;Closing an account requires a written request. The bank operates until closing at five p.m. Card closure is free.;;
1200;banka;3;Ličan;Личан;assets/images/words/lican.webp;assets/sounds/words/lican.mp3;Личный;Personal;Potreban je lični dokument za otvaranje računa. Ovo je moj lični bankovni savetnik. Unesite lične podatke u formular.;Для открытия счёта нужен личный документ. Это мой личный банковский консультант. Введите личные данные в форму.;A personal document is needed to open an account. This is my personal bank advisor. Enter your personal details in the form.;;
1201;banka;3;Plaćanje;Плаћање;assets/images/words/placanje.webp;assets/sounds/words/placanje.mp3;Оплата;Payment;Plaćanje računa je moguće onlajn. Beskontaktno plaćanje je brzo i sigurno. Plaćanje kreditnom karticom nije uvek moguće.;Оплата счетов возможна онлайн. Бесконтактная оплата быстрая и безопасная. Оплата кредитной картой не всегда возможна.;Bill payment is possible online. Contactless payment is fast and secure. Payment by credit card isn't always possible.;;
1202;banka;3;Redosled;Редослед;assets/images/words/redosled.webp;assets/sounds/words/redosled.mp3;Очерёдность;Order, sequence;Poštujte redosled u redu za šalter. Redosled transakcija je važan. Uradite plaćanja ovim redosledom.;Соблюдайте порядок очереди к окошку. Порядок транзакций важен. Проведите платежи в этом порядке.;Follow the order of the queue for the counter. The order of transactions matters. Make the payments in this order.;;
1203;banka;3;Broj za red;Број за ред;assets/images/words/broj_za_red.webp;assets/sounds/words/broj_za_red.mp3;Номерок очереди;Queue number;Uzmi broj za red na ulazu. Broj za red je pedeset tri. Sačekaj da pozovu tvoj broj za red.;Возьми номерок очереди на входе. Номерок очереди пятьдесят три. Подожди, пока назовут твой номерок.;Take a queue number at the entrance. The queue number is fifty-three. Wait for your queue number to be called.;;
1204;banka;3;Sef;Сеф;assets/images/words/sef_2.webp;assets/sounds/words/sef_2.mp3;Сейф;Safe / safe deposit box;Iznajmio sam sef u banci. Dokumenta čuvam u sefu. Sef je zaključan.;Я арендовал сейф в банке. Я храню документы в сейфе. Сейф заперт.;I rented a safe deposit box at the bank. I keep documents in the safe. The safe is locked.;;
1205;banka;3;Sveukupan;Свеукупан;assets/images/words/sveukupan.webp;assets/sounds/words/sveukupan.mp3;Общий;Total, overall;Sveukupan iznos duga je prikazan na izvodu. Sveukupni troškovi su porasli. Sveukupna ušteda je zadovoljavajuća.;Общая сумма долга указана в выписке. Общие расходы выросли. Общая экономия удовлетворительна.;The total debt amount is shown on the statement. Overall expenses have increased. The overall savings are satisfactory.;;
1206;banka;3;Provizija;Провизија;assets/images/words/provizija.webp;assets/sounds/words/provizija.mp3;Комиссия;Commission;Banka naplaćuje proviziju. Provizija je jedan posto. Provizija se plaća unapred.;Банк взимает комиссию. Комиссия составляет один процент. Комиссия оплачивается заранее.;The bank charges a commission. The commission is one percent. The commission is paid in advance.;;
1207;banka;3;Referentan;Референтан;assets/images/words/referentan.webp;assets/sounds/words/referentan.mp3;Референтный;Reference (adj.);Referentna kamatna stopa se menja mesečno. Unesite referentni broj plaćanja. Ovo je referentni dokument za ugovor.;Референтная процентная ставка меняется ежемесячно. Введите референтный номер платежа. Это референтный документ для договора.;The reference interest rate changes monthly. Enter the payment reference number. This is a reference document for the contract.;;
1208;banka;3;Blokiran;Блокиран;assets/images/words/blokiran.webp;assets/sounds/words/blokiran.mp3;Заблокированный;Blocked;Moj račun je privremeno blokiran. Kartica je blokirana zbog sumnjive transakcije. Nalog je blokiran do daljeg.;Мой счёт временно заблокирован. Карта заблокирована из-за подозрительной транзакции. Аккаунт заблокирован до дальнейшего уведомления.;My account is temporarily blocked. The card is blocked due to a suspicious transaction. The account is blocked until further notice.;;
1209;banka;3;Deviza;Девиза;assets/images/words/deviza.webp;assets/sounds/words/deviza.mp3;Иностранная валюта;Foreign currency;Menjam devizu u banci. Devizni kurs se menja svaki dan. Doneo sam devizu iz inostranstva.;Я меняю валюту в банке. Валютный курс меняется каждый день. Я привёз валюту из-за границы.;I exchange foreign currency at the bank. The exchange rate changes daily. I brought foreign currency from abroad.;;
1210;banka;3;Prodaja;Продаја;assets/images/words/prodaja.webp;assets/sounds/words/prodaja.mp3;Продажа;Sale;Kurs za prodaju evra je danas povoljan. Prodaja deonica je porasla ove nedelje. Banka nudi popust na prodaju osiguranja.;Курс продажи евро сегодня выгодный. Продажа акций выросла на этой неделе. Банк предлагает скидку на продажу страховки.;Today's euro selling rate is favorable. Stock sales increased this week. The bank offers a discount on insurance sales.;;
1211;banka;3;Transfer;Трансфер;assets/images/words/transfer.webp;assets/sounds/words/transfer.mp3;Перевод;Transfer;Uradio sam transfer novca na drugi račun. Transfer je stigao za nekoliko sati. Međunarodni transfer ima dodatnu proviziju.;Я перевёл деньги на другой счёт. Перевод пришёл через несколько часов. За международный перевод берётся дополнительная комиссия.;I made a money transfer to another account. The transfer arrived within a few hours. An international transfer has an additional fee.;;
1212;banka;3;Rezident;Резидент;assets/images/words/rezident.webp;assets/sounds/words/rezident.mp3;Резидент;Resident;Kao rezident Srbije, imam pravo na ovaj račun. Poreski rezident plaća porez u ovoj zemlji. Banka nudi posebne uslove za rezidente.;Как резидент Сербии, я имею право на этот счёт. Налоговый резидент платит налоги в этой стране. Банк предлагает особые условия для резидентов.;As a resident of Serbia, I'm entitled to this account. A tax resident pays taxes in this country. The bank offers special conditions for residents.;;
1213;banka;3;Aktivacija;Активација;assets/images/words/aktivacija.webp;assets/sounds/words/aktivacija.mp3;Активация;Activation;Aktivacija kartice traje nekoliko minuta. Poslali su mi kod za aktivaciju. Aktivacija naloga je besplatna.;Активация карты занимает несколько минут. Мне прислали код активации. Активация счёта бесплатна.;Card activation takes a few minutes. They sent me an activation code. Account activation is free.;;
1214;banka;3;Beskontaktan;Бесконтактан;assets/images/words/bezkontaktan.webp;assets/sounds/words/bezkontaktan.mp3;Бесконтактный;Contactless;Ova kartica podržava beskontaktno plaćanje. Beskontaktno plaćanje je brže od unosa PIN-a. Telefon takođe omogućava beskontaktno plaćanje.;Эта карта поддерживает бесконтактную оплату. Бесконтактная оплата быстрее, чем ввод PIN-кода. Телефон тоже позволяет бесконтактную оплату.;This card supports contactless payment. Contactless payment is faster than entering a PIN. The phone also enables contactless payment.;;
1215;banka;3;Limit;Лимит;assets/images/words/limit.webp;assets/sounds/words/limit.mp3;Лимит;Limit;Limit za podizanje gotovine je pedeset hiljada dinara. Povećao sam limit na kartici. Prekoračio sam mesečni limit.;Лимит на снятие наличных — пятьдесят тысяч динаров. Я увеличил лимит на карте. Я превысил месячный лимит.;The cash withdrawal limit is fifty thousand dinars. I increased the limit on my card. I exceeded the monthly limit.;;
1216;banka;3;Prioritetan;Приоритетан;assets/images/words/prioritetan.webp;assets/sounds/words/prioritetan.mp3;Приоритетный;Priority (adj.);Imam prioritetni status u banci. Prioritetni klijenti čekaju kraće u redu. Ovo je prioritetna transakcija.;У меня приоритетный статус в банке. Приоритетные клиенты ждут в очереди меньше. Это приоритетная транзакция.;I have priority status at the bank. Priority clients wait less in line. This is a priority transaction.;;
1217;banka;3;Bankomat;Банкомат;assets/images/words/bankomat.webp;assets/sounds/words/bankomat.mp3;Банкомат;ATM;Podigao sam novac na bankomatu. Bankomat ne radi. Najbliži bankomat je preko puta.;Я снял деньги в банкомате. Банкомат не работает. Ближайший банкомат напротив.;I withdrew money from the ATM. The ATM isn't working. The nearest ATM is across the street.;;
1218;banka;3;Dostupan;Доступан;assets/images/words/dostupan.webp;assets/sounds/words/dostupan.mp3;Доступный;Available;Sredstva su dostupna odmah. Šalter je dostupan do pet. Usluga nije dostupna vikendom.;Средства доступны сразу. Окно доступно до пяти. Услуга недоступна по выходным.;The funds are available immediately. The counter is available until five. The service isn't available on weekends.;;
1219;banka;3;Dugovati;Дуговати;assets/images/words/dugovati.webp;assets/sounds/words/dugovati.mp3;Быть должным;To owe;Dugujem banci novac. Koliko duguješ? Ne dugujem nikome ništa.;Я должен банку деньги. Сколько ты должен? Я никому ничего не должен.;I owe the bank money. How much do you owe? I don't owe anyone anything.;;
1220;banka;3;Dužan;Дужан;assets/images/words/duzan.webp;assets/sounds/words/duzan.mp3;Должен;Indebted / owing;Dužan sam banci hiljadu evra. On je dužan mnogo novca. Dužan sam mu uslugu.;Я должен банку тысячу евро. Он должен много денег. Я должен ему услугу.;I owe the bank a thousand euros. He owes a lot of money. I owe him a favor.;;
1222;banka;3;Isplata;Исплата;assets/images/words/isplata.webp;assets/sounds/words/isplata.mp3;Выплата;Payout;Isplata plate je petog. Isplata je odložena. Čekam isplatu osiguranja.;Выплата зарплаты пятого числа. Выплата отложена. Я жду выплату страховки.;The salary payout is on the fifth. The payout is delayed. I'm waiting for the insurance payout.;;
1223;banka;3;Isplativ;Исплатив;assets/images/words/isplativ.webp;assets/sounds/words/isplativ.mp3;Выгодный;Profitable / worthwhile;Ova investicija je isplativa. Kredit nije isplativ. Ovo je isplativ posao.;Эта инвестиция выгодная. Кредит невыгодный. Это выгодное дело.;This investment is profitable. The loan isn't worthwhile. This is a profitable business.;;
1224;banka;3;Iznos;Износ;assets/images/words/iznos.webp;assets/sounds/words/iznos.mp3;Сумма;Amount;Unesite iznos uplate. Iznos je previše visok. Proverite tačan iznos.;Введите сумму платежа. Сумма слишком высокая. Проверьте точную сумму.;Enter the payment amount. The amount is too high. Check the exact amount.;;
1225;banka;3;Izvod;Извод;assets/images/words/izvod.webp;assets/sounds/words/izvod.mp3;Выписка;Statement;Preuzeo sam izvod sa računa. Izvod pokazuje sve transakcije. Zatražio sam izvod za prošli mesec.;Я скачал выписку по счёту. Выписка показывает все транзакции. Я запросил выписку за прошлый месяц.;I downloaded the account statement. The statement shows all the transactions. I requested the statement for last month.;;
1226;banka;3;Kamata;Камата;assets/images/words/kamata.webp;assets/sounds/words/kamata.mp3;Проценты (по кредиту);Interest;Kamata na kredit je visoka. Kamata se obračunava mesečno. Snizili su kamatu.;Процент по кредиту высокий. Процент начисляется ежемесячно. Они снизили процент.;The loan interest is high. Interest is calculated monthly. They lowered the interest rate.;;
1154;beauty;3;Depilacija;Депилација;assets/images/words/depilacija.webp;assets/sounds/words/depilacija.mp3;Депиляция;Hair removal;Depilacija voskom boli malo više. Radim depilaciju nogu jednom mesečno. Depilacija laserom je trajnije rešenje.;Депиляция воском немного больнее. Я делаю депиляцию ног раз в месяц. Лазерная депиляция — более долговременное решение.;Wax hair removal hurts a bit more. I do leg hair removal once a month. Laser hair removal is a more lasting solution.;;
1155;beauty;3;Lice;Лице;assets/images/words/lice.webp;assets/sounds/words/lice.mp3;Лицо;Face;Nanela je kremu na lice. Njeno lice je uvek nasmejano. Operi lice pre spavanja.;Она нанесла крем на лицо. Её лицо всегда улыбается. Умой лицо перед сном.;She applied cream to her face. Her face is always smiling. Wash your face before bed.;;
1156;beauty;3;Nega;Нега;assets/images/words/nega.webp;assets/sounds/words/nega.mp3;Уход;Care;Ova krema je za negu kože. Nega kose je važna leti. Salon nudi kompletnu negu tela.;Этот крем для ухода за кожей. Уход за волосами важен летом. Салон предлагает полный уход за телом.;This cream is for skin care. Hair care is important in summer. The salon offers complete body care.;;
1157;beauty;3;Krema;Крема;assets/images/words/krema.webp;assets/sounds/words/krema.mp3;Крем;Cream;Koristim kremu za lice svako jutro. Ova krema hidrira kožu. Kupila je novu kremu za ruke.;Я использую крем для лица каждое утро. Этот крем увлажняет кожу. Она купила новый крем для рук.;I use face cream every morning. This cream moisturizes the skin. She bought a new hand cream.;;
1158;beauty;3;Gel;Гел;assets/images/words/gel.webp;assets/sounds/words/gel.mp3;Гель;Gel;Stavila je gel na kosu. Ovaj gel za tuširanje divno miriše. Koristim gel za dezinfekciju ruku.;Она нанесла гель на волосы. Этот гель для душа прекрасно пахнет. Я использую гель для дезинфекции рук.;She put gel in her hair. This shower gel smells wonderful. I use hand sanitizer gel.;;
1159;beauty;3;Skidanje;Скидање;assets/images/words/skidanje.webp;assets/sounds/words/skidanje.mp3;Снятие;Removal;Skidanje laka traje nekoliko minuta. Skidanje šminke pre spavanja je važno. Ovo sredstvo je za skidanje dlačica.;Снятие лака занимает несколько минут. Снятие макияжа перед сном важно. Это средство для удаления волосков.;Removing nail polish takes a few minutes. Removing makeup before bed is important. This product is for hair removal.;;
1160;beauty;3;Kupka;Купка;assets/images/words/kupka.webp;assets/sounds/words/kupka.mp3;Ванночка;Small bath, tub treatment;Uzela je opuštajuću kupku. Kupka za noge traje petnaest minuta. Salon nudi aroma kupku.;Она приняла расслабляющую ванночку. Ванночка для ног длится пятнадцать минут. Салон предлагает ароматическую ванночку.;She took a relaxing bath. A foot bath lasts fifteen minutes. The salon offers an aroma bath.;;
1161;beauty;3;Masaža;Масажа;assets/images/words/masaza.webp;assets/sounds/words/masaza.mp3;Массаж;Massage;Masaža leđa mi je najpotrebnija posle posla. Rezervisala sam masažu za subotu. Ova masaža opušta celo telo.;Массаж спины мне нужнее всего после работы. Я забронировала массаж на субботу. Этот массаж расслабляет всё тело.;A back massage is what I need most after work. I booked a massage for Saturday. This massage relaxes the whole body.;;
1162;beauty;3;Kozmetičar;Козметичар;assets/images/words/kozmeticar.webp;assets/sounds/words/kozmeticar.mp3;Косметолог;Beautician;Kozmetičar mi je preporučio ovu kremu. Radi kao kozmetičar već deset godina. Otišla sam kod kozmetičara na čišćenje lica.;Косметолог порекомендовал мне этот крем. Он работает косметологом уже десять лет. Я пошла к косметологу на чистку лица.;The beautician recommended this cream to me. He has worked as a beautician for ten years. I went to the beautician for a facial cleaning.;;
1163;beauty;3;Otkazivanje;Отказивање;assets/images/words/otkazivanje.webp;assets/sounds/words/otkazivanje.mp3;Отмена;Cancellation;Otkazivanje termina je besplatno do 24 sata ranije. Otkazivanje rezervacije mora biti najavljeno. Naplaćuju otkazivanje u poslednjem trenutku.;Отмена записи бесплатна за 24 часа. Об отмене бронирования нужно предупредить. За отмену в последний момент берут плату.;Cancellation is free up to 24 hours in advance. Cancellation of a reservation must be announced. They charge for last-minute cancellations.;;
1164;beauty;3;Koliko traje šišanje;Колико траје шишање;assets/images/words/koliko_traje_sisanje.webp;assets/sounds/words/koliko_traje_sisanje.mp3;Сколько длится стрижка;How long does a haircut take;Koliko traje šišanje kod vas? Pitala sam koliko traje šišanje sa feniranjem. Koliko traje šišanje ako samo skraćujem vrhove?;Сколько у вас длится стрижка? Я спросила, сколько длится стрижка с укладкой феном. Сколько длится стрижка, если только подравнять кончики?;How long does a haircut take at your salon? I asked how long a haircut with blow-drying takes. How long does a haircut take if I'm just trimming the ends?;;
1165;beauty;3;Sedi(nice);Седи(нице);assets/images/words/sedi_nice.webp;assets/sounds/words/sedi_nice.mp3;Седина;Grey hair;Primetila sam prve sede na slepoočnicama. Farbanje pokriva sede vrlo dobro. Sede mu daju dostojanstven izgled.;Я заметила первую седину на висках. Окрашивание очень хорошо закрашивает седину. Седина придаёт ему солидный вид.;I noticed the first grey hairs at my temples. Coloring covers grey hair very well. Grey hair gives him a distinguished look.;;
1166;beauty;3;Perut;Перут;assets/images/words/perut.webp;assets/sounds/words/perut.mp3;Перхоть;Dandruff;Perut se pojavljuje kada je koža glave suva. Ovaj šampon je specijalno za perut. Imam problem sa perutom zimi.;Перхоть появляется, когда кожа головы сухая. Этот шампунь специально от перхоти. У меня проблема с перхотью зимой.;Dandruff appears when the scalp is dry. This shampoo is specifically for dandruff. I have a problem with dandruff in winter.;;
1167;beauty;3;Volumen;Волумен;assets/images/words/volumen.webp;assets/sounds/words/volumen.mp3;Объём;Volume;Ovaj šampon daje kosi volumen. Frizura ima lep volumen. Povećaj volumen na kosi feniranjem.;Этот шампунь придаёт волосам объём. У причёски красивый объём. Увеличь объём волос с помощью фена.;This shampoo gives hair volume. The hairstyle has nice volume. Add volume to your hair with a blow-dryer.;;
1168;beauty;3;Sečenje;Сечење;assets/images/words/secenje.webp;assets/sounds/words/secenje.mp3;Стрижка / подравнивание;Cutting, trimming;Sečenje kose košta hiljadu dinara. Sečenje vrhova je preporučljivo svaka dva meseca. Frizer je uradio precizno sečenje.;Стрижка волос стоит тысячу динаров. Подравнивание кончиков рекомендуется каждые два месяца. Парикмахер сделал точную стрижку.;A haircut costs a thousand dinars. Trimming split ends is recommended every two months. The hairdresser made a precise cut.;;
1169;beauty;3;Nadogradnja;Надоградња;assets/images/words/nadogradnja.webp;assets/sounds/words/nadogradnja.mp3;Наращивание;Extension, augmentation;Uradila je nadogradnju trepavica. Nadogradnja kose izgleda prirodno. Nadogradnja noktiju traje sat vremena.;Она сделала наращивание ресниц. Наращивание волос выглядит естественно. Наращивание ногтей занимает час.;She got eyelash extensions. Hair extensions look natural. Nail extensions take an hour.;;
1170;beauty;3;Francuski;Француски;assets/images/words/francuski.webp;assets/sounds/words/francuski.mp3;Французский;French;Uradila je francuski manikir. Francuska pletenica joj lepo stoji. Volim francusku kozmetiku.;Она сделала французский маникюр. Французская коса ей идёт. Я люблю французскую косметику.;She got a French manicure. A French braid suits her well. I love French cosmetics.;;
1171;beauty;3;Ojačavanje;Ојачавање;assets/images/words/ojacavanje.webp;assets/sounds/words/ojacavanje.mp3;Укрепление;Strengthening;Ovaj tretman je za ojačavanje noktiju. Ojačavanje kose sprečava lomljenje. Koristim serum za ojačavanje trepavica.;Эта процедура для укрепления ногтей. Укрепление волос предотвращает ломкость. Я использую сыворотку для укрепления ресниц.;This treatment is for nail strengthening. Hair strengthening prevents breakage. I use a serum for strengthening eyelashes.;;
1172;beauty;3;Uklanjanje;Уклањање;assets/images/words/uklanjanje.webp;assets/sounds/words/uklanjanje.mp3;Удаление;Removal;Uklanjanje dlačica voskom je bolno. Uklanjanje šminke treba raditi pažljivo. Salon nudi uklanjanje tetovaža.;Удаление волосков воском болезненно. Удаление макияжа нужно делать аккуратно. Салон предлагает удаление татуировок.;Hair removal with wax is painful. Removing makeup should be done carefully. The salon offers tattoo removal.;;
1115;cafe;3;Kafa za poneti;Кафа за понети;assets/images/words/kafa_za_poneti.webp;assets/sounds/words/kafa_za_poneti.mp3;Кофе на вынос;Coffee to go;Uzeću kafu za poneti. Kafa za poneti je jeftinija. Kafa za poneti je u čaši.;Я возьму кофе на вынос. Кофе на вынос дешевле. Кофе на вынос в стакане.;I'll take coffee to go. Coffee to go is cheaper. The coffee to go is in a cup.;;
1120;cafe;3;Mleven;Млевен;assets/images/words/mleven.webp;assets/sounds/words/mleven.mp3;Молотый;Ground (coffee);Volim sveže mlevenu kafu. Kupila je mlevenu kafu za espreso. Mlevena kafa ima jači ukus.;Я люблю свежемолотый кофе. Она купила молотый кофе для эспрессо. Молотый кофе имеет более насыщенный вкус.;I like freshly ground coffee. She bought ground coffee for espresso. Ground coffee has a stronger taste.;;
1132;cafe;3;Mešanje;Мешање;assets/images/words/mesanje.webp;assets/sounds/words/mesanje.mp3;Размешивание / смешивание;Mixing;Mešanje šećera u kafi traje par sekundi. Kašičica je za mešanje pića. Mešanje boja daje lep efekat.;Размешивание сахара в кофе занимает пару секунд. Ложечка нужна для размешивания напитка. Смешивание цветов даёт красивый эффект.;Mixing sugar into coffee takes a couple of seconds. The spoon is for stirring the drink. Mixing colors gives a nice effect.;;
1133;cafe;3;Zabranjen;Забрањен;assets/images/words/zabranjen.webp;assets/sounds/words/zabranjen.mp3;Запрещённый;Forbidden, prohibited;Pušenje je zabranjeno unutra. Ulaz kućnim ljubimcima je zabranjen. Ova radnja je zabranjena zakonom.;Курение внутри запрещено. Вход с домашними животными запрещён. Это действие запрещено законом.;Smoking is forbidden inside. Pets are not allowed inside. This action is forbidden by law.;;
1134;cafe;3;Mušterija;Муштерија;assets/images/words/musterija.webp;assets/sounds/words/musterija.mp3;Клиент / посетитель;Customer;Ova mušterija dolazi svaki dan. Konobar je ljubazan prema mušterijama. Mušterija je uvek u pravu.;Этот клиент приходит каждый день. Официант вежлив с клиентами. Клиент всегда прав.;This customer comes every day. The waiter is polite to customers. The customer is always right.;;
398;city;3;Fakultet;Факултет;assets/images/words/fakultet.webp;assets/sounds/words/fakultet.mp3;Факультет;Faculty (university);Studiram na Filozofskom fakultetu. Fakultet je blizu centra. Upisao sam medicinski fakultet.;Я учусь на философском факультете. Факультет рядом с центром. Я поступил на медицинский.;I study at the Faculty of Philosophy. The faculty is near the center. I enrolled at the medical school.;;
415;city;3;Raskrsnica;Раскрсница;assets/images/words/raskrsnica.webp;assets/sounds/words/raskrsnica.mp3;Перекрёсток;Intersection;Skrenite na sledećoj raskrsnici. Raskrsnica je opasna noću. Nesreća se desila na raskrsnici.;Поверните на следующем перекрёстке. Перекрёсток опасен ночью. Авария произошла на перекрёстке.;Turn at the next intersection. The intersection is dangerous at night. The accident happened at the intersection.;;
422;city;3;Groblje;Гробље;assets/images/words/groblje.webp;assets/sounds/words/groblje.mp3;Кладбище;Cemetery;Groblje je van grada. Posetili smo groblje. Groblje je mirno mesto.;Кладбище за городом. Мы посетили кладбище. Кладбище — тихое место.;The cemetery is outside the city. We visited the cemetery. The cemetery is a quiet place.;;
425;city;3;Ćorsokak;Ћорсокак;assets/images/words/corsokak.webp;assets/sounds/words/corsokak.mp3;Тупик;Dead end;Ova ulica je ćorsokak. Zalutali smo u ćorsokak. Ćorsokak nema izlaza.;Эта улица тупик. Мы попали в тупик. У тупика нет выхода.;This street is a dead end. We wandered into a dead end. There's no way out of the dead end.;;
437;city;3;Skrenuti;Скренути;assets/images/words/skrenuti.webp;assets/sounds/words/skrenuti.mp3;Свернуть;To turn;Skrenite desno na sledećem uglu. Skrenuo sam u pogrešnu ulicu. Skreni levo posle mosta.;Поверните направо на следующем углу. Я свернул не на ту улицу. Сверни налево после моста.;Turn right at the next corner. I turned onto the wrong street. Turn left after the bridge.;;
438;city;3;Stati;Стати;assets/images/words/stati.webp;assets/sounds/words/stati.mp3;Остановиться;To stop;Stanite ovde, molim vas. Auto je stao na semaforu. Stao sam da se odmorim.;Остановитесь здесь, пожалуйста. Машина остановилась на светофоре. Я остановился отдохнуть.;Stop here, please. The car stopped at the traffic light. I stopped to rest.;;
439;city;3;Trotoar;Тротоар;assets/images/words/trotoar.webp;assets/sounds/words/trotoar.mp3;Тротуар;Sidewalk;Idi po trotoaru, ne po ulici. Trotoar je uzak. Bicikl ne sme na trotoar.;Иди по тротуару, а не по улице. Тротуар узкий. Велосипеду нельзя на тротуар.;Walk on the sidewalk, not the street. The sidewalk is narrow. Bicycles aren't allowed on the sidewalk.;;
440;city;3;Ugao;Угао;assets/images/words/ugao.webp;assets/sounds/words/ugao.mp3;Угол;Corner;Sastanimo se na uglu. Prodavnica je na uglu ulice. Sakrio se iza ugla.;Встретимся на углу. Магазин на углу улицы. Он спрятался за углом.;Let's meet at the corner. The store is on the street corner. He hid around the corner.;;
441;city;3;Naselje;Насеље;assets/images/words/naselje.webp;assets/sounds/words/naselje.mp3;Посёлок / жилой район;Settlement;Ovo naselje je novo. Naselje ima svoju školu. Živim u malom naselju.;Этот посёлок новый. В посёлке есть своя школа. Я живу в маленьком посёлке.;This settlement is new. The settlement has its own school. I live in a small settlement.;;
442;city;3;Blok;Блок;assets/images/words/blok.webp;assets/sounds/words/blok.mp3;Блок;Block;Živim u susednom bloku zgrada. Prošetajmo još jedan blok. Ovaj stambeni blok je izgrađen prošle godine.;Я живу в соседнем квартале домов. Давай пройдём ещё один квартал. Этот жилой квартал построен в прошлом году.;I live in the next block of buildings. Let's walk one more block. This residential block was built last year.;;
443;city;3;Sokak;Сокак;assets/images/words/sokak.webp;assets/sounds/words/sokak.mp3;Переулок;Alley;Živimo u uskom sokaku. Sokak vodi do trga. Sokak je mračan noću.;Мы живём в узком переулке. Переулок ведёт к площади. Переулок тёмный ночью.;We live on a narrow alley. The alley leads to the square. The alley is dark at night.;;
444;city;3;Bulevar;Булевар;assets/images/words/bulevar.webp;assets/sounds/words/bulevar.mp3;Бульвар;Boulevard;Šetamo bulevarom uveče. Bulevar je pun drveća. Kuća je na glavnom bulevaru.;Мы гуляем по бульвару вечером. Бульвар полон деревьев. Дом на главном бульваре.;We walk along the boulevard in the evening. The boulevard is lined with trees. The house is on the main boulevard.;;
445;city;3;Nadvožnjak;Надвожњак;assets/images/words/nadvoznjak.webp;assets/sounds/words/nadvoznjak.mp3;Эстакада;Overpass;Prešli smo nadvožnjak brzo. Nadvožnjak je zatvoren za popravku. Ispod nadvožnjaka je parking.;Мы быстро проехали по эстакаде. Эстакада закрыта на ремонт. Под эстакадой находится парковка.;We crossed the overpass quickly. The overpass is closed for repairs. There's a parking lot under the overpass.;;
446;city;3;Podvožnjak;Подвожњак;assets/images/words/podvoznjak.webp;assets/sounds/words/podvoznjak.mp3;Подземный проезд;Underpass;Vozimo kroz podvožnjak. Podvožnjak je nizak za kamione. Podvožnjak je poplavljen posle kiše.;Мы едем через подземный проезд. Подземный проезд слишком низкий для грузовиков. Подземный проезд затопило после дождя.;We're driving through the underpass. The underpass is too low for trucks. The underpass flooded after the rain.;;
447;city;3;Podzemni;Подземни;assets/images/words/podzemni.webp;assets/sounds/words/podzemni.mp3;Подземный;Underground;Uzećemo podzemni prolaz do stanice. U gradu postoji podzemna garaža. Podzemni tuneli povezuju zgrade.;Мы пойдём подземным переходом до станции. В городе есть подземный гараж. Подземные тоннели соединяют здания.;We'll take the underground passage to the station. There's an underground garage in the city. Underground tunnels connect the buildings.;;
448;city;3;Četvrt;Четврт;assets/images/words/cetvrt.webp;assets/sounds/words/cetvrt.mp3;Квартал / район;Quarter, district;Živimo u staroj gradskoj četvrti. Ova četvrt je vrlo mirna. Nova četvrt se brzo razvija.;Мы живём в старом городском квартале. Этот квартал очень спокойный. Новый район быстро развивается.;We live in the old city quarter. This district is very quiet. The new district is developing quickly.;;
449;city;3;Periferija;Периферија;assets/images/words/periferija.webp;assets/sounds/words/periferija.mp3;Окраина;Outskirts;Živim na periferiji grada. Periferija je tiša od centra. Fabrika je na periferiji.;Я живу на окраине города. Окраина тише центра. Завод находится на окраине.;I live on the outskirts of the city. The outskirts are quieter than the center. The factory is on the outskirts.;;
450;city;3;Jezgro;Језгро;assets/images/words/jezgro.webp;assets/sounds/words/jezgro.mp3;Ядро;Core, nucleus;Staro gradsko jezgro je pod zaštitom. Jezgro grada je puno turista. To je jezgro problema.;Старое городское ядро находится под охраной. Центр города полон туристов. Это ядро проблемы.;The old city core is protected. The city's core is full of tourists. That's the core of the problem.;;
451;city;3;Panorama;Панорама;assets/images/words/panorama.webp;assets/sounds/words/panorama.mp3;Панорама;Panorama;Sa vrha brda pruža se prelepa panorama grada. Fotografisali smo panoramu reke. Ova panorama oduzima dah.;С вершины холма открывается прекрасная панорама города. Мы сфотографировали панораму реки. Эта панорама захватывает дух.;From the top of the hill there's a beautiful panorama of the city. We photographed the panorama of the river. This panorama is breathtaking.;;
452;city;3;Vidikovac;Видиковац;assets/images/words/vidikovac.webp;assets/sounds/words/vidikovac.mp3;Смотровая площадка;Viewpoint;Vidikovac nudi pogled na ceo grad. Popeli smo se do vidikovca. Vidikovac je popularan kod turista.;Смотровая площадка открывает вид на весь город. Мы поднялись на смотровую площадку. Смотровая площадка популярна у туристов.;The viewpoint offers a view of the whole city. We climbed up to the viewpoint. The viewpoint is popular with tourists.;;
453;city;3;Tržnica;Тржница;assets/images/words/trznica.webp;assets/sounds/words/trznica.mp3;Крытый рынок;Marketplace;Idemo na tržnicu da kupimo povrće. Gradska tržnica radi svakog dana. Na tržnici ima svežeg voća.;Идём на рынок купить овощи. Городской рынок работает каждый день. На рынке есть свежие фрукты.;We're going to the market to buy vegetables. The city market is open every day. There's fresh fruit at the market.;;
454;city;3;Rasveta;Расвета;assets/images/words/rasveta.webp;assets/sounds/words/rasveta.mp3;Освещение;Lighting;Ulična rasveta se pali uveče. Rasveta u parku je vrlo lepa. Grad je uveo novu LED rasvetu.;Уличное освещение включается вечером. Освещение в парке очень красивое. Город установил новое светодиодное освещение.;Street lighting turns on in the evening. The lighting in the park is very nice. The city installed new LED lighting.;;
455;city;3;Đubrijera;Ђубријера;assets/images/words/djubrijera.webp;assets/sounds/words/djubrijera.mp3;Мусорка;Trash bin;Baci to u đubrijeru. Đubrijera je puna. Đubrijera se prazni svakog jutra.;Выбрось это в мусорку. Мусорка полная. Мусорку опустошают каждое утро.;Throw that in the trash bin. The trash bin is full. The trash bin is emptied every morning.;;
456;city;3;Kanalizacija;Канализација;assets/images/words/kanalizacija.webp;assets/sounds/words/kanalizacija.mp3;Канализация;Sewage system;Kanalizacija je začepljena. Grad ima staru kanalizaciju. Popravljaju kanalizaciju na ulici.;Канализация засорилась. В городе старая канализация. На улице чинят канализацию.;The sewage system is clogged. The city has an old sewage system. They're fixing the sewage system on the street.;;
457;city;3;Toranj;Торањ;assets/images/words/toranj.webp;assets/sounds/words/toranj.mp3;Башня;Tower;Popeli smo se na vrh tornja. Toranj se vidi iz cele varoši. Sat na tornju otkucava svaki sat.;Мы поднялись на вершину башни. Башню видно из всего города. Часы на башне бьют каждый час.;We climbed to the top of the tower. The tower can be seen from the whole town. The clock on the tower chimes every hour.;;
458;city;3;Sajam;Сајам;assets/images/words/sajam.webp;assets/sounds/words/sajam.mp3;Ярмарка;Fair;Sajam knjiga je popularan. Idemo na sajam ove nedelje. Sajam traje tri dana.;Книжная ярмарка популярна. На этой неделе мы идём на ярмарку. Ярмарка длится три дня.;The book fair is popular. We're going to the fair this week. The fair lasts three days.;;
459;city;3;Jednosmeran;Једносмеран;assets/images/words/jednosmeran.webp;assets/sounds/words/jednosmeran.mp3;Односторонний;One-way;Ovo je jednosmerna ulica. Ne možeš da voziš jednosmernom ulicom u suprotnom pravcu. Kupio sam jednosmernu kartu za voz.;Это улица с односторонним движением. Нельзя ехать по односторонней улице в обратном направлении. Я купил билет в один конец на поезд.;This is a one-way street. You can't drive the wrong way on a one-way street. I bought a one-way train ticket.;;
460;city;3;Kula;Кула;assets/images/words/kula.webp;assets/sounds/words/kula.mp3;Башня;Tower, fortress tower;Beogradska tvrđava ima staru kulu. Popeli smo se na vrh kule. Kula je bila deo srednjovekovnog utvrđenja.;В Белградской крепости есть старая башня. Мы поднялись на вершину башни. Башня была частью средневекового укрепления.;The Belgrade Fortress has an old tower. We climbed to the top of the tower. The tower was part of a medieval fortification.;;
461;city;3;Rezidencijalni;Резиденцијални;assets/images/words/rezidencijalni.webp;assets/sounds/words/rezidencijalni.mp3;Жилой;Residential;Ovo je mirna rezidencijalna četvrt. Kupili smo stan u rezidencijalnom kompleksu. Rezidencijalna zona je udaljena od centra.;Это тихий жилой район. Мы купили квартиру в жилом комплексе. Жилая зона находится далеко от центра.;This is a quiet residential neighborhood. We bought an apartment in a residential complex. The residential zone is far from the center.;;
462;city;3;Prolaz;Пролаз;assets/images/words/prolaz.webp;assets/sounds/words/prolaz.mp3;Проход;Passage;Uski prolaz vodi do dvorišta. Pešački prolaz je zatvoren zbog radova. Prošli smo kroz tajni prolaz u tvrđavi.;Узкий проход ведёт во двор. Пешеходный проход закрыт из-за ремонта. Мы прошли через тайный проход в крепости.;A narrow passage leads to the courtyard. The pedestrian passage is closed for repairs. We went through a secret passage in the fortress.;;
1062;clothing;3;Šešir;Шешир;assets/images/words/sesir.webp;assets/sounds/words/sesir.mp3;Шляпа;Hat;Nosi šešir na suncu. Kupio sam nov šešir. Šešir mu lepo stoji.;Он носит шляпу на солнце. Я купил новую шляпу. Шляпа ему идёт.;He wears a hat in the sun. I bought a new hat. The hat suits him well.;;
1063;clothing;3;Šminka;Шминка;assets/images/words/sminka.webp;assets/sounds/words/sminka.mp3;Макияж;Makeup;Nosi laganu šminku. Skinula je šminku pre spavanja. Kupila sam novu šminku.;Она носит лёгкий макияж. Она сняла макияж перед сном. Я купила новую косметику.;She wears light makeup. She removed her makeup before sleeping. I bought new makeup.;;
1064;clothing;3;Kolekcija;Колекција;assets/images/words/kolekcija.webp;assets/sounds/words/kolekcija.mp3;Коллекция;Collection;Nova kolekcija je stigla. Kolekcija je inspirisana prirodom. Kupio sam komad iz nove kolekcije.;Новая коллекция прибыла. Коллекция вдохновлена природой. Я купил вещь из новой коллекции.;The new collection has arrived. The collection is inspired by nature. I bought a piece from the new collection.;;
1065;clothing;3;Proba;Проба;assets/images/words/proba.webp;assets/sounds/words/proba.mp3;Проба / репетиция / примерка;Trial, rehearsal;Proba haljine u kabini je trajala kratko. Proba za predstavu je večeras. Ovo je poslednja proba pre koncerta.;Примерка платья в кабинке заняла немного времени. Репетиция спектакля сегодня вечером. Это последняя репетиция перед концертом.;Trying on the dress in the fitting room didn't take long. The rehearsal for the play is tonight. This is the last rehearsal before the concert.;;
1066;clothing;3;Dodatak;Додатак;assets/images/words/dodatak.webp;assets/sounds/words/dodatak.mp3;Дополнение;Addition, accessory;Ovaj šal je odličan modni dodatak. Torba je lep dodatak uz ovu haljinu. Kupila je nekoliko dodataka za kosu.;Этот шарф — отличный модный аксессуар. Сумка — прекрасное дополнение к этому платью. Она купила несколько аксессуаров для волос.;This scarf is a great fashion accessory. The bag is a nice addition to this dress. She bought several hair accessories.;;
1067;clothing;3;Kopča;Копча;assets/images/words/kopca.webp;assets/sounds/words/kopca.mp3;Пряжка;Buckle / clasp;Kopča na kaišu je pokvarena. Zakopčaj kopču. Kopča je od metala.;Пряжка на ремне сломана. Застегни пряжку. Пряжка металлическая.;The belt buckle is broken. Fasten the buckle. The buckle is made of metal.;;
1068;clothing;3;Podstava;Подстава;assets/images/words/podstava.webp;assets/sounds/words/podstava.mp3;Подкладка;Lining;Jakna ima toplu podstavu. Podstava je od svile. Podstava se pocepala.;У куртки тёплая подкладка. Подкладка шёлковая. Подкладка порвалась.;The jacket has a warm lining. The lining is made of silk. The lining tore.;;
1069;clothing;3;Šara;Шара;assets/images/words/sara.webp;assets/sounds/words/sara.mp3;Узор;Pattern;Majica ima cvetnu šaru. Sviđa mi se ova šara. Šara je jarkih boja.;На футболке цветочный узор. Мне нравится этот узор. Узор ярких цветов.;The T-shirt has a floral pattern. I like this pattern. The pattern has bright colors.;;
1070;clothing;3;Jednobojno;Једнобојно;assets/images/words/jednobojno.webp;assets/sounds/words/jednobojno.mp3;Однотонное;Solid color / plain;Volim jednobojnu odeću. Ova majica je jednobojna. Kupio sam jednobojnu košulju.;Я люблю однотонную одежду. Эта футболка однотонная. Я купил однотонную рубашку.;I like solid-color clothing. This T-shirt is a solid color. I bought a plain shirt.;;
1071;clothing;3;Uniforma;Униформа;assets/images/words/uniforma.webp;assets/sounds/words/uniforma.mp3;Униформа;Uniform;Nosi uniformu na poslu. Uniforma je plave boje. Škola zahteva uniformu.;Он носит форму на работе. Форма синего цвета. Школа требует ношения формы.;He wears a uniform at work. The uniform is blue. The school requires a uniform.;;
1072;clothing;3;Prsluk;Прслук;assets/images/words/prsluk.webp;assets/sounds/words/prsluk.mp3;Жилет;Vest;Obukao je prsluk preko košulje. Prsluk mu dobro stoji. Kupio sam kožni prsluk.;Он надел жилет поверх рубашки. Жилет ему хорошо идёт. Я купил кожаный жилет.;He put on a vest over his shirt. The vest suits him well. I bought a leather vest.;;
1073;clothing;3;Mantil;Мантил;assets/images/words/mantil.webp;assets/sounds/words/mantil.mp3;Плащ / пальто;Coat;Obukao je zimski mantil. Mantil je od vune. Kupila sam nov mantil.;Он надел зимнее пальто. Пальто из шерсти. Я купила новое пальто.;He put on a winter coat. The coat is made of wool. I bought a new coat.;;
1074;clothing;3;Trenerka;Тренерка;assets/images/words/trenerka.webp;assets/sounds/words/trenerka.mp3;Спортивный костюм;Tracksuit;Nosim trenerku za trčanje. Kupio sam novu trenerku. Trenerka mi je udobna.;Я ношу спортивный костюм для бега. Я купил новый спортивный костюм. Спортивный костюм мне удобен.;I wear a tracksuit for running. I bought a new tracksuit. The tracksuit is comfortable for me.;;
1075;clothing;3;Kombinezon;Комбинезон;assets/images/words/kombinezon.webp;assets/sounds/words/kombinezon.mp3;Комбинезон;Jumpsuit;Nosi kombinezon za posao. Kupila sam letnji kombinezon. Kombinezon joj lepo stoji.;Он носит комбинезон на работе. Я купила летний комбинезон. Комбинезон ей хорошо идёт.;He wears a jumpsuit for work. I bought a summer jumpsuit. The jumpsuit suits her well.;;
1076;clothing;3;Papuče;Папуче;assets/images/words/papuce.webp;assets/sounds/words/papuce.mp3;Тапочки;Slippers;Nosim papuče kod kuće. Kupio sam nove papuče. Papuče su mi udobne.;Я ношу тапочки дома. Я купил новые тапочки. Тапочки мне удобны.;I wear slippers at home. I bought new slippers. The slippers are comfortable for me.;;
1077;clothing;3;Donji;Доњи;assets/images/words/donji.webp;assets/sounds/words/donji.mp3;Нижний;Lower, bottom;Kupila je donji veš u prodavnici. Donji deo haljine je predugačak. Stavi majicu u donju fioku.;Она купила нижнее бельё в магазине. Нижняя часть платья слишком длинная. Положи футболку в нижний ящик.;She bought underwear at the store. The bottom part of the dress is too long. Put the shirt in the bottom drawer.;;
1078;clothing;3;Konsultant;Консултант;assets/images/words/konsultant.webp;assets/sounds/words/konsultant.mp3;Консультант;Consultant;Konsultant u prodavnici mi je pomogao da izaberem odeću. Radi kao modni konsultant. Konsultant je predložio drugu boju.;Консультант в магазине помог мне выбрать одежду. Она работает модным консультантом. Консультант предложил другой цвет.;The store consultant helped me choose clothes. She works as a fashion consultant. The consultant suggested another color.;;
1079;clothing;3;Cipele;Ципеле;assets/images/words/cipele.webp;assets/sounds/words/cipele.mp3;Туфли;Shoes;Kupila sam nove cipele za posao. Ove cipele su mi premale. Skinuo je cipele pre nego što je ušao.;Я купила новые туфли для работы. Эта обувь мне маловата. Он снял обувь, прежде чем войти.;I bought new shoes for work. These shoes are too small for me. He took off his shoes before coming in.;;
1080;clothing;3;Jakna;Јакна;assets/images/words/jakna.webp;assets/sounds/words/jakna.mp3;Куртка;Jacket;Obuci jaknu, napolju je hladno. Kupila je kožnu jaknu. Zaboravio je jaknu u autobusu.;Надень куртку, на улице холодно. Она купила кожаную куртку. Он забыл куртку в автобусе.;Put on your jacket, it's cold outside. She bought a leather jacket. He forgot his jacket on the bus.;;
1081;clothing;3;Kapa;Капа;assets/images/words/kapa.webp;assets/sounds/words/kapa.mp3;Шапка;Hat / cap;Nosi kapu kada je hladno. Kupila mu je vunenu kapu za zimu. Skinula je kapu kada je ušla u kuću.;Он носит шапку, когда холодно. Она купила ему шерстяную шапку на зиму. Она сняла шапку, когда вошла в дом.;He wears a hat when it's cold. She bought him a wool hat for winter. She took off her hat when she came into the house.;;
1082;clothing;3;Kaput;Капут;assets/images/words/kaput.webp;assets/sounds/words/kaput.mp3;Пальто;Coat;Obukla je topli kaput za šetnju. Kaput joj je bio previše tanak za zimu. Okačio je kaput na vešalicu.;Она надела тёплое пальто для прогулки. Её пальто было слишком тонким для зимы. Он повесил пальто на вешалку.;She put on a warm coat for the walk. Her coat was too thin for winter. He hung his coat on the hanger.;;
1083;clothing;3;Kišobran;Кишобран;assets/images/words/kisobran.webp;assets/sounds/words/kisobran.mp3;Зонт;Umbrella;Ponesi kišobran, sigurno će padati kiša. Zaboravila sam kišobran u kafiću. Kišobran nas je spasao od jake kiše.;Возьми зонт, точно будет дождь. Я забыла зонт в кафе. Зонт спас нас от сильного дождя.;Take an umbrella, it will definitely rain. I forgot my umbrella at the café. The umbrella saved us from the heavy rain.;;
1084;clothing;3;Kofer;Кофер;assets/images/words/kofer.webp;assets/sounds/words/kofer.mp3;Чемодан;Suitcase;Spakovala sam kofer za putovanje. Kofer mi je bio pretežak za nošenje. Izgubili su moj kofer na aerodromu.;Я собрала чемодан для поездки. Мой чемодан был слишком тяжёлым, чтобы его нести. Они потеряли мой чемодан в аэропорту.;I packed my suitcase for the trip. My suitcase was too heavy to carry. They lost my suitcase at the airport.;;
1085;clothing;3;Lančić;Ланчић;assets/images/words/lancic.webp;assets/sounds/words/lancic.mp3;Цепочка;Chain (necklace);Nosi zlatni lančić svaki dan. Poklonio joj je srebrni lančić. Lančić joj se zapetljao u kosi.;Он каждый день носит золотую цепочку. Он подарил ей серебряную цепочку. Цепочка запуталась в её волосах.;He wears a gold chain every day. He gave her a silver chain as a gift. Her chain got tangled in her hair.;;
1086;clothing;3;Naočare;Наочаре;assets/images/words/naocare.webp;assets/sounds/words/naocare.mp3;Очки;Glasses;Nosi naočare za čitanje. Zaboravila je naočare kod kuće. Kupio je nove sunčane naočare.;Он носит очки для чтения. Она забыла очки дома. Он купил новые солнечные очки.;He wears reading glasses. She forgot her glasses at home. He bought new sunglasses.;;
1087;clothing;3;Novčanik;Новчаник;assets/images/words/novcanik.webp;assets/sounds/words/novcanik.mp3;Кошелёк;Wallet;Izgubio je novčanik u gradskom prevozu. Novčanik joj je pun kartica. Stavio je novac u novčanik.;Он потерял кошелёк в общественном транспорте. Её кошелёк полон карт. Он положил деньги в кошелёк.;He lost his wallet on public transport. Her wallet is full of cards. He put the money in his wallet.;;
1088;clothing;3;Prsten;Прстен;assets/images/words/prsten.webp;assets/sounds/words/prsten.mp3;Кольцо;Ring;Nosi prsten koji joj je poklonila baka. Kupio je prsten za veridbu. Izgubila je prsten na plaži.;Она носит кольцо, которое подарила бабушка. Он купил кольцо для помолвки. Она потеряла кольцо на пляже.;She wears the ring her grandmother gave her. He bought an engagement ring. She lost her ring at the beach.;;
1089;clothing;3;Ranac;Ранац;assets/images/words/ranac.webp;assets/sounds/words/ranac.mp3;Рюкзак;Backpack;Stavio je knjige u ranac. Njen ranac je pun beležnica. Kupila sam nov ranac za školu.;Он положил книги в рюкзак. Её рюкзак полон тетрадей. Я купила новый рюкзак для школы.;He put the books in his backpack. Her backpack is full of notebooks. I bought a new backpack for school.;;
1090;clothing;3;Torbica;Торбица;assets/images/words/torbica.webp;assets/sounds/words/torbica.mp3;Сумочка;Handbag;Nosi malu crnu torbicu svaki dan. Torbica joj je puna sitnica. Kupila je novu torbicu za izlazak.;Она каждый день носит маленькую чёрную сумочку. Её сумочка полна мелочей. Она купила новую сумочку для выхода в свет.;She carries a small black handbag every day. Her handbag is full of little things. She bought a new handbag for going out.;;
2029;cooking;3;Brašno;Брашно;assets/images/words/brasno.webp;assets/sounds/words/brasno.mp3;Мука;Flour;Prosejala je brašno pre mešanja. Testo se pravi od brašna i vode. Kupila je vreću brašna za pecivo.;Она просеяла муку перед смешиванием. Тесто делают из муки и воды. Она купила мешок муки для выпечки.;She sifted the flour before mixing. Dough is made from flour and water. She bought a bag of flour for baking.;;
2030;cooking;3;Daska;Даска;assets/images/words/daska.webp;assets/sounds/words/daska.mp3;Разделочная доска;Board;Iseci luk na dasci za sečenje. Drvena daska za sečenje je bolja za voće. Operi dasku posle upotrebe.;Нарежь лук на разделочной доске. Деревянная разделочная доска лучше подходит для фруктов. Помой доску после использования.;Cut the onion on the cutting board. A wooden cutting board is better for fruit. Wash the board after use.;;
2031;cooking;3;Dodati;Додати;assets/images/words/dodati.webp;assets/sounds/words/dodati.mp3;Добавить;To add;Dodala je so u supu. Trebalo bi da dodaš malo šećera. Dodao je crni luk u sos.;Она добавила соль в суп. Тебе стоит добавить немного сахара. Он добавил лук в соус.;She added salt to the soup. You should add a bit of sugar. He added onion to the sauce.;;
2032;cooking;3;Dodavati;Додавати;assets/images/words/dodavati.webp;assets/sounds/words/dodavati.mp3;Добавлять;To add (imperfective);Dodaje začine tokom kuvanja. Uvek dodajem malo limuna u salatu. Dodavala je sastojke jedan po jedan.;Он добавляет специи во время готовки. Я всегда добавляю немного лимона в салат. Она добавляла ингредиенты один за другим.;He adds spices while cooking. I always add a bit of lemon to the salad. She was adding the ingredients one by one.;;
2033;cooking;3;Hrskav;Хрскав;assets/images/words/hrskav.webp;assets/sounds/words/hrskav.mp3;Хрустящий;Crispy;Pomfrit je bio hrskav i zlatan. Voli hrskavu koru hleba. Piletina je bila hrskava spolja i sočna iznutra.;Картофель фри был хрустящим и золотистым. Он любит хрустящую корочку хлеба. Курица была хрустящей снаружи и сочной внутри.;The fries were crispy and golden. He likes the crispy crust of bread. The chicken was crispy outside and juicy inside.;;
2034;cooking;3;Iseći;Исећи;assets/images/words/iseci.webp;assets/sounds/words/iseci.mp3;Нарезать;To cut / slice;Isekla je hleb na tanke kriške. Iseci luk sitno pre prženja. Isekao je meso na kockice.;Она нарезала хлеб тонкими ломтиками. Мелко нарежь лук перед жаркой. Он нарезал мясо кубиками.;She sliced the bread into thin slices. Cut the onion finely before frying. He cut the meat into cubes.;;
2035;cooking;3;Ispeći;Испећи;assets/images/words/ispeci.webp;assets/sounds/words/ispeci.mp3;Испечь;To bake;Ispekla je kolač za rođendan. Ispekao je hleb kod kuće. Ispekli smo piletinu u rerni.;Она испекла торт на день рождения. Он испёк хлеб дома. Мы запекли курицу в духовке.;She baked a cake for the birthday. He baked bread at home. We baked chicken in the oven.;;
2036;cooking;3;Ispržiti;Испржити;assets/images/words/isprziti.webp;assets/sounds/words/isprziti.mp3;Зажарить;To fry (complete);Ispržila je jaja za doručak. Ispržio je piletinu na ulju. Ispržili smo krompir do zlatne boje.;Она пожарила яйца на завтрак. Он пожарил курицу на масле. Мы пожарили картошку до золотистого цвета.;She fried eggs for breakfast. He fried chicken in oil. We fried the potatoes until golden.;;
2037;cooking;3;Kiseo;Кисео;assets/images/words/kiseo.webp;assets/sounds/words/kiseo.mp3;Кислый;Sour;Ovaj limun je previše kiseo. Voli kiselo mleko za doručak. Sos je bio prekiseo za moj ukus.;Этот лимон слишком кислый. Он любит кислое молоко на завтрак. Соус был слишком кислым на мой вкус.;This lemon is too sour. He likes sour milk for breakfast. The sauce was too sour for my taste.;;
2038;cooking;3;Kora;Кора;assets/images/words/kora.webp;assets/sounds/words/kora.mp3;Корка;Peel / crust;Oljuštila je koru sa jabuke. Kora hleba je bila hrskava. Kora limuna se koristi za aromu.;Она сняла кожуру с яблока. Корка хлеба была хрустящей. Цедра лимона используется для аромата.;She peeled the skin off the apple. The bread crust was crispy. Lemon peel is used for flavor.;;
2039;cooking;3;Kutlača;Кутлача;assets/images/words/kutlaca.webp;assets/sounds/words/kutlaca.mp3;Половник;Ladle;Sipala je supu kutlačom. Kutlača visi pored šporeta. Uzela je kutlaču da promeša čorbu.;Она разлила суп половником. Половник висит рядом с плитой. Она взяла половник, чтобы помешать суп.;She served the soup with a ladle. The ladle hangs next to the stove. She took the ladle to stir the soup.;;
2040;cooking;3;Kvasac;Квасац;assets/images/words/kvasac.webp;assets/sounds/words/kvasac.mp3;Дрожжи;Yeast;Testo za hleb zahteva kvasac. Dodala je kvasac u toplu vodu. Kvasac čini testo da naraste.;Тесто для хлеба требует дрожжей. Она добавила дрожжи в тёплую воду. Дрожжи заставляют тесто подниматься.;Bread dough requires yeast. She added yeast to warm water. Yeast makes the dough rise.;;
2041;cooking;3;Ljuštiti;Љуштити;assets/images/words/ljustiti.webp;assets/sounds/words/ljustiti.mp3;Чистить;To peel;Ljušti krompir za ručak. Volim da ljuštim jabuke tanko. Ljuštila je pomorandžu polako.;Он чистит картошку на обед. Я люблю тонко очищать яблоки. Она медленно чистила апельсин.;He peels potatoes for lunch. I like to peel apples thinly. She was slowly peeling the orange.;;
2042;cooking;3;Mesiti;Месити;assets/images/words/mesiti.webp;assets/sounds/words/mesiti.mp3;Месить;To knead;Mesi testo za hleb svako jutro. Volim da mesim testo rukama. Mesila je testo dvadeset minuta.;Она каждое утро месит тесто для хлеба. Я люблю месить тесто руками. Она месила тесто двадцать минут.;She kneads bread dough every morning. I like to knead dough by hand. She kneaded the dough for twenty minutes.;;
2043;cooking;3;Lagan;Лаган;assets/images/words/lagan.webp;assets/sounds/words/lagan.mp3;Лёгкий (блюдо);Light, slow;Ovo je lagano jelo za večeru. Kuvaj na laganoj vatri pola sata. Volim laganu supu leti.;Это лёгкое блюдо на ужин. Готовь на медленном огне полчаса. Летом я люблю лёгкий суп.;This is a light dinner dish. Cook on low heat for half an hour. I like light soup in summer.;;
2044;cooking;3;Oljuštiti;Ољуштити;assets/images/words/oljustiti.webp;assets/sounds/words/oljustiti.mp3;Почистить;To peel (complete);Oljuštila je krompir za salatu. Oljuštio je jabuku pre nego što je pojeo. Oljuštili smo šargarepu za čorbu.;Она почистила картошку для салата. Он почистил яблоко перед тем, как съесть его. Мы почистили морковь для супа.;She peeled the potatoes for the salad. He peeled the apple before eating it. We peeled the carrots for the soup.;;
2045;cooking;3;Peći;Пећи;assets/images/words/peci.webp;assets/sounds/words/peci.mp3;Печь;To bake;Peče hleb svake nedelje. Volim da pečem kolače vikendom. Pekla je pitu ceo dan.;Она печёт хлеб каждую неделю. Я люблю печь пироги по выходным. Она пекла пирог весь день.;She bakes bread every week. I like baking cakes on weekends. She was baking a pie all day.;;
2046;cooking;3;Polako;Полако;assets/images/words/polako.webp;assets/sounds/words/polako.mp3;Медленно;Slowly;Sipajte brašno polako u smesu. Testo treba mesiti polako i pažljivo. Kuvajte sos polako da se ne zagori.;Медленно всыпайте муку в смесь. Тесто нужно месить медленно и осторожно. Варите соус медленно, чтобы он не подгорел.;Slowly pour the flour into the mixture. The dough should be kneaded slowly and carefully. Cook the sauce slowly so it doesn't burn.;;
2047;cooking;3;Postepeno;Постепено;assets/images/words/postepeno.webp;assets/sounds/words/postepeno.mp3;Постепенно;Gradually;Dodajte mleko postepeno dok mešate. Testo postaje gušće postepeno. Postepeno je dodavala začine u čorbu.;Постепенно добавляйте молоко, помешивая. Тесто постепенно становится гуще. Она постепенно добавляла специи в суп.;Gradually add the milk while stirring. The dough gradually becomes thicker. She was gradually adding spices to the soup.;;
2048;cooking;3;Prethodno;Претходно;assets/images/words/prethodno.webp;assets/sounds/words/prethodno.mp3;Предварительно;Beforehand;Prethodno oljuštite krompir i isecite ga. Meso je prethodno marinirano preko noći. Prethodno zagrejte rernu na dvesta stepeni.;Заранее почистите картошку и нарежьте её. Мясо было заранее замариновано за ночь. Заранее разогрейте духовку до двухсот градусов.;Beforehand, peel the potatoes and cut them. The meat was marinated beforehand overnight. Preheat the oven to two hundred degrees beforehand.;;
2049;cooking;3;Pržiti;Пржити;assets/images/words/prziti.webp;assets/sounds/words/prziti.mp3;Жарить;To fry;Prži jaja svako jutro za doručak. Volim da pržim luk pre dodavanja povrća. Pržila je piletinu na maslinovom ulju.;Он каждое утро жарит яйца на завтрак. Я люблю жарить лук перед добавлением овощей. Она жарила курицу на оливковом масле.;He fries eggs every morning for breakfast. I like to fry onion before adding the vegetables. She was frying chicken in olive oil.;;
2050;cooking;3;Rende;Ренде;assets/images/words/rende.webp;assets/sounds/words/rende.mp3;Тёрка;Grater;Narendala je sir rendom. Rende je oštro i treba pažljivo rukovati. Koristila je rende za šargarepu.;Она натёрла сыр на тёрке. Тёрка острая, с ней нужно обращаться осторожно. Она использовала тёрку для моркови.;She grated the cheese with a grater. The grater is sharp and should be handled carefully. She used the grater for carrots.;;
2051;cooking;3;Rerna;Рерна;assets/images/words/rerna.webp;assets/sounds/words/rerna.mp3;Духовка;Oven;Stavila je piletinu u rernu. Rerna je zagrejana na dvesta stepeni. Kolač se peče u rerni pola sata.;Она поставила курицу в духовку. Духовка разогрета до двухсот градусов. Пирог выпекается в духовке полчаса.;She put the chicken in the oven. The oven is preheated to two hundred degrees. The cake bakes in the oven for half an hour.;;
2052;cooking;3;Sastojak;Састојак;assets/images/words/sastojak.webp;assets/sounds/words/sastojak.mp3;Ингредиент;Ingredient;Ovaj recept ima samo pet sastojaka. Nedostaje mi jedan sastojak za tortu. Svaki sastojak daje jelu poseban ukus.;У этого рецепта всего пять ингредиентов. Мне не хватает одного ингредиента для торта. Каждый ингредиент придаёт блюду особый вкус.;This recipe has only five ingredients. I'm missing one ingredient for the cake. Each ingredient gives the dish a special taste.;;
2053;cooking;3;Seći;Сећи;assets/images/words/seci.webp;assets/sounds/words/seci.mp3;Резать;To cut;Seče povrće za salatu svako veče. Volim da sečem hleb tanko. Sekla je meso na male komade.;Он каждый вечер режет овощи для салата. Я люблю резать хлеб тонко. Она резала мясо на маленькие кусочки.;He cuts vegetables for the salad every evening. I like to cut bread thinly. She was cutting the meat into small pieces.;;
2054;cooking;3;Skuvati;Скувати;assets/images/words/skuvati.webp;assets/sounds/words/skuvati.mp3;Сварить;To cook / boil (complete);Skuvala je pasulj za ručak. Skuvao je kafu za goste. Skuvali smo pirinač za večeru.;Она сварила фасоль на обед. Он сварил кофе для гостей. Мы сварили рис на ужин.;She cooked beans for lunch. He made coffee for the guests. We cooked rice for dinner.;;
2055;cooking;3;Testo;Тесто;assets/images/words/testo.webp;assets/sounds/words/testo.mp3;Тесто;Dough;Testo za pitu mora biti tanko. Umesila je testo za hleb. Testo se diglo posle sat vremena.;Тесто для пирога должно быть тонким. Она замесила тесто для хлеба. Тесто поднялось через час.;The dough for the pie must be thin. She kneaded the dough for bread. The dough rose after an hour.;;
2056;cooking;3;Tiganj;Тигањ;assets/images/words/tiganj.webp;assets/sounds/words/tiganj.mp3;Сковорода;Frying pan;Zagrejala je ulje u tiganju. Tiganj je bio vreo za prženje. Oprala je tiganj posle kuvanja.;Она разогрела масло на сковороде. Сковорода была горячей для жарки. Она вымыла сковороду после готовки.;She heated oil in the frying pan. The pan was hot for frying. She washed the pan after cooking.;;
2057;cooking;3;Ukusan;Укусан;assets/images/words/ukusan.webp;assets/sounds/words/ukusan.mp3;Вкусный;Tasty;Ovo jelo je zaista ukusno. Kolač je bio ukusan i sladak. Priprema uvek ukusnu hranu za goste.;Это блюдо действительно вкусное. Торт был вкусным и сладким. Она всегда готовит вкусную еду для гостей.;This dish is really tasty. The cake was tasty and sweet. She always prepares tasty food for guests.;;
2058;cooking;3;Umesiti;Умесити;assets/images/words/umesiti.webp;assets/sounds/words/umesiti.mp3;Замесить;To knead (complete);Umesila je testo za hleb. Umesio je testo brzo i vešto. Umesili smo testo za pizzu zajedno.;Она замесила тесто для хлеба. Он быстро и умело замесил тесто. Мы вместе замесили тесто для пиццы.;She kneaded the dough for bread. He kneaded the dough quickly and skillfully. We kneaded the pizza dough together.;;
2059;cooking;3;Zagoreo;Загорео;assets/images/words/zagoreo.webp;assets/sounds/words/zagoreo.mp3;Подгоревший;Burnt;Hleb je bio zagoreo u rerni. Osetio je miris zagorelog mleka. Kolač je bio zagoreo sa strane.;Хлеб подгорел в духовке. Он почувствовал запах подгоревшего молока. Пирог подгорел с одной стороны.;The bread was burnt in the oven. He smelled burnt milk. The cake was burnt on the side.;;
2060;cooking;3;Zatim;Затим;assets/images/words/zatim.webp;assets/sounds/words/zatim.mp3;Затем;Then;Isecite luk, zatim ga propržite na ulju. Dodajte so, zatim promešajte. Skuvajte testeninu, zatim je ocedite.;Нарежьте лук, затем обжарьте его на масле. Добавьте соль, затем перемешайте. Сварите макароны, затем слейте воду.;Cut the onion, then fry it in oil. Add salt, then stir. Cook the pasta, then drain it.;;
2061;cooking;3;Začin;Зачин;assets/images/words/zacin.webp;assets/sounds/words/zacin.mp3;Приправа;Spice / seasoning;Dodala je nekoliko začina u čorbu. Ovaj začin daje jelu poseban miris. Kupila je nove začine na pijaci.;Она добавила несколько специй в суп. Эта приправа придаёт блюду особый аромат. Она купила новые специи на рынке.;She added a few spices to the soup. This spice gives the dish a special smell. She bought new spices at the market.;;
2062;cooking;3;Začinjen;Зачињен;assets/images/words/zacinjen.webp;assets/sounds/words/zacinjen.mp3;Приправленный;Spiced / seasoned;Ovo jelo je previše začinjeno za mene. Voli dobro začinjenu hranu. Meso je bilo lepo začinjeno biberom i belim lukom.;Это блюдо для меня слишком приправленное. Он любит хорошо приправленную еду. Мясо было хорошо приправлено перцем и чесноком.;This dish is too spiced for me. He likes well-seasoned food. The meat was nicely seasoned with pepper and garlic.;;
2063;cooking;3;Vatra;Ватра;assets/images/words/vatra.webp;assets/sounds/words/vatra.mp3;Огонь;Fire;Skuvaj čorbu na jakoj vatri. Upali vatru u kaminu. Meso se peče na otvorenoj vatri.;Свари бульон на сильном огне. Разожги огонь в камине. Мясо жарят на открытом огне.;Cook the broth on high heat. Light the fire in the fireplace. The meat is grilled over an open fire.;;
2328;documents;3;Biro;Биро;assets/images/words/biro.webp;assets/sounds/words/biro.mp3;Бюро;Bureau, office;Otišao sam u biro za zapošljavanje. Ovaj biro izdaje putne dokumente. Prijavio sam se u biro za nezaposlene.;Я пошёл в бюро по трудоустройству. Это бюро выдаёт проездные документы. Я зарегистрировался в бюро по безработице.;I went to the employment bureau. This bureau issues travel documents. I registered at the unemployment office.;;
2329;documents;3;Dokumenta;Документа;assets/images/words/dokumenta.webp;assets/sounds/words/dokumenta.mp3;Документы;Documents;Sva dokumenta su spremna za predaju. Izgubio je važna dokumenta u avionu. Potpisala je dokumenta pre polaska.;Все документы готовы к сдаче. Он потерял важные документы в самолёте. Она подписала документы перед отъездом.;All the documents are ready to be submitted. He lost important documents on the plane. She signed the documents before leaving.;;
2330;documents;3;Etiketa;Етикета;assets/images/words/etiketa.webp;assets/sounds/words/etiketa.mp3;Этикетка;Label / tag;Proverila je etiketu pre kupovine. Etiketa na torbi je otpala. Nalepio je etiketu sa svojim imenom na kofer.;Она проверила этикетку перед покупкой. Этикетка на сумке отклеилась. Он наклеил на чемодан бирку со своим именем.;She checked the label before buying. The tag on the bag fell off. He put a tag with his name on the suitcase.;;
2331;documents;3;Izgubljen;Изгубљен;assets/images/words/izgubljen.webp;assets/sounds/words/izgubljen.mp3;Потерянный;Lost;Osećala se izgubljeno u nepoznatom gradu. Novčanik je izgubljen negde u gradu. Turisti su izgledali izgubljeno bez mape.;Она чувствовала себя потерянной в незнакомом городе. Кошелёк потерян где-то в городе. Туристы выглядели растерянными без карты.;She felt lost in an unfamiliar city. The wallet is lost somewhere in the city. The tourists looked lost without a map.;;
2332;documents;3;Ključevi;Кључеви;assets/images/words/kljucevi.webp;assets/sounds/words/kljucevi.mp3;Ключи;Keys;Izgubio je ključeve od stana. Ključevi su bili u njenoj torbi. Ostavio je ključeve na stolu.;Он потерял ключи от квартиры. Ключи были в её сумке. Он оставил ключи на столе.;He lost the keys to his apartment. The keys were in her bag. He left the keys on the table.;;
2333;documents;3;Nagrada;Награда;assets/images/words/nagrada.webp;assets/sounds/words/nagrada.mp3;Награда;Reward;Ponudio je nagradu za pronalazak izgubljenog psa. Osvojio je nagradu na takmičenju. Nagrada za povratak dokumenata bila je novčana.;Он предложил вознаграждение за нахождение потерянной собаки. Он выиграл награду на соревновании. Наградой за возврат документов были деньги.;He offered a reward for finding the lost dog. He won an award at the competition. The reward for returning the documents was monetary.;;
2334;documents;3;Nepoznat;Непознат;assets/images/words/nepoznat.webp;assets/sounds/words/nepoznat.mp3;Неизвестный;Unknown;Poziv je stigao sa nepoznatog broja. Nepoznata osoba je pronašla moj telefon. Poreklo predmeta je i dalje nepoznato.;Звонок поступил с неизвестного номера. Неизвестный человек нашёл мой телефон. Происхождение предмета до сих пор неизвестно.;The call came from an unknown number. An unknown person found my phone. The origin of the item is still unknown.;;
2335;documents;3;Obavestiti;Обавестити;assets/images/words/obavestiti.webp;assets/sounds/words/obavestiti.mp3;Уведомить;To notify;Obavestio je policiju o krađi. Obavestila me je o promeni plana. Trebalo bi da obavestimo vlasnika o pronalasku.;Он уведомил полицию о краже. Она уведомила меня об изменении плана. Нам следует уведомить владельца о находке.;He notified the police about the theft. She notified me of the change of plan. We should notify the owner about the find.;;
2336;documents;3;Opis;Опис;assets/images/words/opis.webp;assets/sounds/words/opis.mp3;Описание;Description;Dala je detaljan opis izgubljene torbe. Opis osumnjičenog je objavljen u novinama. Opis stana zvučao je primamljivo.;Она дала подробное описание потерянной сумки. Описание подозреваемого было опубликовано в газетах. Описание квартиры звучало заманчиво.;She gave a detailed description of the lost bag. A description of the suspect was published in the newspapers. The description of the apartment sounded appealing.;;
2337;documents;3;Ostaviti;Оставити;assets/images/words/ostaviti.webp;assets/sounds/words/ostaviti.mp3;Оставить;To leave (behind);Ostavila je kišobran u autobusu. Ostavio sam ključeve na stolu. Ostavili smo poruku na vratima.;Она оставила зонт в автобусе. Я оставил ключи на столе. Мы оставили записку на двери.;She left her umbrella on the bus. I left the keys on the table. We left a note on the door.;;
2338;documents;3;Popuniti;Попунити;assets/images/words/popuniti.webp;assets/sounds/words/popuniti.mp3;Заполнить;To fill out;Popunila je formular za prijavu gubitka. Trebalo bi da popunite sva polja u obrascu. Popunio je prijavu za pasoš.;Она заполнила форму заявления о потере. Вам нужно заполнить все поля в бланке. Он заполнил заявление на паспорт.;She filled out the lost item report form. You should fill in all the fields on the form. He filled out the passport application.;;
2339;documents;3;Prepoznati;Препознати;assets/images/words/prepoznati.webp;assets/sounds/words/prepoznati.mp3;Узнать;To recognize;Odmah sam prepoznala svoju torbu. Prepoznao je glas sa druge strane linije. Nisam ga prepoznala posle toliko godina.;Я сразу узнала свою сумку. Он узнал голос на другом конце линии. Я не узнала его после стольких лет.;I immediately recognized my bag. He recognized the voice on the other end of the line. I didn't recognize him after so many years.;;
2340;documents;3;Prijaviti;Пријавити;assets/images/words/prijaviti.webp;assets/sounds/words/prijaviti.mp3;Заявить;To report;Prijavila sam krađu policiji. Trebalo bi da prijaviš gubitak dokumenata. Prijavio je kvar na uređaju.;Я заявила о краже в полицию. Тебе следует заявить о потере документов. Он сообщил о поломке устройства.;I reported the theft to the police. You should report the loss of your documents. He reported a malfunction in the device.;;
2341;documents;3;Pronađen;Пронађен;assets/images/words/pronadjen.webp;assets/sounds/words/pronadjen.mp3;Найденный;Found;Izgubljeni pas je pronađen živ i zdrav. Novčanik je pronađen u parku. Dokumenta su pronađena kod komšije.;Потерянная собака была найдена живой и здоровой. Кошелёк был найден в парке. Документы были найдены у соседа.;The lost dog was found alive and well. The wallet was found in the park. The documents were found at the neighbor's.;;
2342;documents;3;Sopstven;Сопствен;assets/images/words/sopstven.webp;assets/sounds/words/sopstven.mp3;Собственный;Own;Ima sopstveni stan u centru grada. Radi po sopstvenom rasporedu. Otvorio je sopstvenu firmu pre tri godine.;У него собственная квартира в центре города. Он работает по собственному графику. Он открыл собственную фирму три года назад.;He has his own apartment downtown. He works according to his own schedule. He opened his own company three years ago.;;
2343;documents;3;Tuđ;Туђ;assets/images/words/tudj.webp;assets/sounds/words/tudj.mp3;Чужой;Someone else's;Ne treba uzimati tuđe stvari bez pitanja. Uzeo je tuđ kofer po grešci. Tuđe mišljenje treba poštovati.;Не стоит брать чужие вещи без спроса. Он по ошибке взял чужой чемодан. Чужое мнение следует уважать.;You shouldn't take other people's things without asking. He took someone else's suitcase by mistake. Other people's opinions should be respected.;;
2344;documents;3;Vratiti;Вратити;assets/images/words/vratiti.webp;assets/sounds/words/vratiti.mp3;Вернуть;To return;Vratila je knjigu u biblioteku na vreme. Vratio mi je novac koji je pozajmio. Trebalo bi da vratimo izgubljeni predmet vlasniku.;Она вовремя вернула книгу в библиотеку. Он вернул мне деньги, которые занял. Нам следует вернуть найденный предмет владельцу.;She returned the book to the library on time. He returned the money he had borrowed. We should return the found item to its owner.;;
2345;documents;3;Čuvati;Чувати;assets/images/words/cuvati.webp;assets/sounds/words/cuvati.mp3;Хранить;To keep / to guard;Čuva stare fotografije u kutiji. Trebalo bi da čuvamo prirodu. Čuvala je tajnu godinama.;Он хранит старые фотографии в коробке. Нам следует беречь природу. Она годами хранила тайну.;He keeps old photographs in a box. We should protect nature. She kept the secret for years.;;
2346;documents;3;Stvar;Ствар;assets/images/words/stvar.webp;assets/sounds/words/stvar.mp3;Вещь;Thing;Ovo je važna stvar za razgovor. Stavi tu stvar na sto. To je sasvim druga stvar.;Это важная тема для разговора. Положи эту вещь на стол. Это совсем другое дело.;This is an important matter to discuss. Put that thing on the table. That's a completely different matter.;;
1724;ecology;3;Ambalaža;Амбалажа;assets/images/words/ambalaza.webp;assets/sounds/words/ambalaza.mp3;Упаковка / тара;Packaging;Ambalaža ovog proizvoda je od kartona. Smanjili smo upotrebu plastične ambalaže. Ambalaža treba da bude reciklirana.;Упаковка этого продукта картонная. Мы сократили использование пластиковой упаковки. Упаковка должна быть переработана.;This product's packaging is made of cardboard. We reduced the use of plastic packaging. The packaging should be recycled.;;
1725;ecology;3;Budućnost;Будућност;assets/images/words/buducnost.webp;assets/sounds/words/buducnost.mp3;Будущее;Future;Brinemo o budućnosti planete. Njegova budućnost izgleda svetlo. Budućnost zavisi od naših odluka danas.;Мы заботимся о будущем планеты. Его будущее выглядит светлым. Будущее зависит от наших сегодняшних решений.;We care about the future of the planet. His future looks bright. The future depends on our decisions today.;;
1726;ecology;3;Eko-svestan;Еко-свестан;assets/images/words/eko_svestan.webp;assets/sounds/words/eko_svestan.mp3;Экосознательный;Eco-conscious;Postala je mnogo eko-svesnija poslednjih godina. Eko-svesni potrošači biraju održive proizvode. Kompanija je eko-svesna i koristi reciklirane materijale.;Она стала намного более экологически сознательной за последние годы. Экологически сознательные потребители выбирают устойчивые продукты. Компания экологически сознательна и использует переработанные материалы.;She has become much more eco-conscious in recent years. Eco-conscious consumers choose sustainable products. The company is eco-conscious and uses recycled materials.;;
1727;ecology;3;Ekologija;Екологија;assets/images/words/ekologija.webp;assets/sounds/words/ekologija.mp3;Экология;Ecology;Studira ekologiju na fakultetu. Ekologija proučava odnos organizama i sredine. Ekologija je važna tema u obrazovanju dece.;Он изучает экологию в университете. Экология изучает отношения организмов и среды. Экология — важная тема в обучении детей.;He studies ecology at university. Ecology studies the relationship between organisms and environment. Ecology is an important topic in children's education.;;
1728;ecology;3;Fosilan;Фосилан;assets/images/words/fosilan.webp;assets/sounds/words/fosilan.mp3;Ископаемый;Fossil (adj.);Fosilna goriva zagađuju atmosferu. Ugalj je vrsta fosilnog goriva. Naučnici traže alternativu fosilnim gorivima.;Ископаемое топливо загрязняет атмосферу. Уголь — вид ископаемого топлива. Учёные ищут альтернативу ископаемому топливу.;Fossil fuels pollute the atmosphere. Coal is a type of fossil fuel. Scientists are looking for an alternative to fossil fuels.;;
1729;ecology;3;Izumreti;Изумрети;assets/images/words/izumreti.webp;assets/sounds/words/izumreti.mp3;Вымереть;To become extinct;Mnoge vrste su izumrle zbog klimatskih promena. Ova biljka je skoro izumrla. Dinosaurusi su izumrli pre miliona godina.;Многие виды вымерли из-за изменения климата. Это растение почти вымерло. Динозавры вымерли миллионы лет назад.;Many species have become extinct due to climate change. This plant has nearly become extinct. Dinosaurs became extinct millions of years ago.;;
1730;ecology;3;Obnovljiv;Обновљив;assets/images/words/obnovljiv.webp;assets/sounds/words/obnovljiv.mp3;Возобновляемый;Renewable;Obnovljivi izvori energije su budućnost. Solarna energija je obnovljiva. Zemlja ulaže u obnovljivu energiju.;Возобновляемые источники энергии — это будущее. Солнечная энергия возобновляема. Страна инвестирует в возобновляемую энергию.;Renewable energy sources are the future. Solar energy is renewable. The country is investing in renewable energy.;;
1731;ecology;3;Održiv;Одржив;assets/images/words/odrziv.webp;assets/sounds/words/odrziv.mp3;Устойчивый;Sustainable;Tražimo održiva rešenja za budućnost. Ova kompanija koristi održive materijale. Održiv razvoj je cilj mnogih zemalja.;Мы ищем устойчивые решения для будущего. Эта компания использует устойчивые материалы. Устойчивое развитие — цель многих стран.;We are looking for sustainable solutions for the future. This company uses sustainable materials. Sustainable development is the goal of many countries.;;
1732;ecology;3;Opstanak;Опстанак;assets/images/words/opstanak.webp;assets/sounds/words/opstanak.mp3;Выживание;Survival;Opstanak vrste zavisi od njenog staništa. Borba za opstanak je bila teška. Opstanak planete zavisi od naših postupaka.;Выживание вида зависит от его среды обитания. Борьба за выживание была тяжёлой. Выживание планеты зависит от наших действий.;The survival of the species depends on its habitat. The struggle for survival was hard. The survival of the planet depends on our actions.;;
1733;ecology;3;Otpad;Отпад;assets/images/words/otpad.webp;assets/sounds/words/otpad.mp3;Отходы;Waste;Otpad se odlaže na deponiju. Smanjili smo količinu otpada u domaćinstvu. Otpad zagađuje reke i mora.;Отходы вывозят на свалку. Мы сократили количество отходов в домашнем хозяйстве. Отходы загрязняют реки и моря.;Waste is disposed of at the landfill. We reduced the amount of household waste. Waste pollutes rivers and seas.;;
1734;ecology;3;Planeta;Планета;assets/images/words/planeta.webp;assets/sounds/words/planeta.mp3;Планета;Planet;Moramo brinuti o svojoj planeti. Planeta se zagreva brže nego ikada. Ova planeta je dom milionima vrsta.;Мы должны заботиться о своей планете. Планета нагревается быстрее, чем когда-либо. Эта планета — дом для миллионов видов.;We must take care of our planet. The planet is warming faster than ever. This planet is home to millions of species.;;
1735;ecology;3;Plastika;Пластика;assets/images/words/plastika.webp;assets/sounds/words/plastika.mp3;Пластик;Plastic;Plastika ostaje u prirodi vekovima. Smanjili smo upotrebu plastike u kući. Plastika je jedan od glavnih zagađivača okeana.;Пластик остаётся в природе веками. Мы сократили использование пластика дома. Пластик — один из главных загрязнителей океана.;Plastic remains in nature for centuries. We reduced the use of plastic at home. Plastic is one of the main pollutants of the ocean.;;
1736;ecology;3;Plastičan;Пластичан;assets/images/words/plastican.webp;assets/sounds/words/plastican.mp3;Пластиковый;Plastic (adj.);Plastične kese zagađuju okean. Izbegavamo plastičnu ambalažu. Flaša je napravljena od plastičnog materijala.;Пластиковые пакеты загрязняют океан. Мы избегаем пластиковой упаковки. Бутылка сделана из пластикового материала.;Plastic bags pollute the ocean. We avoid plastic packaging. The bottle is made of plastic material.;;
1737;ecology;3;Poplava;Поплава;assets/images/words/poplava.webp;assets/sounds/words/poplava.mp3;Наводнение;Flood;Poplava je uništila mnoge kuće u selu. Nakon jake kiše, usledila je poplava. Vlasti su upozorile na moguću poplavu.;Наводнение разрушило много домов в деревне. После сильного дождя последовало наводнение. Власти предупредили о возможном наводнении.;The flood destroyed many houses in the village. After heavy rain, a flood followed. Authorities warned of a possible flood.;;
1738;ecology;3;Katastrofa;Катастрофа;assets/images/words/katastrofa.webp;assets/sounds/words/katastrofa.mp3;Катастрофа;Catastrophe, disaster;Poplava je bila prava ekološka katastrofa. Zemljotres je izazvao veliku katastrofu. Sprečavamo katastrofe boljim planiranjem.;Наводнение стало настоящей экологической катастрофой. Землетрясение вызвало крупную катастрофу. Мы предотвращаем катастрофы благодаря лучшему планированию.;The flood was a real ecological catastrophe. The earthquake caused a major disaster. We prevent disasters with better planning.;;
1739;ecology;3;Seča;Сеча;assets/images/words/seca.webp;assets/sounds/words/seca.mp3;Вырубка;Cutting, logging;Nelegalna seča šuma je veliki problem. Seča drveća utiče na klimu. Zabranjena je seča u zaštićenim šumama.;Незаконная вырубка лесов — большая проблема. Вырубка деревьев влияет на климат. Вырубка в заповедных лесах запрещена.;Illegal deforestation is a major problem. Tree cutting affects the climate. Logging is banned in protected forests.;;
1740;ecology;3;Sortirati;Сортирати;assets/images/words/sortirati.webp;assets/sounds/words/sortirati.mp3;Сортировать;To sort;Sortiramo otpad na papir, plastiku i staklo. Trebalo bi da sortiraš smeće pre bacanja. Sortirala je odeću po boji.;Мы сортируем отходы на бумагу, пластик и стекло. Тебе следует сортировать мусор перед выбрасыванием. Она отсортировала одежду по цвету.;We sort waste into paper, plastic, and glass. You should sort your trash before throwing it away. She sorted the clothes by color.;;
1741;ecology;3;Suša;Суша;assets/images/words/susa.webp;assets/sounds/words/susa.mp3;Засуха;Drought;Suša je uništila useve ove godine. Region pati od duge suše. Suša je uticala na snabdevanje vodom.;Засуха уничтожила урожай в этом году. Регион страдает от продолжительной засухи. Засуха повлияла на снабжение водой.;The drought destroyed the crops this year. The region suffers from a long drought. The drought affected the water supply.;;
1742;ecology;3;Ugljen-dioksid;Угљен-диоксид;assets/images/words/ugljen_dioksid.webp;assets/sounds/words/ugljen_dioksid.mp3;Углекислый газ;Carbon dioxide;Ugljen-dioksid doprinosi globalnom zagrevanju. Biljke apsorbuju ugljen-dioksid iz vazduha. Emisija ugljen-dioksida se mora smanjiti.;Углекислый газ способствует глобальному потеплению. Растения поглощают углекислый газ из воздуха. Выбросы углекислого газа необходимо снизить.;Carbon dioxide contributes to global warming. Plants absorb carbon dioxide from the air. Carbon dioxide emissions must be reduced.;;
1743;ecology;3;Ugrožen;Угрожен;assets/images/words/ugrozen.webp;assets/sounds/words/ugrozen.mp3;Находящийся под угрозой;Endangered;Ova vrsta je ugrožena izumiranjem. Ugroženim životinjama je potrebna zaštita. Šume su ugrožene sečom.;Этот вид находится под угрозой вымирания. Исчезающим животным нужна защита. Лесам угрожает вырубка.;This species is endangered. Endangered animals need protection. Forests are threatened by logging.;;
1744;ecology;3;Vetroelektrana;Ветроелектрана;assets/images/words/vetroelektrana.webp;assets/sounds/words/vetroelektrana.mp3;Ветроэлектростанция;Wind farm;Vetroelektrana proizvodi struju za ceo grad. Izgrađena je nova vetroelektrana na obali. Vetroelektrana ne zagađuje vazduh.;Ветряная электростанция вырабатывает электричество для всего города. На побережье построили новую ветряную электростанцию. Ветряная электростанция не загрязняет воздух.;The wind farm produces electricity for the whole city. A new wind farm was built on the coast. The wind farm doesn't pollute the air.;;
1745;ecology;3;Zagađen;Загађен;assets/images/words/zagadjen.webp;assets/sounds/words/zagadjen.mp3;Загрязнённый;Polluted;Vazduh u gradu je jako zagađen. Reka je zagađena industrijskim otpadom. Zagađeno zemljište je opasno za poljoprivredu.;Воздух в городе сильно загрязнён. Река загрязнена промышленными отходами. Загрязнённая почва опасна для сельского хозяйства.;The air in the city is very polluted. The river is polluted with industrial waste. Polluted soil is dangerous for agriculture.;;
1746;ecology;3;Zagađivati;Загађивати;assets/images/words/zagadjivati.webp;assets/sounds/words/zagadjivati.mp3;Загрязнять;To pollute;Fabrika zagađuje obližnju reku godinama. Automobili zagađuju vazduh u gradu. Ne smemo zagađivati vodu koju pijemo.;Фабрика годами загрязняет ближайшую реку. Автомобили загрязняют воздух в городе. Мы не должны загрязнять воду, которую пьём.;The factory has been polluting the nearby river for years. Cars pollute the air in the city. We must not pollute the water we drink.;;
1747;ecology;3;Štedeti;Штедети;assets/images/words/stedeti.webp;assets/sounds/words/stedeti.mp3;Экономить;To save;Štedimo vodu zatvarajući slavinu. Trebalo bi da štedimo energiju kod kuće. Štedela je novac za putovanje.;Мы экономим воду, закрывая кран. Нам следует экономить энергию дома. Она копила деньги на поездку.;We save water by turning off the tap. We should save energy at home. She was saving money for the trip.;;
1748;ecology;3;Štititi;Штитити;assets/images/words/stititi.webp;assets/sounds/words/stititi.mp3;Защищать;To protect;Moramo štititi ugrožene vrste. Zakon štiti prirodne resurse zemlje. Trudimo se da štitimo životnu sredinu.;Мы должны защищать вымирающие виды. Закон защищает природные ресурсы страны. Мы стараемся защищать окружающую среду.;We must protect endangered species. The law protects the country's natural resources. We try to protect the environment.;;
1749;ecology;3;Gorivo;Гориво;assets/images/words/gorivo.webp;assets/sounds/words/gorivo.mp3;Топливо;Fuel;Cena goriva je porasla ove godine. Auto troši mnogo goriva. Tražimo alternativna goriva.;Цена на топливо выросла в этом году. Машина расходует много топлива. Мы ищем альтернативное топливо.;The price of fuel has risen this year. The car uses a lot of fuel. We're looking for alternative fuels.;;
1750;ecology;3;Energija;Енергија;assets/images/words/energija.webp;assets/sounds/words/energija.mp3;Энергия;Energy;Solarna energija je čista i obnovljiva. Trošimo previše energije. Ova zemlja proizvodi energiju iz vetra.;Солнечная энергия чистая и возобновляемая. Мы тратим слишком много энергии. Эта страна производит энергию из ветра.;Solar energy is clean and renewable. We use too much energy. This country produces energy from wind.;;
571;general;3;Pridružiti;Придружити;assets/images/words/pridruziti.webp;assets/sounds/words/pridruziti.mp3;Присоединиться;To join;Pridružio sam se novom timu. Hoćeš li nam se pridružiti na večeri? Pridružila se kursu jezika.;Я присоединился к новой команде. Хочешь присоединиться к нам за ужином? Она записалась на языковые курсы.;I joined a new team. Will you join us for dinner? She joined a language course.;;
572;general;3;Rastati;Растати;assets/images/words/rastati.webp;assets/sounds/words/rastati.mp3;Расстаться;To part ways;Rastali smo se posle mnogo godina. Rastajemo se na sledećoj raskrsnici. Bilo je teško rastati se od prijatelja.;Мы расстались после многих лет. Мы расстанемся на следующем перекрёстке. Было тяжело расстаться с друзьями.;We parted ways after many years. We'll part at the next intersection. It was hard to part with friends.;;
573;general;3;Sviđati;Свиђати;assets/images/words/svidjati.webp;assets/sounds/words/svidjati.mp3;Нравиться;To like;Sviđa mi se ovaj film. Da li ti se sviđa novi posao? Njoj se sviđa muzika uživo.;Мне нравится этот фильм. Тебе нравится новая работа? Ей нравится живая музыка.;I like this movie. Do you like the new job? She likes live music.;;
574;general;3;Odmarati;Одмарати;assets/images/words/odmarati.webp;assets/sounds/words/odmarati.mp3;Отдыхать;To rest;Volim da se odmaram vikendom. Odmaraj se posle napornog dana. Trebalo bi da se malo odmoriš.;Я люблю отдыхать по выходным. Отдыхай после тяжёлого дня. Тебе стоит немного отдохнуть.;I like to rest on weekends. Rest after a hard day. You should rest a bit.;;
575;general;3;Ostajati;Остајати;assets/images/words/ostajati.webp;assets/sounds/words/ostajati.mp3;Оставаться;To stay / to remain;Ostajem kod kuće ovog vikenda. Uvek ostaje miran u stresnim situacijama. Ostajali smo budni do kasno u noć.;Я остаюсь дома в эти выходные. Он всегда остаётся спокойным в стрессовых ситуациях. Мы допоздна не ложились спать.;I'm staying home this weekend. He always stays calm in stressful situations. We stayed up late into the night.;;
576;general;3;Pripremati;Припремати;assets/images/words/pripremati.webp;assets/sounds/words/pripremati.mp3;Подготавливать;To prepare;Pripremam večeru za goste. Priprema se za ispit celu nedelju. Pripremali smo se za putovanje mesec dana.;Я готовлю ужин для гостей. Он готовится к экзамену уже неделю. Мы готовились к поездке целый месяц.;I'm preparing dinner for the guests. He has been preparing for the exam all week. We prepared for the trip for a month.;;
577;general;3;Setiti;Сетити;assets/images/words/setiti.webp;assets/sounds/words/setiti.mp3;Вспомнить;To remember;Setio sam se njenog imena. Setila se stare pesme kada je čula melodiju. Nisam se setio da ponesem kišobran.;Я вспомнил её имя. Она вспомнила старую песню, услышав мелодию. Я не вспомнил, что нужно взять зонт.;I remembered her name. She remembered an old song when she heard the melody. I didn't remember to bring an umbrella.;;
578;general;3;Smeti;Смети;assets/images/words/smeti.webp;assets/sounds/words/smeti.mp3;Сметь / иметь право;To dare / to be allowed;Ne smeš da kasniš na sastanak. Da li smem da uđem? Nismo smeli da pričamo glasno u biblioteci.;Тебе нельзя опаздывать на встречу. Можно мне войти? Нам нельзя было громко разговаривать в библиотеке.;You mustn't be late for the meeting. May I come in? We weren't allowed to talk loudly in the library.;;
579;general;3;Sviđati se;Свиђати се;assets/images/words/svidjati_se.webp;assets/sounds/words/svidjati_se.mp3;Нравиться;To like;Sviđa mi se tvoja nova frizura. Da li ti se sviđa ovaj film? Odmah mu se svidela ova ideja.;Мне нравится твоя новая причёска. Тебе нравится этот фильм? Ему сразу понравилась эта идея.;I like your new hairstyle. Do you like this movie? He liked this idea right away.;;
580;general;3;Trebati;Требати;assets/images/words/trebati.webp;assets/sounds/words/trebati.mp3;Нуждаться / быть нужным / следовать;To need to / should;Trebalo bi da popijemo vode. Treba mi tvoja pomoć. Trebalo je da pozoveš ranije.;Нам стоит выпить воды. Мне нужна твоя помощь. Тебе следовало позвонить раньше.;We should drink some water. I need your help. You should have called earlier.;;
581;general;3;Učiti;Учити;assets/images/words/uciti.webp;assets/sounds/words/uciti.mp3;Учить;To learn / to study;Učim srpski jezik već godinu dana. Uči za ispit celu noć. Učili smo zajedno za test.;Я учу сербский язык уже год. Он всю ночь готовится к экзамену. Мы вместе готовились к тесту.;I've been learning Serbian for a year. He studies all night before the exam. We studied together for the test.;;
582;general;3;Verovati;Веровати;assets/images/words/verovati.webp;assets/sounds/words/verovati.mp3;Верить;To believe;Verujem da će sve biti u redu. Ne veruje u sreću. Verovali smo mu bez sumnje.;Я верю, что всё будет хорошо. Он не верит в удачу. Мы верили ему без сомнений.;I believe everything will be fine. He doesn't believe in luck. We believed him without doubt.;;
583;general;3;Vraćati;Враћати;assets/images/words/vracati.webp;assets/sounds/words/vracati.mp3;Возвращать(ся);To return;Vraćam se kući u sedam. Vraćamo knjige u biblioteku. Ona se uvek vraća na vreme.;Я возвращаюсь домой в семь. Мы возвращаем книги в библиотеку. Она всегда возвращается вовремя.;I'm coming back home at seven. We're returning the books to the library. She always comes back on time.;;
1811;general;3;Lekar;Лекар;assets/images/words/lekar.webp;assets/sounds/words/lekar.mp3;Врач;Doctor;Moj otac je lekar. Lekar mi je preporučio odmor. Konačno je postala lekar.;Мой отец врач. Врач порекомендовал мне отдых. Наконец она стала врачом.;My father is a doctor. The doctor recommended I rest. She finally became a doctor.;;
1812;general;3;Zauzet;Заузет;assets/images/words/zauzet.webp;assets/sounds/words/zauzet.mp3;Занят;Busy;Danas sam zauzet poslom. Bila je zauzeta danas. Izvinite, trenutno sam zauzet.;Сегодня я занят работой. Она сегодня была занята. Извините, я сейчас занят.;Today I'm busy with work. She was busy today. Sorry, I'm currently busy.;;
1813;general;3;Advokat;Адвокат;assets/images/words/advokat.webp;assets/sounds/words/advokat.mp3;Адвокат;Lawyer;Moj brat je advokat. Angažovali smo advokata. Ona je uspešna advokatica.;Мой брат адвокат. Мы наняли адвоката. Она успешный адвокат.;My brother is a lawyer. We hired a lawyer. She is a successful lawyer.;;
1814;general;3;Novinar;Новинар;assets/images/words/novinar.webp;assets/sounds/words/novinar.mp3;Журналист;Journalist;On je poznati novinar. Novinar je postavio pitanje. Dugo radi kao novinar.;Он известный журналист. Журналист задал вопрос. Он давно работает журналистом.;He is a famous journalist. The journalist asked a question. He's worked as a journalist for a long time.;;
1815;general;3;Amerikanac;Американац;assets/images/words/amerikanac.webp;assets/sounds/words/amerikanac.mp3;Американец;American (man);Upoznala sam Amerikanca danas. On je Amerikanac iz Njujorka. Amerikanac me je pitao za put.;Я сегодня познакомилась с американцем. Он американец из Нью-Йорка. Американец спросил у меня дорогу.;I met an American today. He's an American from New York. The American asked me for directions.;;
1816;general;3;Englez;Енглез;assets/images/words/englez.webp;assets/sounds/words/englez.mp3;Англичанин;Englishman;Moj sused je Englez. Upoznala sam Engleza danas. Englez je govorio srpski.;Мой сосед англичанин. Я сегодня познакомилась с англичанином. Англичанин говорил по-сербски.;My neighbor is an Englishman. I met an Englishman today. The Englishman spoke Serbian.;;
1817;general;3;Francuz;Француз;assets/images/words/francuz.webp;assets/sounds/words/francuz.mp3;Француз;Frenchman;Njen muž je Francuz. Upoznala sam Francuza danas. Francuz je naručio vino.;Её муж француз. Я сегодня познакомилась с французом. Француз заказал вино.;Her husband is a Frenchman. I met a Frenchman today. The Frenchman ordered wine.;;
1818;general;3;Inženjer;Инжењер;assets/images/words/inzenjer.webp;assets/sounds/words/inzenjer.mp3;Инженер;Engineer;Moj otac je inženjer. Studirao je za inženjera. Inženjer je proverio most.;Мой отец инженер. Он учился на инженера. Инженер проверил мост.;My father is an engineer. He studied to be an engineer. The engineer checked the bridge.;;
1819;general;3;Italijan;Италијан;assets/images/words/italijan.webp;assets/sounds/words/italijan.mp3;Итальянец;Italian (man);Njen dečko je Italijan. Upoznala sam Italijana danas. Italijan je kuvao pastu.;Её парень итальянец. Я сегодня познакомилась с итальянцем. Итальянец готовил пасту.;Her boyfriend is Italian. I met an Italian today. The Italian cooked pasta.;;
1820;general;3;Japanac;Јапанац;assets/images/words/japanac.webp;assets/sounds/words/japanac.mp3;Японец;Japanese (man);Moj kolega je Japanac. Upoznala sam Japanca tamo. Japanac nas je naučio da jedemo štapićima.;Мой коллега японец. Я познакомилась там с японцем. Японец научил нас есть палочками.;My colleague is Japanese. I met a Japanese man there. The Japanese man taught us to eat with chopsticks.;;
1821;general;3;Kinez;Кинез;assets/images/words/kinez.webp;assets/sounds/words/kinez.mp3;Китаец;Chinese (man);Moj profesor je Kinez. Upoznala sam Kineza danas. Kinez je otvorio restoran.;Мой преподаватель китаец. Я сегодня познакомилась с китайцем. Китаец открыл ресторан.;My professor is Chinese. I met a Chinese man today. The Chinese man opened a restaurant.;;
1822;general;3;Kuvar;Кувар;assets/images/words/kuvar.webp;assets/sounds/words/kuvar.mp3;Повар;Cook / chef;Moj brat je kuvar. Kuvar je pripremio jelo. Postao je poznat kuvar.;Мой брат повар. Повар приготовил блюдо. Он стал известным поваром.;My brother is a cook. The cook prepared a dish. He became a famous cook.;;
1823;general;3;Mlad;Млад;assets/images/words/mlad.webp;assets/sounds/words/mlad.mp3;Молодой;Young;Ona je mlada i energična. Bio je mlad tada. Mladi ljudi drugačije misle.;Она молодая и энергичная. Тогда он был молод. Молодые люди думают иначе.;She is young and energetic. He was young then. Young people think differently.;;
1824;general;3;Muzičar;Музичар;assets/images/words/muzicar.webp;assets/sounds/words/muzicar.mp3;Музыкант;Musician;Moj brat je muzičar. Postao je poznat muzičar. Muzičar je svirao gitaru.;Мой брат музыкант. Он стал известным музыкантом. Музыкант играл на гитаре.;My brother is a musician. He became a famous musician. The musician played guitar.;;
1825;general;3;Nemac;Немац;assets/images/words/nemac.webp;assets/sounds/words/nemac.mp3;Немец;German (man);Njen kolega je Nemac. Upoznala sam Nemca danas. Nemac je govorio srpski.;Её коллега немец. Я сегодня познакомилась с немцем. Немец говорил по-сербски.;Her colleague is German. I met a German today. The German spoke Serbian.;;
1826;general;3;Pametan;Паметан;assets/images/words/pametan.webp;assets/sounds/words/pametan.mp3;Умный;Smart;Njen sin je pametan. Bio je pametan i brz. Pametna deca postavljaju pitanja.;Её сын умный. Он был умным и сообразительным. Умные дети задают вопросы.;Her son is smart. He was smart and quick. Smart children ask questions.;;
1827;general;3;Profesor;Професор;assets/images/words/profesor.webp;assets/sounds/words/profesor.mp3;Профессор;Professor;Moj profesor predaje matematiku. Profesor je pohvalio rad. Postao je profesor na fakultetu.;Мой профессор преподаёт математику. Профессор похвалил работу. Он стал профессором университета.;My professor teaches mathematics. The professor praised the work. He became a university professor.;;
1828;general;3;Programer;Програмер;assets/images/words/programer.webp;assets/sounds/words/programer.mp3;Программист;Programmer;Moj brat je programer. Programer je popravio grešku. Posle fakulteta je postao programer.;Мой брат программист. Программист исправил ошибку. После университета он стал программистом.;My brother is a programmer. The programmer fixed a bug. He became a programmer after university.;;
1829;general;3;Rus;Рус;assets/images/words/rus.webp;assets/sounds/words/rus.mp3;Русский;Russian (man);Moj sused je Rus. Upoznala sam Rusa tamo. Rus je pričao o domovini.;Мой сосед русский. Я познакомилась там с русским. Русский рассказывал о родине.;My neighbor is Russian. I met a Russian there. The Russian talked about his homeland.;;
1830;general;3;Sportista;Спортиста;assets/images/words/sportista.webp;assets/sounds/words/sportista.mp3;Спортсмен;Athlete;On je profesionalni sportista. Sportista se trudi da ostane u formi. Postala je poznata sportistkinja.;Он профессиональный спортсмен. Спортсмен старается оставаться в форме. Она стала известной спортсменкой.;He is a professional athlete. The athlete tries to stay fit. She became a famous athlete.;;
1831;general;3;Srbin;Србин;assets/images/words/srbin.webp;assets/sounds/words/srbin.mp3;Серб;Serb (man);Moj deda je Srbin. Ponosan je što je Srbin. Srbin je objasnio istoriju.;Мой дедушка серб. Он гордится тем, что он серб. Серб объяснил историю.;My grandpa is a Serb. He's proud to be a Serb. The Serb explained the history.;;
1832;general;3;Star;Стар;assets/images/words/star.webp;assets/sounds/words/star.mp3;Старый;Old;Moj deda je star, ali aktivan. Kuća je stara sto godina. Star čovek je sedeo na klupi.;Мой дед старый, но активный. Дому сто лет. Старик сидел на скамейке.;My grandpa is old but active. The house is a hundred years old. An old man was sitting on the bench.;;
1833;general;3;Student;Студент;assets/images/words/student.webp;assets/sounds/words/student.mp3;Студент;Student (male);On je student prve godine. Student je predao domaći. Postao je odličan student.;Он студент первого курса. Студент сдал домашнее задание. Он стал отличным студентом.;He's a first-year student. The student turned in homework. He became an excellent student.;;
1834;general;3;Studentkinja;Студенткиња;assets/images/words/studentkinja.webp;assets/sounds/words/studentkinja.mp3;Студентка;Student (female);Ona je studentkinja medicine. Studentkinja je položila ispite. Postala je najbolja studentkinja.;Она студентка медицинского факультета. Студентка сдала экзамены. Она стала лучшей студенткой.;She is a medical student. The student passed her exams. She became the best student.;;
1835;general;3;Turista;Туриста;assets/images/words/turista.webp;assets/sounds/words/turista.mp3;Турист;Tourist;Turista me je pitao za put. Grad je pun turista. Bio je turista u sopstvenom gradu.;Турист спросил у меня дорогу. Город полон туристов. Он был туристом в собственном городе.;The tourist asked me for directions. The city is full of tourists. He was a tourist in his own city.;;
1836;general;3;Umetnik;Уметник;assets/images/words/umetnik.webp;assets/sounds/words/umetnik.mp3;Художник;Artist;On je poznat umetnik. Umetnik je izložio dela. Konačno je postala umetnica.;Он известный художник. Художник выставил работы. Наконец она стала художницей.;He's a famous artist. The artist exhibited works. She finally became an artist.;;
1837;general;3;Učitelj;Учитељ;assets/images/words/ucitelj.webp;assets/sounds/words/ucitelj.mp3;Учитель;Teacher;Moj otac je učitelj. Učitelj je pohvalio razred. Posle fakulteta je postao učitelj.;Мой отец учитель. Учитель похвалил класс. После университета он стал учителем.;My father is a teacher. The teacher praised the class. He became a teacher after university.;;
875;health;3;Srce;Срце;assets/images/words/srce.webp;assets/sounds/words/srce.mp3;Сердце;Heart;Srce mi kuca brzo. Ima problem sa srcem. Doktor je proverio srce.;Моё сердце быстро бьётся. У него проблема с сердцем. Врач проверил сердце.;My heart is beating fast. He has a heart problem. The doctor checked his heart.;;
876;health;3;Stomak;Стомак;assets/images/words/stomak.webp;assets/sounds/words/stomak.mp3;Живот;Stomach;Boli me stomak. Stomak mi je nadut. Jeo je previše, boli ga stomak.;У меня болит живот. Живот у меня вздут. Он переел, у него болит живот.;My stomach hurts. My stomach is bloated. He overate, his stomach hurts.;;
877;health;3;Temperatura;Температура;assets/images/words/temperatura.webp;assets/sounds/words/temperatura.mp3;Температура;Fever / temperature;Imam visoku temperaturu. Izmerio sam temperaturu. Temperatura mu je pala.;У меня высокая температура. Я измерил температуру. У него спала температура.;I have a high fever. I measured the temperature. His fever went down.;;
878;health;3;Usta;Уста;assets/images/words/usta.webp;assets/sounds/words/usta.mp3;Рот;Mouth;Otvori usta, molim. Usta su mu suva. Ispira usta posle jela.;Открой рот, пожалуйста. У него сухо во рту. Он полощет рот после еды.;Open your mouth, please. His mouth is dry. He rinses his mouth after eating.;;
879;health;3;Uvo;Уво;assets/images/words/uvo.webp;assets/sounds/words/uvo.mp3;Ухо;Ear;Uvo mi je začepljeno. Doktor je pregledao uvo. Uvo me boli od infekcije.;Ухо у меня заложено. Врач осмотрел ухо. Ухо болит из-за инфекции.;My ear is blocked. The doctor examined the ear. My ear hurts from an infection.;;
880;health;3;Uzimati;Узимати;assets/images/words/uzimati.webp;assets/sounds/words/uzimati.mp3;Принимать;To take (medicine);Uzimam lekove svako jutro. Uzimaj vitamine redovno. Uzeo je tabletu za glavobolju.;Я принимаю лекарства каждое утро. Принимай витамины регулярно. Он принял таблетку от головной боли.;I take medicine every morning. Take vitamins regularly. He took a pill for his headache.;;
881;health;3;Zdrav;Здрав;assets/images/words/zdrav.webp;assets/sounds/words/zdrav.mp3;Здоровый;Healthy;Osećam se zdravo i snažno. Jedem zdravu hranu. Deca su zdrava i srećna.;Я чувствую себя здоровым и сильным. Я ем здоровую пищу. Дети здоровы и счастливы.;I feel healthy and strong. I eat healthy food. The children are healthy and happy.;;
882;health;3;Zub;Зуб;assets/images/words/zub.webp;assets/sounds/words/zub.mp3;Зуб;Tooth;Boli me zub već dva dana. Izvadio sam zub kod zubara. Zub mi je slomljen.;Зуб болит уже два дня. Я удалил зуб у стоматолога. У меня сломан зуб.;My tooth has hurt for two days. I had a tooth pulled at the dentist. My tooth is broken.;;
883;health;3;Preosetljivost;Преосетљивост;assets/images/words/preosetljivost.webp;assets/sounds/words/preosetljivost.mp3;Чувствительность;Hypersensitivity;Ima preosetljivost na penicilin. Preosetljivost se testira u bolnici. Preosetljivost na sunce je čest problem.;У него повышенная чувствительность к пенициллину. Повышенную чувствительность проверяют в больнице. Повышенная чувствительность к солнцу — частая проблема.;He has a hypersensitivity to penicillin. Hypersensitivity is tested at the hospital. Sun hypersensitivity is a common issue.;;
884;health;3;Iščašenje;Ишчашење;assets/images/words/iscasenje.webp;assets/sounds/words/iscasenje.mp3;Вывих;Dislocation;Doktor je dijagnostikovao iščašenje. Iščašenje ramena je bolno. Iščašenje zahteva imobilizaciju.;Врач диагностировал вывих. Вывих плеча болезненный. Вывих требует иммобилизации.;The doctor diagnosed a dislocation. A shoulder dislocation is painful. A dislocation requires immobilization.;;
885;health;3;Nuspojava;Нуспојава;assets/images/words/nuspojava.webp;assets/sounds/words/nuspojava.mp3;Побочный эффект;Side effect;Lek ima nuspojave. Nuspojava je bila umor. Prijavite svaku nuspojavu lekaru.;У лекарства есть побочные эффекты. Побочным эффектом была усталость. Сообщайте врачу о любом побочном эффекте.;The medicine has side effects. The side effect was fatigue. Report any side effect to your doctor.;;
886;health;3;Hroničan;Хроничан;assets/images/words/hronican.webp;assets/sounds/words/hronican.mp3;Хронический;Chronic;Ima hroničnu bolest. Hroničan bol zahteva stalno lečenje. Pati od hroničnog umora.;У него хроническая болезнь. Хроническая боль требует постоянного лечения. Он страдает от хронической усталости.;He has a chronic illness. Chronic pain requires ongoing treatment. He suffers from chronic fatigue.;;
887;health;3;Vantelesni;Вантелесни;assets/images/words/vantelesni.webp;assets/sounds/words/vantelesni.mp3;Экстракорпоральный;In vitro (adj.);Prošla je kroz postupak vantelesne oplodnje. Vantelesna oplodnja je skup postupak. Lekari su preporučili vantelesnu oplodnju.;Она прошла через процедуру экстракорпорального оплодотворения. ЭКО — дорогая процедура. Врачи порекомендовали ЭКО.;She went through in vitro fertilization. In vitro fertilization is an expensive procedure. Doctors recommended in vitro fertilization.;;
888;health;3;Trudnoća;Трудноћа;assets/images/words/trudnoca.webp;assets/sounds/words/trudnoca.mp3;Беременность;Pregnancy;Trudnoća traje devet meseci. Prijavila je trudnoću lekaru. Trudnoća je protekla bez komplikacija.;Беременность длится девять месяцев. Она сообщила врачу о беременности. Беременность прошла без осложнений.;Pregnancy lasts nine months. She informed the doctor about the pregnancy. The pregnancy went without complications.;;
889;health;3;Ginekolog;Гинеколог;assets/images/words/ginekolog.webp;assets/sounds/words/ginekolog.mp3;Гинеколог;Gynecologist;Otišla je kod ginekologa na kontrolu. Ginekolog je pregledao pacijentkinju. Zakazala je pregled kod ginekologa.;Она пошла к гинекологу на осмотр. Гинеколог осмотрел пациентку. Она записалась на приём к гинекологу.;She went to the gynecologist for a check-up. The gynecologist examined the patient. She scheduled an appointment with the gynecologist.;;
890;health;3;Pedijatar;Педијатар;assets/images/words/pedijatar.webp;assets/sounds/words/pedijatar.mp3;Педиатр;Pediatrician;Pedijatar je pregledao bebu. Odveli smo dete kod pedijatra. Pedijatar je preporučio vakcinu.;Педиатр осмотрел малыша. Мы отвели ребёнка к педиатру. Педиатр порекомендовал вакцину.;The pediatrician examined the baby. We took the child to the pediatrician. The pediatrician recommended a vaccine.;;
891;health;3;Fizioterapija;Физиотерапија;assets/images/words/fizioterapija.webp;assets/sounds/words/fizioterapija.mp3;Физиотерапия;Physiotherapy;Idem na fizioterapiju posle povrede. Fizioterapija pomaže oporavku. Fizioterapija traje šest nedelja.;Я хожу на физиотерапию после травмы. Физиотерапия помогает восстановлению. Физиотерапия длится шесть недель.;I go to physiotherapy after the injury. Physiotherapy helps recovery. Physiotherapy lasts six weeks.;;
892;health;3;Hitan;Хитан;assets/images/words/hitan.webp;assets/sounds/words/hitan.mp3;Срочный;Urgent;Ovo je hitan slučaj. Pozvao sam hitnu pomoć. Potreban mi je hitan sastanak sa lekarom.;Это срочный случай. Я вызвал скорую помощь. Мне нужна срочная встреча с врачом.;This is an urgent case. I called an ambulance. I need an urgent appointment with the doctor.;;
893;health;3;Simptomi;Симптоми;assets/images/words/simptomi.webp;assets/sounds/words/simptomi.mp3;Симптомы;Symptoms;Simptomi su počeli juče. Opisao sam simptome doktoru. Simptomi su nestali posle leka.;Симптомы начались вчера. Я описал симптомы врачу. Симптомы прошли после лекарства.;The symptoms started yesterday. I described the symptoms to the doctor. The symptoms disappeared after the medicine.;;
894;health;3;Terapija;Терапија;assets/images/words/terapija.webp;assets/sounds/words/terapija.mp3;Терапия;Therapy;Prošao je terapiju za bol u leđima. Terapija traje mesec dana. Terapija je pomogla mom oporavku.;Он прошёл терапию от боли в спине. Терапия длится месяц. Терапия помогла моему выздоровлению.;He underwent therapy for back pain. The therapy lasts a month. The therapy helped my recovery.;;
895;health;3;Grudi;Груди;assets/images/words/grudi.webp;assets/sounds/words/grudi.mp3;Грудь;Chest;Oseća bol u grudima. Duboko udahni i napuni grudi vazduhom. Doktor je pregledao njegove grudi.;Он чувствует боль в груди. Сделай глубокий вдох и наполни грудь воздухом. Врач осмотрел его грудь.;He feels pain in his chest. Take a deep breath and fill your chest with air. The doctor examined his chest.;;
896;health;3;Vrtoglavica;Вртоглавица;assets/images/words/vrtoglavica.webp;assets/sounds/words/vrtoglavica.mp3;Головокружение;Dizziness;Osećam vrtoglavicu kad ustanem. Vrtoglavica je nestala posle odmora. Vrtoglavica može biti znak niskog pritiska.;Я чувствую головокружение, когда встаю. Головокружение прошло после отдыха. Головокружение может быть признаком низкого давления.;I feel dizzy when I stand up. The dizziness went away after resting. Dizziness can be a sign of low blood pressure.;;
897;health;3;Mučnina;Мучнина;assets/images/words/mucnina.webp;assets/sounds/words/mucnina.mp3;Тошнота;Nausea;Imam mučninu ceo dan. Mučnina je nastupila posle jela. Lek je izazvao mučninu.;У меня тошнота весь день. Тошнота началась после еды. Лекарство вызвало тошноту.;I've had nausea all day. The nausea started after eating. The medicine caused nausea.;;
898;health;3;Povraćanje;Повраћање;assets/images/words/povracanje.webp;assets/sounds/words/povracanje.mp3;Рвота;Vomiting;Dete je imalo povraćanje sinoć. Povraćanje je znak trovanja. Povraćanje je prestalo posle leka.;У ребёнка вчера вечером была рвота. Рвота — признак отравления. Рвота прекратилась после лекарства.;The child was vomiting last night. Vomiting is a sign of poisoning. The vomiting stopped after the medicine.;;
899;health;3;Proliv;Пролив;assets/images/words/proliv.webp;assets/sounds/words/proliv.mp3;Понос;Diarrhea;Imam proliv od jutros. Proliv je uobičajen kod trovanja hranom. Uzimam lek protiv proliva.;У меня понос с утра. Понос часто бывает при пищевом отравлении. Я принимаю лекарство от поноса.;I've had diarrhea since morning. Diarrhea is common with food poisoning. I'm taking medicine for diarrhea.;;
900;health;3;Zatvor;Затвор;assets/images/words/zatvor.webp;assets/sounds/words/zatvor.mp3;Запор;"Constipation; prison";Beba pati od zatvora. Popio je čaj protiv zatvora. On je proveo pet godina u zatvoru.;У малыша запор. Он выпил чай от запора. Он провёл пять лет в тюрьме.;The baby suffers from constipation. He drank tea for constipation. He spent five years in prison.;;
901;health;3;Nesanica;Несаница;assets/images/words/nesanica.webp;assets/sounds/words/nesanica.mp3;Бессонница;Insomnia;Pati od nesanice već mesec. Nesanica utiče na koncentraciju. Doktor je predložio terapiju za nesanicu.;Он страдает от бессонницы уже месяц. Бессонница влияет на концентрацию. Врач предложил терапию от бессонницы.;He's suffered from insomnia for a month. Insomnia affects concentration. The doctor suggested therapy for insomnia.;;
902;health;3;Iscrpljenost;Исцрпљеност;assets/images/words/iscrpljenost.webp;assets/sounds/words/iscrpljenost.mp3;Истощение;Exhaustion;Osećam potpunu iscrpljenost. Iscrpljenost je posledica stresa. Odmor pomaže kod iscrpljenosti.;Я чувствую полное истощение. Истощение — следствие стресса. Отдых помогает при истощении.;I feel completely exhausted. Exhaustion is a result of stress. Rest helps with exhaustion.;;
903;health;3;Otok;Оток;assets/images/words/otok.webp;assets/sounds/words/otok.mp3;Отёк;Swelling;Otok na nozi se smanjuje. Otok je posledica povrede. Stavi led na otok.;Отёк на ноге уменьшается. Отёк — следствие травмы. Приложи лёд к отёку.;The swelling on the leg is decreasing. The swelling is a result of the injury. Put ice on the swelling.;;
904;health;3;Modrica;Модрица;assets/images/words/modrica.webp;assets/sounds/words/modrica.mp3;Синяк;Bruise;Imam modricu na nozi. Modrica je nastala od udarca. Modrica će nestati za nedelju dana.;У меня синяк на ноге. Синяк появился от удара. Синяк пройдёт через неделю.;I have a bruise on my leg. The bruise came from a hit. The bruise will disappear in a week.;;
905;health;3;Sirup;Сируп;assets/images/words/sirup.webp;assets/sounds/words/sirup.mp3;Сироп;Syrup (medicine);Uzimam sirup za kašalj. Sirup je sladak. Dajte detetu sirup pre spavanja.;Я принимаю сироп от кашля. Сироп сладкий. Дайте ребёнку сироп перед сном.;I'm taking cough syrup. The syrup is sweet. Give the child syrup before bed.;;
906;health;3;Mast;Маст;assets/images/words/mast.webp;assets/sounds/words/mast.mp3;Мазь;Ointment;Stavi mast na ranu. Mast smanjuje bol. Kupio sam mast u apoteci.;Нанеси мазь на рану. Мазь уменьшает боль. Я купил мазь в аптеке.;Put ointment on the wound. The ointment reduces pain. I bought the ointment at the pharmacy.;;
907;health;3;Karton;Картон;assets/images/words/karton.webp;assets/sounds/words/karton.mp3;Медкарта / картон;Card, cardboard;Doktor je otvorio moj zdravstveni karton. Pokaži zdravstveni karton na šalteru. Kutija je napravljena od kartona.;Врач открыл мою медицинскую карту. Покажи медицинскую карту у окошка. Коробка сделана из картона.;The doctor opened my medical card. Show your medical card at the counter. The box is made of cardboard.;;
332;home;3;Popravljam;Поправљам;assets/images/words/popravljam.webp;assets/sounds/words/popravljam.mp3;Ремонтирую;I repair;Popravljam slavinu u kupatilu. Popravljam nameštaj sam. Popravljam auto svakog vikenda.;Я чиню кран в ванной. Я сам ремонтирую мебель. Я ремонтирую машину каждые выходные.;I'm fixing the faucet in the bathroom. I repair furniture myself. I fix the car every weekend.;;
333;home;3;Zaključavam;Закључавам;assets/images/words/zakljucavam.webp;assets/sounds/words/zakljucavam.mp3;Запираю;I lock;Zaključavam vrata kad izlazim. Uvek zaključavam kola. Zaboravio sam da zaključam kuću.;Я запираю дверь, когда выхожу. Я всегда запираю машину. Я забыл запереть дом.;I lock the door when I leave. I always lock the car. I forgot to lock the house.;;
334;home;3;Otključavam;Откључавам;assets/images/words/otkljucavam.webp;assets/sounds/words/otkljucavam.mp3;Отпираю;I unlock;Otključavam vrata svakog jutra. Otključavam kola daljinskim. Ne mogu da otključam bravu.;Каждое утро я отпираю дверь. Я открываю машину пультом. Я не могу открыть замок.;I unlock the door every morning. I unlock the car with a remote. I can't unlock the lock.;;
335;home;3;Sijalica;Сијалица;assets/images/words/sijalica.webp;assets/sounds/words/sijalica.mp3;Лампочка;Light bulb;Sijalica je pregorela. Zamenio sam sijalicu. Kupio sam nove sijalice.;Лампочка перегорела. Я поменял лампочку. Я купил новые лампочки.;The light bulb burned out. I replaced the light bulb. I bought new light bulbs.;;
336;home;3;Utikač;Утикач;assets/images/words/utikac.webp;assets/sounds/words/utikac.mp3;Штепсель;Plug;Utikač je oštećen. Ubaci utikač u utičnicu. Utikač ne pristaje.;Вилка повреждена. Вставь вилку в розетку. Вилка не подходит.;The plug is damaged. Insert the plug into the socket. The plug doesn't fit.;;
337;home;3;Utičnica;Утичница;assets/images/words/uticnica.webp;assets/sounds/words/uticnica.mp3;Розетка;Socket / outlet;Utičnica ne radi. Ima li slobodna utičnica? Popravili smo utičnicu.;Розетка не работает. Есть свободная розетка? Мы починили розетку.;The outlet isn't working. Is there a free outlet? We fixed the outlet.;;
338;home;3;Saksija;Саксија;assets/images/words/saksija.webp;assets/sounds/words/saksija.mp3;Горшок;Flower pot;Stavila je cveće u novu saksiju. Saksija je pala sa balkona. Kupio sam nekoliko saksija za baštu.;Она посадила цветок в новый горшок. Горшок упал с балкона. Я купил несколько горшков для сада.;She put the flower in a new pot. The flower pot fell from the balcony. I bought several pots for the garden.;;
339;home;3;Ljubimac;Љубимац;assets/images/words/ljubimac.webp;assets/sounds/words/ljubimac.mp3;Питомец;Pet;Imam kućnog ljubimca, mačku. Ovo je moj omiljeni ljubimac. Ljubimci donose mnogo radosti u kuću.;У меня есть домашний питомец, кошка. Это мой любимый питомец. Питомцы приносят много радости в дом.;I have a pet cat. This is my favorite pet. Pets bring a lot of joy into the home.;;
340;home;3;Hranim;Храним;assets/images/words/hranim.webp;assets/sounds/words/hranim.mp3;Кормлю;I feed;Hranim mačku ujutru. Hranim ribice svaki dan. Hranim dete kašikom.;Я кормлю кошку утром. Я кормлю рыбок каждый день. Я кормлю ребёнка ложкой.;I feed the cat in the morning. I feed the fish every day. I feed the baby with a spoon.;;
341;home;3;Urediti;Уредити;assets/images/words/urediti.webp;assets/sounds/words/urediti.mp3;Привести в порядок / обустроить;To tidy up, organize;Treba da uredim svoju sobu. Uredili smo dvorište za proleće. Ona uvek uredi kuću pre gostiju.;Мне нужно прибраться в комнате. Мы привели двор в порядок к весне. Она всегда убирает дом перед гостями.;I need to tidy up my room. We organized the yard for spring. She always tidies up the house before guests.;;
342;home;3;Perilica;Перилица;assets/images/words/perilica.webp;assets/sounds/words/perilica.mp3;Посудомойка / стиральная машина;Dishwasher / washing machine;Perilica sudova je nova. Stavi tanjire u perilicu. Perilica za veš pravi buku.;Посудомоечная машина новая. Поставь тарелки в посудомойку. Стиральная машина шумит.;The dishwasher is new. Put the plates in the dishwasher. The washing machine is making noise.;;
343;home;3;Mikrotalasna;Микроталасна;assets/images/words/mikrotalasna.webp;assets/sounds/words/mikrotalasna.mp3;Микроволновка;Microwave;Zagrej hranu u mikrotalasnoj. Mikrotalasna ne radi. Kupili smo novu mikrotalasnu.;Разогрей еду в микроволновке. Микроволновка не работает. Мы купили новую микроволновку.;Heat the food in the microwave. The microwave isn't working. We bought a new microwave.;;
344;home;3;Toster;Тостер;assets/images/words/toster.webp;assets/sounds/words/toster.mp3;Тостер;Toaster;Toster je pokvaren. Napravio sam tost u tosteru. Kupio sam novi toster.;Тостер сломан. Я поджарил тост в тостере. Я купил новый тостер.;The toaster is broken. I made toast in the toaster. I bought a new toaster.;;
345;home;3;Alat;Алат;assets/images/words/alat.webp;assets/sounds/words/alat.mp3;Инструмент;Tool(s);Treba mi alat da popravim policu. Otac ima veliku kutiju sa alatom. Kupio sam nov alat za baštu.;Мне нужен инструмент, чтобы починить полку. У отца есть большой ящик с инструментами. Я купил новый садовый инструмент.;I need a tool to fix the shelf. My father has a big box of tools. I bought a new garden tool.;;
346;home;3;Crevo;Црево;assets/images/words/crevo.webp;assets/sounds/words/crevo.mp3;Шланг;Hose;Zalivam baštu crevom. Crevo za vodu je puklo. Kupili smo novo crevo za mašinu za veš.;Я поливаю сад из шланга. Водяной шланг лопнул. Мы купили новый шланг для стиральной машины.;I water the garden with a hose. The water hose burst. We bought a new hose for the washing machine.;;
347;home;3;Bučan;Бучан;assets/images/words/bucan.webp;assets/sounds/words/bucan.mp3;Шумный;Noisy;Ovaj kraj je bučan noću. Susedi su bučni. Bučan aparat me nervira.;Этот район шумный ночью. Соседи шумные. Шумный прибор меня раздражает.;This neighborhood is noisy at night. The neighbors are noisy. The noisy appliance annoys me.;;
348;home;3;Garsonjera;Гарсоњера;assets/images/words/garsonjera.webp;assets/sounds/words/garsonjera.mp3;Студия;Studio apartment;Živim u garsonjeri. Garsonjera je mala ali dovoljna. Iznajmio sam garsonjeru u centru.;Я живу в студии. Студия маленькая, но достаточная. Я снял студию в центре.;I live in a studio apartment. The studio is small but sufficient. I rented a studio apartment downtown.;;
349;home;3;Grejanje;Грејање;assets/images/words/grejanje.webp;assets/sounds/words/grejanje.mp3;Отопление;Heating;Grejanje je uključeno zimi. Grejanje je skupo ove godine. Popravili smo sistem grejanja.;Зимой отопление включено. Отопление в этом году дорогое. Мы починили систему отопления.;The heating is on in winter. Heating is expensive this year. We fixed the heating system.;;
350;home;3;Hipoteka;Хипотека;assets/images/words/hipoteka.webp;assets/sounds/words/hipoteka.mp3;Ипотека;Mortgage;Uzeli smo hipoteku za stan. Hipoteka traje dvadeset godina. Plaćamo hipoteku svakog meseca.;Мы взяли ипотеку на квартиру. Ипотека на двадцать лет. Мы платим ипотеку каждый месяц.;We took out a mortgage for the apartment. The mortgage lasts twenty years. We pay the mortgage every month.;;
351;home;3;Iseliti;Иселити;assets/images/words/iseliti.webp;assets/sounds/words/iseliti.mp3;Съехать;To move out;Iselili smo se iz starog stana. Moraću da se iselim do kraja meseca. Susedi su se iselili prošle nedelje.;Мы съехали из старой квартиры. Мне придётся съехать до конца месяца. Соседи съехали на прошлой неделе.;We moved out of the old apartment. I'll have to move out by the end of the month. The neighbors moved out last week.;;
352;home;3;Iznajmiti;Изнајмити;assets/images/words/iznajmiti.webp;assets/sounds/words/iznajmiti.mp3;Снять / сдать (в аренду);To rent (out);Iznajmio sam stan u centru. Odlučili smo da iznajmimo kuću. Iznajmiću garažu.;Я снял квартиру в центре. Мы решили снять дом. Я арендую гараж.;I rented an apartment downtown. We decided to rent a house. I'll rent a garage.;;
353;home;3;Iznajmljen;Изнајмљен;assets/images/words/iznajmljen.webp;assets/sounds/words/iznajmljen.mp3;Сданный / арендованный;Rented;Stan je već iznajmljen. Ovaj prostor je iznajmljen drugoj firmi. Kuća je iznajmljena na godinu dana.;Квартира уже сдана. Это помещение сдано другой компании. Дом сдан на год.;The apartment is already rented. This space is rented to another company. The house is rented for a year.;;
354;home;3;Kirija;Кирија;assets/images/words/kirija.webp;assets/sounds/words/kirija.mp3;Аренда;Rent;Kirija se plaća do petog u mesecu. Kirija je povećana. Ne mogu da priuštim ovu kiriju.;Арендная плата вносится до пятого числа. Арендная плата повышена. Я не могу позволить себе такую арендную плату.;The rent is due by the fifth of the month. The rent has increased. I can't afford this rent.;;
355;home;3;Uređaj;Уређај;assets/images/words/uredjaj.webp;assets/sounds/words/uredjaj.mp3;Устройство;Device;Ovaj uređaj troši malo struje. Kupio sam novi kuhinjski uređaj. Uređaj se pokvario posle godinu dana.;Это устройство потребляет мало электроэнергии. Я купил новый кухонный прибор. Устройство сломалось через год.;This device uses little electricity. I bought a new kitchen appliance. The device broke down after a year.;;
356;home;3;Kvadratura;Квадратура;assets/images/words/kvadratura.webp;assets/sounds/words/kvadratura.mp3;Площадь;Square footage;Kvadratura stana je šezdeset kvadrata. Kvadratura je premala za porodicu. Proverite kvadraturu pre kupovine.;Площадь квартиры шестьдесят квадратных метров. Площадь слишком мала для семьи. Проверьте площадь перед покупкой.;The apartment's square footage is sixty square meters. The square footage is too small for a family. Check the square footage before buying.;;
357;home;3;Mračan;Мрачан;assets/images/words/mracan.webp;assets/sounds/words/mracan.mp3;Тёмный;Dark;Soba je mračna bez svetla. Podrum je mračan i vlažan. Ovaj hodnik je previše mračan.;Комната тёмная без света. Подвал тёмный и сырой. Этот коридор слишком тёмный.;The room is dark without light. The basement is dark and damp. This hallway is too dark.;;
2264;media;3;Aktuelan;Актуелан;assets/images/words/aktuelan.webp;assets/sounds/words/aktuelan.mp3;Актуальный;Current / topical;Ovo je aktuelna tema u javnosti. Njegov govor je bio aktuelan i relevantan. Pratim aktuelne događaje svakog dana.;Это актуальная тема в обществе. Его речь была актуальной и уместной. Я слежу за актуальными событиями каждый день.;This is a current topic in public discourse. His speech was topical and relevant. I follow current events every day.;;
2265;media;3;Anoniman;Анониман;assets/images/words/anoniman.webp;assets/sounds/words/anoniman.mp3;Анонимный;Anonymous;Poslao je anonimno pismo redakciji. Izvor je ostao anoniman. Anonimni donator je poklonio veliku sumu novca.;Он отправил анонимное письмо в редакцию. Источник остался анонимным. Анонимный донор пожертвовал крупную сумму денег.;He sent an anonymous letter to the editorial office. The source remained anonymous. An anonymous donor gave a large sum of money.;;
2266;media;3;Cenzura;Цензура;assets/images/words/cenzura.webp;assets/sounds/words/cenzura.mp3;Цензура;Censorship;Cenzura medija je ozbiljan problem. Novinari se bore protiv cenzure. Vlada je uvela cenzuru na internetu.;Цензура СМИ — серьёзная проблема. Журналисты борются против цензуры. Правительство ввело цензуру в интернете.;Media censorship is a serious problem. Journalists fight against censorship. The government introduced censorship on the internet.;;
2267;media;3;Demantovati;Демантовати;assets/images/words/demantovati.webp;assets/sounds/words/demantovati.mp3;Опровергнуть;To deny / refute;Kompanija je demantovala glasine o bankrotu. Zvaničnici su demantovali izveštaj. Odlučila je da demantuje optužbe javno.;Компания опровергла слухи о банкротстве. Чиновники опровергли отчёт. Она решила публично опровергнуть обвинения.;The company denied the rumors of bankruptcy. Officials denied the report. She decided to publicly deny the accusations.;;
2268;media;3;Emisija;Емисија;assets/images/words/emisija.webp;assets/sounds/words/emisija.mp3;Передача;Broadcast / show;Gledam ovu emisiju svake nedelje. Emisija je bila posvećena zdravlju. Nova emisija počinje sledeće nedelje.;Я смотрю эту передачу каждую неделю. Передача была посвящена здоровью. Новая передача начинается на следующей неделе.;I watch this show every week. The broadcast was dedicated to health. A new show starts next week.;;
2269;media;3;Glasina;Гласина;assets/images/words/glasina.webp;assets/sounds/words/glasina.mp3;Слух;Rumor;Ta glasina se brzo proširila gradom. Nemoj verovati svakoj glasini koju čuješ. Glasina o njegovoj ostavci se pokazala tačnom.;Этот слух быстро распространился по городу. Не верь каждому слуху, который слышишь. Слух о его отставке оказался верным.;That rumor spread quickly through the city. Don't believe every rumor you hear. The rumor about his resignation turned out to be true.;;
2270;media;3;Gubiti;Губити;assets/images/words/gubiti.webp;assets/sounds/words/gubiti.mp3;Терять;To lose;Gubi strpljenje kad ga neko prekida. Kompanija gubi novac svaki mesec. Ne volim da gubim vreme na sitnice.;Он теряет терпение, когда его прерывают. Компания теряет деньги каждый месяц. Я не люблю тратить время на пустяки.;He loses patience when someone interrupts him. The company loses money every month. I don't like wasting time on trivial things.;;
2271;media;3;Javno;Јавно;assets/images/words/javno.webp;assets/sounds/words/javno.mp3;Публично;Publicly;Rekao je to javno pred novinarima. Kompanija se javno izvinila zbog greške. Javno je podržala novu politiku.;Он сказал это публично перед журналистами. Компания публично извинилась за ошибку. Она публично поддержала новую политику.;He said that publicly in front of journalists. The company publicly apologized for the mistake. She publicly supported the new policy.;;
2272;media;3;Konferencija;Конференција;assets/images/words/konferencija.webp;assets/sounds/words/konferencija.mp3;Конференция;Conference;Održana je konferencija za štampu. Prisustvovao sam međunarodnoj konferenciji. Konferencija je trajala ceo dan.;Была проведена пресс-конференция. Я присутствовал на международной конференции. Конференция длилась весь день.;A press conference was held. I attended an international conference. The conference lasted the whole day.;;
2273;media;3;Kontroverzan;Контроверзан;assets/images/words/kontroverzan.webp;assets/sounds/words/kontroverzan.mp3;Спорный;Controversial;Njegova izjava je bila veoma kontroverzna. Ovo je kontroverzna tema u društvu. Film je izazvao kontroverzne reakcije.;Его заявление было очень спорным. Это спорная тема в обществе. Фильм вызвал неоднозначные реакции.;His statement was very controversial. This is a controversial topic in society. The film caused controversial reactions.;;
2274;media;3;Lažan;Лажан;assets/images/words/lazan.webp;assets/sounds/words/lazan.mp3;Ложный;Fake;Ovo je lažna vest koja se širi internetom. Nosila je lažan nakit. Otkriveni su lažni dokumenti.;Это фейковая новость, которая распространяется в интернете. Она носила фальшивые украшения. Были обнаружены поддельные документы.;This is fake news spreading on the internet. She wore fake jewelry. Fake documents were discovered.;;
2275;media;3;Nalaziti;Налазити;assets/images/words/nalaziti.webp;assets/sounds/words/nalaziti.mp3;Находить;To find;Uvek nalazi vremena za porodicu. Redovno nalazim greške u ovom tekstu. Nalazila je razloge da izbegne posao.;Он всегда находит время для семьи. Я регулярно нахожу ошибки в этом тексте. Она находила причины избегать работы.;He always finds time for his family. I regularly find mistakes in this text. She kept finding reasons to avoid work.;;
2276;media;3;Naslov;Наслов;assets/images/words/naslov.webp;assets/sounds/words/naslov.mp3;Заголовок;Headline;Naslov članka je privukao mnogo pažnje. Ovaj naslov je senzacionalan. Pročitala je samo naslov, ne i ceo tekst.;Заголовок статьи привлёк много внимания. Этот заголовок сенсационный. Она прочитала только заголовок, а не весь текст.;The article's headline attracted a lot of attention. This headline is sensational. She only read the headline, not the whole text.;;
2277;media;3;Navodno;Наводно;assets/images/words/navodno.webp;assets/sounds/words/navodno.mp3;Якобы;Allegedly;Navodno je dao ostavku juče. On je navodno umešan u aferu. Navodno su pregovori propali.;Якобы он подал в отставку вчера. Он якобы замешан в афере. Якобы переговоры провалились.;He allegedly resigned yesterday. He is allegedly involved in the scandal. The negotiations allegedly failed.;;
2278;media;3;Objavljivati;Објављивати;assets/images/words/objavljivati.webp;assets/sounds/words/objavljivati.mp3;Публиковать;To publish;Ovaj časopis objavljuje članke svake nedelje. Redovno objavljuje fotografije na internetu. Novinska agencija objavljuje vesti brzo.;Этот журнал публикует статьи каждую неделю. Он регулярно публикует фотографии в интернете. Информационное агентство быстро публикует новости.;This magazine publishes articles every week. He regularly publishes photos online. The news agency publishes news quickly.;;
2279;media;3;Potvrđivati;Потврђивати;assets/images/words/potvrdjivati.webp;assets/sounds/words/potvrdjivati.mp3;Подтверждать;To confirm;Zvaničnici stalno potvrđuju istu informaciju. Novi podaci potvrđuju raniju teoriju. Ona potvrđuje svoje reči dokumentima.;Чиновники постоянно подтверждают одну и ту же информацию. Новые данные подтверждают прежнюю теорию. Она подтверждает свои слова документами.;Officials keep confirming the same information. New data confirms the earlier theory. She confirms her words with documents.;;
2280;media;3;Pouzdan;Поуздан;assets/images/words/pouzdan.webp;assets/sounds/words/pouzdan.mp3;Надёжный;Reliable;Ovo je pouzdan izvor informacija. Njegov izveštaj je bio vrlo pouzdan. Radi sa pouzdanim kolegama.;Это надёжный источник информации. Его отчёт был очень надёжным. Он работает с надёжными коллегами.;This is a reliable source of information. His report was very reliable. He works with reliable colleagues.;;
2281;media;3;Pronaći;Пронаћи;assets/images/words/pronaci.webp;assets/sounds/words/pronaci.mp3;Найти;To find (complete);Uspeo je da pronađe pravi izvor vesti. Pronašla je grešku u izveštaju. Pronašli smo rešenje problema.;Ему удалось найти правильный источник новости. Она нашла ошибку в отчёте. Мы нашли решение проблемы.;He managed to find the right source of the news. She found a mistake in the report. We found a solution to the problem.;;
2282;media;3;Publika;Публика;assets/images/words/publika.webp;assets/sounds/words/publika.mp3;Публика;Audience;Publika je burno aplaudirala govorniku. Emisija ima veliku publiku. Publika je bila oduševljena nastupom.;Публика бурно аплодировала оратору. У передачи большая аудитория. Публика была в восторге от выступления.;The audience applauded the speaker enthusiastically. The show has a large audience. The audience was thrilled with the performance.;;
2283;media;3;Radio;Радио;assets/images/words/radio.webp;assets/sounds/words/radio.mp3;Радио;Radio;Slušam radio svako jutro u autu. Ova pesma se često pušta na radiju. Radio je prenosio vesti uživo.;Я каждое утро слушаю радио в машине. Эта песня часто звучит по радио. Радио вело прямую трансляцию новостей.;I listen to the radio every morning in the car. This song is often played on the radio. The radio broadcast the news live.;;
2284;media;3;Senzacionalan;Сензационалан;assets/images/words/senzacionalan.webp;assets/sounds/words/senzacionalan.mp3;Сенсационный;Sensational;Naslov je bio previše senzacionalan. Mediji vole senzacionalne priče. Ova vest je senzacionalna, ali neproverena.;Заголовок был слишком сенсационным. Медиа любят сенсационные истории. Эта новость сенсационная, но непроверенная.;The headline was too sensational. Media outlets love sensational stories. This news is sensational but unverified.;;
2285;media;3;Snimati;Снимати;assets/images/words/snimati.webp;assets/sounds/words/snimati.mp3;Снимать (видео);To film / to shoot;Ekipa snima novi dokumentarac. Snima video za svoj kanal svaki dan. Snimali su intervju ceo dan.;Съёмочная группа снимает новый документальный фильм. Он снимает видео для своего канала каждый день. Они снимали интервью весь день.;The crew is filming a new documentary. He films a video for his channel every day. They were filming the interview all day.;;
2286;media;3;Snimiti;Снимити;assets/images/words/snimiti.webp;assets/sounds/words/snimiti.mp3;Снять (заснять);To film (complete);Snimio je ceo film za mesec dana. Uspela je da snimi ceo koncert. Snimili smo kratak video za projekat.;Он снял весь фильм за месяц. Ей удалось снять весь концерт. Мы сняли короткое видео для проекта.;He filmed the whole movie in a month. She managed to film the entire concert. We filmed a short video for the project.;;
2287;media;3;Televizija;Телевизија;assets/images/words/televizija.webp;assets/sounds/words/televizija.mp3;Телевидение;Television;Gledamo televiziju svako veče. Ova emisija se prikazuje na državnoj televiziji. Kupili smo novu televiziju za dnevnu sobu.;Мы смотрим телевизор каждый вечер. Эта передача идёт на государственном телевидении. Мы купили новый телевизор для гостиной.;We watch television every evening. This show airs on state television. We bought a new television for the living room.;;
2288;media;3;Trenutno;Тренутно;assets/images/words/trenutno.webp;assets/sounds/words/trenutno.mp3;В данный момент;Currently;Trenutno radim na novom projektu. Trenutno nema slobodnih mesta. Trenutno se nalazi u inostranstvu.;В данный момент я работаю над новым проектом. В данный момент нет свободных мест. В данный момент он находится за границей.;I'm currently working on a new project. There are currently no vacancies. He is currently abroad.;;
2289;media;3;Uništavati;Уништавати;assets/images/words/unistavati.webp;assets/sounds/words/unistavati.mp3;Уничтожать;To destroy;Rat uništava sve na svom putu. Loše navike uništavaju zdravlje. Zagađenje uništava prirodu.;Война уничтожает всё на своём пути. Плохие привычки разрушают здоровье. Загрязнение уничтожает природу.;War destroys everything in its path. Bad habits destroy health. Pollution destroys nature.;;
2290;media;3;Uništiti;Уништити;assets/images/words/unistiti.webp;assets/sounds/words/unistiti.mp3;Уничтожить;To destroy (complete);Požar je uništio ceo objekat. Uspeli su da unište dokaze. Oluja je uništila useve na poljima.;Пожар уничтожил всё здание. Им удалось уничтожить доказательства. Буря уничтожила урожай на полях.;The fire destroyed the entire building. They managed to destroy the evidence. The storm destroyed the crops in the fields.;;
2291;media;3;Urednik;Уредник;assets/images/words/urednik.webp;assets/sounds/words/urednik.mp3;Редактор;Editor;Urednik je odobrio članak za objavljivanje. Radi kao urednik u poznatom časopisu. Urednik je tražio izmene u tekstu.;Редактор одобрил статью к публикации. Он работает редактором в известном журнале. Редактор попросил внести изменения в текст.;The editor approved the article for publication. He works as an editor at a well-known magazine. The editor asked for changes in the text.;;
2292;media;3;Vest;Вест;assets/images/words/vest.webp;assets/sounds/words/vest.mp3;Новость;News;Čuo sam dobru vest jutros. Ova vest je šokirala javnost. Vest se brzo proširila.;Сегодня утром я услышал хорошую новость. Эта новость шокировала общественность. Новость быстро распространилась.;I heard good news this morning. This news shocked the public. The news spread quickly.;;
2293;media;3;Zabraniti;Забранити;assets/images/words/zabraniti.webp;assets/sounds/words/zabraniti.mp3;Запретить;To ban;Vlada je zabranila upotrebu plastičnih kesa. Zabranili su pušenje u zatvorenim prostorima. Škola je zabranila upotrebu telefona na času.;Правительство запретило использование пластиковых пакетов. Курение в закрытых помещениях запретили. Школа запретила использование телефонов на уроках.;The government banned the use of plastic bags. They banned smoking in indoor spaces. The school banned phone use in class.;;
2294;media;3;Zabranjivati;Забрањивати;assets/images/words/zabranjivati.webp;assets/sounds/words/zabranjivati.mp3;Запрещать;To ban (imperfective);Zakon zabranjuje ovakvo ponašanje. Roditelji joj stalno zabranjuju izlaske. Ova pravila zabranjuju unos hrane u salu.;Закон запрещает такое поведение. Родители постоянно запрещают ей выходить. Эти правила запрещают проносить еду в зал.;The law prohibits this kind of behavior. Her parents keep forbidding her from going out. These rules prohibit bringing food into the hall.;;
1290;MUP;3;Privremen;Привремен;assets/images/words/privremen.webp;assets/sounds/words/privremen.mp3;Временный;Temporary;Dobio sam privremeni boravak na godinu dana. Ovo je privremeno rešenje problema. Radi na privremenom poslu preko leta.;Я получил временный вид на жительство на год. Это временное решение проблемы. Он работает на временной работе летом.;I got temporary residence for one year. This is a temporary solution to the problem. He works a temporary job over the summer.;;
1291;MUP;3;Nastanjenje;Настањење;assets/images/words/nastanjenje.webp;assets/sounds/words/nastanjenje.mp3;Проживание / поселение;Settlement, residence;Zahtev za stalno nastanjenje se podnosi u MUP-u. Mesto nastanjenja mora biti prijavljeno. Nastanjenje u novoj zemlji zahteva vreme.;Заявление на постоянное проживание подаётся в МВД. Место жительства должно быть зарегистрировано. Обустройство в новой стране требует времени.;An application for permanent residence is submitted at the police administration. The place of residence must be registered. Settling in a new country takes time.;;
1292;MUP;3;Produženje;Продужење;assets/images/words/produzenje.webp;assets/sounds/words/produzenje.mp3;Продление;Extension, prolongation;Podneo sam zahtev za produženje vize. Produženje boravišne dozvole traje mesec dana. Tražim produženje roka za predaju dokumenata.;Я подал заявление на продление визы. Продление вида на жительство занимает месяц. Я прошу продлить срок подачи документов.;I submitted a request for a visa extension. Extending the residence permit takes a month. I'm asking for an extension of the document submission deadline.;;
1293;MUP;3;Saglasnost;Сагласност;assets/images/words/saglasnost.webp;assets/sounds/words/saglasnost.mp3;Согласие;Consent;Potrebna je saglasnost roditelja za maloletnika. Dao sam pismenu saglasnost. Saglasnost oba supružnika je obavezna.;Для несовершеннолетнего требуется согласие родителей. Я дал письменное согласие. Согласие обоих супругов обязательно.;Parental consent is required for a minor. I gave written consent. The consent of both spouses is mandatory.;;
1294;MUP;3;Portal;Портал;assets/images/words/portal.webp;assets/sounds/words/portal.mp3;Портал;Portal;Prijava se podnosi preko državnog portala. Portal je bio nedostupan juče. Sve informacije su dostupne na portalu.;Заявка подаётся через государственный портал. Портал вчера был недоступен. Вся информация доступна на портале.;The application is submitted through the government portal. The portal was unavailable yesterday. All information is available on the portal.;;
1295;MUP;3;Odbijen;Одбијен;assets/images/words/odbijen.webp;assets/sounds/words/odbijen.mp3;Отклонённый;Rejected;Moj zahtev je odbijen bez objašnjenja. Viza mu je odbijena prošle godine. Žalba je takođe odbijena.;Моё заявление отклонили без объяснений. В прошлом году ему отказали в визе. Апелляция тоже была отклонена.;My application was rejected without explanation. His visa was rejected last year. The appeal was also rejected.;;
1296;MUP;3;Odobren;Одобрен;assets/images/words/odobren.webp;assets/sounds/words/odobren.mp3;Одобренный;Approved;Moj zahtev za boravak je odobren. Kredit joj je odobren za tri dana. Vizni zahtev je konačno odobren.;Моё заявление на проживание одобрено. Ей одобрили кредит за три дня. Заявление на визу наконец одобрили.;My residence application was approved. Her loan was approved within three days. The visa application was finally approved.;;
1297;MUP;3;Kalkulator;Калкулатор;assets/images/words/kalkulator.webp;assets/sounds/words/kalkulator.mp3;Калькулятор;Calculator;Koristio sam kalkulator da izračunam dane boravka. Ovaj onlajn kalkulator je vrlo koristan. Kalkulator poreza je dostupan na sajtu.;Я использовал калькулятор, чтобы посчитать дни пребывания. Этот онлайн-калькулятор очень полезен. Налоговый калькулятор доступен на сайте.;I used a calculator to count the days of stay. This online calculator is very useful. A tax calculator is available on the website.;;
1298;MUP;3;Biometrija;Биометрија;assets/images/words/biometrija.webp;assets/sounds/words/biometrija.mp3;Биометрия;Biometrics;Biometrija se uzima na šalteru. Biometrija uključuje otiske prstiju. Biometrija je obavezna za dokumenta.;Биометрию снимают в окне. Биометрия включает отпечатки пальцев. Биометрия обязательна для документов.;Biometrics are taken at the counter. Biometrics include fingerprints. Biometrics are mandatory for documents.;;
1299;MUP;3;Otisak;Отисак;assets/images/words/otisak.webp;assets/sounds/words/otisak.mp3;Отпечаток;Fingerprint, imprint;Uzeli su mi otisak prsta za dozvolu boravka. Otisak stopala je ostao u pesku. Ostavio je otisak na dokumentu.;У меня взяли отпечаток пальца для вида на жительство. Отпечаток ступни остался на песке. Он оставил отпечаток на документе.;They took my fingerprint for the residence permit. A footprint remained in the sand. He left a mark on the document.;;
1300;MUP;3;Administrativan;Административан;assets/images/words/administrativan.webp;assets/sounds/words/administrativan.mp3;Административный;Administrative;Ovo je administrativan postupak. Administrativna taksa se plaća unapred. Administrativan posao traje dugo.;Это административная процедура. Административный сбор оплачивается заранее. Административная работа занимает много времени.;This is an administrative procedure. The administrative fee is paid in advance. Administrative work takes a long time.;;
1301;MUP;3;Demokratija;Демократија;assets/images/words/demokratija.webp;assets/sounds/words/demokratija.mp3;Демократия;Democracy;Zemlja ima dugu tradiciju demokratije. Demokratija se zasniva na izborima. Ljudi se bore za demokratiju.;У страны давняя традиция демократии. Демократия основана на выборах. Люди борются за демократию.;The country has a long tradition of democracy. Democracy is based on elections. People fight for democracy.;;
1302;MUP;3;Glasati;Гласати;assets/images/words/glasati.webp;assets/sounds/words/glasati.mp3;Голосовать;To vote;Građani glasaju na izborima. Glasao sam prvi put ove godine. Ne zaboravite da glasate.;Граждане голосуют на выборах. Я впервые проголосовал в этом году. Не забудьте проголосовать.;Citizens vote in elections. I voted for the first time this year. Don't forget to vote.;;
1303;MUP;3;Gradonačelnik;Градоначелник;assets/images/words/gradonacelnik.webp;assets/sounds/words/gradonacelnik.mp3;Мэр;Mayor;Gradonačelnik je otvorio novi park. Gradonačelnik je izabran prošle godine. Sastao sam se sa gradonačelnikom.;Мэр открыл новый парк. Мэр был избран в прошлом году. Я встретился с мэром.;The mayor opened a new park. The mayor was elected last year. I met with the mayor.;;
1304;MUP;3;Izglasati;Изгласати;assets/images/words/izglasati.webp;assets/sounds/words/izglasati.mp3;Проголосовать;To pass by vote;Parlament je izglasao novi zakon. Zakon je izglasan jednoglasno. Izglasali su budžet za sledeću godinu.;Парламент принял новый закон голосованием. Закон был принят единогласно. Они проголосовали за бюджет на следующий год.;The parliament passed a new law by vote. The law was passed unanimously. They voted through the budget for next year.;;
1305;MUP;3;Ministarstvo;Министарство;assets/images/words/ministarstvo.webp;assets/sounds/words/ministarstvo.mp3;Министерство;Ministry;Ministarstvo je izdalo novo uputstvo. Radim u ministarstvu finansija. Ministarstvo je zatvoreno praznikom.;Министерство выпустило новую инструкцию. Я работаю в министерстве финансов. Министерство закрыто в праздник.;The ministry issued new instructions. I work at the Ministry of Finance. The ministry is closed for the holiday.;;
1306;MUP;3;Nadležnost;Надлежност;assets/images/words/nadleznost.webp;assets/sounds/words/nadleznost.mp3;Юрисдикция;Jurisdiction;Ovo nije u nadležnosti ove opštine. Nadležnost suda je jasno određena. Predmet je prebačen u drugu nadležnost.;Это не в компетенции данного муниципалитета. Юрисдикция суда чётко определена. Дело передано в другую юрисдикцию.;This isn't within the jurisdiction of this municipality. The court's jurisdiction is clearly defined. The case was transferred to another jurisdiction.;;
1307;MUP;3;Poslanik;Посланик;assets/images/words/poslanik.webp;assets/sounds/words/poslanik.mp3;Депутат;MP / deputy;Poslanik je predložio zakon. Poslanici su glasali za budžet. Postala je poslanik prošle godine.;Депутат предложил закон. Депутаты проголосовали за бюджет. Она стала депутатом в прошлом году.;The deputy proposed the law. The deputies voted for the budget. She became a deputy last year.;;
1308;MUP;3;Prebivalište;Пребивалиште;assets/images/words/prebivaliste.webp;assets/sounds/words/prebivaliste.mp3;Местожительство;Place of residence;Prijavite promenu prebivališta. Prebivalište je različito od boravišta. Zvanično prebivalište je u drugom gradu.;Сообщите об изменении места жительства. Место жительства отличается от места пребывания. Официальное место жительства в другом городе.;Report a change of place of residence. Place of residence differs from place of stay. The official place of residence is in another city.;;
1309;MUP;3;Registrovati;Регистровати;assets/images/words/registrovati.webp;assets/sounds/words/registrovati.mp3;Зарегистрировать;To register;Registrovao sam svoju firmu. Moramo registrovati vozilo. Registrovan je novi stanovnik.;Я зарегистрировал свою фирму. Нам нужно зарегистрировать автомобиль. Зарегистрирован новый житель.;I registered my company. We have to register the vehicle. A new resident was registered.;;
1310;MUP;3;Služben;Службен;assets/images/words/sluzben.webp;assets/sounds/words/sluzben.mp3;Официальный;Official;Ovo je službeni dokument. Službeno pismo je poslato. Sastanak je službenog karaktera.;Это официальный документ. Официальное письмо отправлено. Встреча носит официальный характер.;This is an official document. The official letter has been sent. The meeting is of an official nature.;;
1311;MUP;3;Usvojiti;Усвојити;assets/images/words/usvojiti.webp;assets/sounds/words/usvojiti.mp3;Принять;To adopt;Parlament je usvojio novi zakon. Usvojili su predlog jednoglasno. Zakon je usvojen prošle godine.;Парламент принял новый закон. Они единогласно приняли предложение. Закон был принят в прошлом году.;Parliament adopted a new law. They adopted the proposal unanimously. The law was adopted last year.;;
1312;MUP;3;Žalba;Жалба;assets/images/words/zalba.webp;assets/sounds/words/zalba.mp3;Жалоба;Complaint / appeal;Uložio sam žalbu na rešenje. Žalba je u obradi. Žalba je odbijena.;Я подал жалобу на решение. Жалоба находится на рассмотрении. Жалоба отклонена.;I filed a complaint against the decision. The complaint is being processed. The complaint was rejected.;;
1313;MUP;3;Izdavalac;Издавалац;assets/images/words/izdavalac.webp;assets/sounds/words/izdavalac.mp3;Арендодатель / эмитент / выдавший орган;Lessor, issuer;Izdavalac stana mora da potpiše ugovor. Izdavalac kartice šalje novi PIN. Izdavalac dokumenta je opštinska uprava.;Арендодатель квартиры должен подписать договор. Эмитент карты присылает новый ПИН. Выдавшим документ органом является муниципальная администрация.;The apartment lessor must sign the contract. The card issuer sends a new PIN. The document issuer is the municipal administration.;;
236;shop;3;Garancija;Гаранција;assets/images/words/garancija.webp;assets/sounds/words/garancija.mp3;Гарантия;Warranty;Ovaj proizvod ima garanciju. Garancija traje dve godine. Sačuvajte garanciju.;На этот товар есть гарантия. Гарантия действует два года. Сохраните гарантию.;This product has a warranty. The warranty lasts two years. Keep the warranty.;;
237;shop;3;Isporuka;Испорука;assets/images/words/isporuka.webp;assets/sounds/words/isporuka.mp3;Доставка;Delivery;Isporuka traje dva dana. Isporuka je besplatna. Čekam isporuku paketa.;Доставка занимает два дня. Доставка бесплатная. Я жду доставку посылки.;Delivery takes two days. Delivery is free. I'm waiting for the package delivery.;;
238;shop;3;Prodato;Продато;assets/images/words/prodato.webp;assets/sounds/words/prodato.mp3;Продано;Sold;Ovaj model je prodat. Sve je prodato do podne. Karta je prodata za minut.;Эта модель продана. Всё было продано к полудню. Билет был продан за минуту.;This model is sold out. Everything was sold by noon. The ticket sold in a minute.;;
239;shop;3;Sitno;Ситно;assets/images/words/sitno.webp;assets/sounds/words/sitno.mp3;Мелочь;Small change;Nemam sitno za kusur. Imate li sitno? Sitno je u novčaniku.;У меня нет мелочи для сдачи. У вас есть мелочь? Мелочь в кошельке.;I don't have small change. Do you have any change? The change is in the wallet.;;
240;shop;3;Higijena;Хигијена;assets/images/words/higijena.webp;assets/sounds/words/higijena.mp3;Гигиена;Hygiene;Higijena je veoma važna. Kupio sam proizvode za higijenu. Odeljenje za higijenu je levo.;Гигиена очень важна. Я купил средства гигиены. Отдел гигиены слева.;Hygiene is very important. I bought hygiene products. The hygiene section is on the left.;;
241;shop;3;Osvežavajući;Освежавајући;assets/images/words/osvezavajuci.webp;assets/sounds/words/osvezavajuci.mp3;Освежающий;Refreshing;Popila sam osvežavajući sok. Ovaj miris je vrlo osvežavajući. Osvežavajuće piće je savršeno za leto.;Я выпила освежающий сок. Этот запах очень освежающий. Освежающий напиток идеален для лета.;I drank a refreshing juice. This scent is very refreshing. A refreshing drink is perfect for summer.;;
242;shop;3;Začini;Зачини;assets/images/words/zacini.webp;assets/sounds/words/zacini.mp3;Специи;Spices;Kupio sam razne začine. Začini su na trećoj polici. Ova jela imaju puno začina.;Я купил разные специи. Специи на третьей полке. В этих блюдах много специй.;I bought various spices. Spices are on the third shelf. These dishes have a lot of spices.;;
243;shop;3;Informacija;Информација;assets/images/words/informacija.webp;assets/sounds/words/informacija.mp3;Информация;Information;Treba mi dodatna informacija. Ova informacija je vrlo korisna. Gde mogu da dobijem više informacija?;Мне нужна дополнительная информация. Эта информация очень полезна. Где я могу получить больше информации?;I need additional information. This information is very useful. Where can I get more information?;;
244;shop;3;Alarm;Аларм;assets/images/words/alarm.webp;assets/sounds/words/alarm.mp3;Сигнализация / будильник;Alarm;Alarm se oglasio usred noći. Postavio sam alarm za sedam ujutru. Prodavnica ima alarm protiv krađe.;Сигнализация сработала посреди ночи. Я поставил будильник на семь утра. В магазине есть сигнализация от кражи.;The alarm went off in the middle of the night. I set an alarm for seven in the morning. The store has an anti-theft alarm.;;
245;shop;3;Samoposluga;Самопослуга;assets/images/words/samoposluga.webp;assets/sounds/words/samoposluga.mp3;Магазин самообслуживания;Self-service store;Ovo je samoposluga. U samoposluzi sami birate robu. Samoposluga je otvorena non-stop.;Это магазин самообслуживания. В магазине самообслуживания вы сами выбираете товар. Магазин самообслуживания открыт круглосуточно.;This is a self-service store. In a self-service store you choose the goods yourself. The self-service store is open 24/7.;;
246;shop;3;Reklamacija;Рекламација;assets/images/words/reklamacija.webp;assets/sounds/words/reklamacija.mp3;Рекламация;Complaint / claim;Podneo sam reklamaciju. Reklamacija je prihvaćena. Kako da napišem reklamaciju?;Я подал рекламацию. Рекламация принята. Как мне написать жалобу?;I filed a complaint. The complaint was accepted. How do I write a complaint?;;
247;shop;3;Menjačnica;Мењачница;assets/images/words/menjacnica.webp;assets/sounds/words/menjacnica.mp3;Обменник;Currency exchange office;Menjačnica je preko puta. Promenio sam novac u menjačnici. Menjačnica ima dobar kurs.;Обменный пункт напротив. Я поменял деньги в обменном пункте. В обменном пункте хороший курс.;The exchange office is across the street. I exchanged money at the exchange office. The exchange office has a good rate.;;
248;shop;3;Povraćaj;Повраћај;assets/images/words/povracaj.webp;assets/sounds/words/povracaj.mp3;Возврат;Refund, return;Tražim povraćaj novca za ovaj proizvod. Povraćaj je moguć u roku od 14 dana. Dobio sam povraćaj bez problema.;Я хочу вернуть деньги за этот товар. Возврат возможен в течение 14 дней. Я получил возврат без проблем.;I want a refund for this product. A refund is possible within 14 days. I got the refund without any problems.;;
249;shop;3;Banana;Банана;assets/images/words/banana.webp;assets/sounds/words/banana.mp3;Банан;Banana;Pojela sam bananu za doručak. Banane su bogate kalijumom. Kupio je kilogram banana na pijaci.;Я съела банан на завтрак. Бананы богаты калием. Он купил килограмм бананов на рынке.;I ate a banana for breakfast. Bananas are rich in potassium. He bought a kilogram of bananas at the market.;;
250;shop;3;Biber;Бибер;assets/images/words/biber.webp;assets/sounds/words/biber.mp3;Перец;Pepper (spice);Dodala je malo bibera u čorbu. Crni biber daje jelu pikantnost. Nema soli ni bibera na stolu.;Она добавила немного перца в суп. Чёрный перец придаёт блюду пикантность. На столе нет ни соли, ни перца.;She added a bit of pepper to the soup. Black pepper adds spice to the dish. There's no salt or pepper on the table.;;
251;shop;3;Jabuka;Јабука;assets/images/words/jabuka.webp;assets/sounds/words/jabuka.mp3;Яблоко;Apple;Pojeo je crvenu jabuku posle ručka. Jabuke rastu u našem vrtu. Ispekla je pitu od jabuka.;Он съел красное яблоко после обеда. Яблоки растут в нашем саду. Она испекла яблочный пирог.;He ate a red apple after lunch. Apples grow in our garden. She baked an apple pie.;;
252;shop;3;Jagoda;Јагода;assets/images/words/jagoda.webp;assets/sounds/words/jagoda.mp3;Клубника;Strawberry;Jagode su najukusnije u proleće. Napravila je sok od jagoda. Kupila sam kilo svežih jagoda.;Клубника самая вкусная весной. Она сделала клубничный сок. Я купила килограмм свежей клубники.;Strawberries taste best in spring. She made strawberry juice. I bought a kilo of fresh strawberries.;;
253;shop;3;Jaje;Јаје;assets/images/words/jaje.webp;assets/sounds/words/jaje.mp3;Яйцо;Egg;Skuvala sam jaje za doručak. Kokoška je snela sveže jaje. Napravio je omlet od tri jajeta.;Я сварила яйцо на завтрак. Курица снесла свежее яйцо. Он приготовил омлет из трёх яиц.;I boiled an egg for breakfast. The hen laid a fresh egg. He made an omelet from three eggs.;;
254;shop;3;Krastavac;Краставац;assets/images/words/krastavac.webp;assets/sounds/words/krastavac.mp3;Огурец;Cucumber;Isekla je krastavac za salatu. Krastavci su sveži i hrskavi. Voli krastavce sa malo soli.;Она нарезала огурец для салата. Огурцы свежие и хрустящие. Он любит огурцы с небольшим количеством соли.;She sliced a cucumber for the salad. The cucumbers are fresh and crunchy. He likes cucumbers with a bit of salt.;;
255;shop;3;Krompir;Кромпир;assets/images/words/krompir.webp;assets/sounds/words/krompir.mp3;Картофель;Potato;Skuvala je krompir za večeru. Krompir je osnovna namirnica u ovoj kuhinji. Ispekla je krompir sa ružmarinom.;Она сварила картофель на ужин. Картофель — основной продукт в этой кухне. Она запекла картофель с розмарином.;She boiled potatoes for dinner. Potatoes are a staple food in this cuisine. She roasted potatoes with rosemary.;;
256;shop;3;Limun;Лимун;assets/images/words/limun.webp;assets/sounds/words/limun.mp3;Лимон;Lemon;Iscedila je sok od limuna. Dodala je limun u čaj. Limun daje jelu svežinu.;Она выжала сок из лимона. Она добавила лимон в чай. Лимон придаёт блюду свежесть.;She squeezed lemon juice. She added lemon to the tea. Lemon gives the dish freshness.;;
257;shop;3;Ljut;Љут;assets/images/words/ljut.webp;assets/sounds/words/ljut.mp3;Острый;Spicy / hot;Ovo jelo je previše ljuto za mene. Voli ljutu papriku u salati. Sos je bio jako ljut.;Это блюдо для меня слишком острое. Он любит острый перец в салате. Соус был очень острым.;This dish is too spicy for me. He likes hot peppers in his salad. The sauce was very spicy.;;
258;shop;3;Luk;Лук;assets/images/words/luk.webp;assets/sounds/words/luk.mp3;Лук;Onion;Isekla je luk za supu. Luk daje jelu poseban ukus. Zaplakala je dok je sekla luk.;Она нарезала лук для супа. Лук придаёт блюду особый вкус. Она заплакала, пока резала лук.;She chopped onion for the soup. Onion gives the dish a special taste. She cried while chopping the onion.;;
259;shop;3;Meso;Месо;assets/images/words/meso.webp;assets/sounds/words/meso.mp3;Мясо;Meat;Kupila je sveže meso na pijaci. Ne jede crveno meso. Meso se peče na roštilju.;Она купила свежее мясо на рынке. Он не ест красное мясо. Мясо жарят на гриле.;She bought fresh meat at the market. He doesn't eat red meat. The meat is grilled.;;
260;shop;3;Mleko;Млеко;assets/images/words/mleko.webp;assets/sounds/words/mleko.mp3;Молоко;Milk;Popio je čašu mleka pre spavanja. Sipala je mleko u kafu. Mleko čuvamo u frižideru.;Он выпил стакан молока перед сном. Она налила молоко в кофе. Молоко мы храним в холодильнике.;He drank a glass of milk before bed. She poured milk into her coffee. We keep milk in the fridge.;;
261;shop;3;Paradajz;Парадајз;assets/images/words/paradajz.webp;assets/sounds/words/paradajz.mp3;Помидор;Tomato;Isekla je paradajz za salatu. Paradajz je sazreo na suncu. Napravila je sos od paradajza.;Она нарезала помидор для салата. Помидор созрел на солнце. Она сделала соус из помидоров.;She sliced a tomato for the salad. The tomato ripened in the sun. She made tomato sauce.;;
262;shop;3;Pavlaka;Павлака;assets/images/words/pavlaka.webp;assets/sounds/words/pavlaka.mp3;Сметана;Sour cream;Dodala je pavlaku u supu. Palačinke smo jeli sa pavlakom. Pavlaka daje jelu kremast ukus.;Она добавила сметану в суп. Мы ели блины со сметаной. Сметана придаёт блюду кремовый вкус.;She added sour cream to the soup. We ate pancakes with sour cream. Sour cream gives the dish a creamy taste.;;
263;shop;3;Piletina;Пилетина;assets/images/words/piletina.webp;assets/sounds/words/piletina.mp3;Курятина;Chicken (meat);Ispekla je piletinu u rerni. Piletina je jeftinija od govedine. Voli piletinu na žaru.;Она запекла курицу в духовке. Курица дешевле говядины. Он любит курицу на гриле.;She baked chicken in the oven. Chicken is cheaper than beef. He likes grilled chicken.;;
264;shop;3;Pirinač;Пиринач;assets/images/words/pirinac.webp;assets/sounds/words/pirinac.mp3;Рис;Rice;Skuvala je pirinač za ručak. Pirinač je osnova mnogih azijskih jela. Voli pirinač sa povrćem.;Она сварила рис на обед. Рис — основа многих азиатских блюд. Он любит рис с овощами.;She cooked rice for lunch. Rice is the basis of many Asian dishes. He likes rice with vegetables.;;
265;shop;3;Pomorandža;Поморанџа;assets/images/words/pomorandza.webp;assets/sounds/words/pomorandza.mp3;Апельсин;Orange;Oljuštio je pomorandžu za sok. Pomorandže su bogate vitaminom C. Kupila je kesu pomorandži.;Он очистил апельсин для сока. Апельсины богаты витамином С. Она купила пакет апельсинов.;He peeled an orange for juice. Oranges are rich in vitamin C. She bought a bag of oranges.;;
266;shop;3;Povrće;Поврће;assets/images/words/povrce.webp;assets/sounds/words/povrce.mp3;Овощи;Vegetables;Jedemo povrće svaki dan. Povrće se kupuje sveže na pijaci. Kuvala je povrće na pari.;Мы едим овощи каждый день. Овощи покупают свежими на рынке. Она готовила овощи на пару.;We eat vegetables every day. Vegetables are bought fresh at the market. She steamed the vegetables.;;
267;shop;3;Riba;Риба;assets/images/words/riba.webp;assets/sounds/words/riba.mp3;Рыба;Fish;Kupila je svežu ribu na pijaci. Riba se peče na roštilju. Voli ribu sa limunom.;Она купила свежую рыбу на рынке. Рыбу жарят на гриле. Он любит рыбу с лимоном.;She bought fresh fish at the market. The fish is grilled. He likes fish with lemon.;;
268;shop;3;Sir;Сир;assets/images/words/sir.webp;assets/sounds/words/sir.mp3;Сыр;Cheese;Stavila je sir na sendvič. Ovaj sir ima jak ukus. Kupili smo domaći sir sa pijace.;Она положила сыр в сэндвич. У этого сыра сильный вкус. Мы купили домашний сыр на рынке.;She put cheese on the sandwich. This cheese has a strong taste. We bought homemade cheese at the market.;;
269;shop;3;Slan;Слан;assets/images/words/slan.webp;assets/sounds/words/slan.mp3;Солёный;Salty;Supa je bila previše slana. Voli slane grickalice uz pivo. More je slano.;Суп был слишком солёным. Он любит солёные закуски к пиву. Море солёное.;The soup was too salty. He likes salty snacks with beer. The sea is salty.;;
270;shop;3;So;Со;assets/images/words/so.webp;assets/sounds/words/so.mp3;Соль;Salt;Dodala je malo soli u jelo. So je na stolu pored bibera. Previše soli je nezdravo.;Она добавила немного соли в блюдо. Соль стоит на столе рядом с перцем. Слишком много соли вредно.;She added a bit of salt to the dish. The salt is on the table next to the pepper. Too much salt is unhealthy.;;
271;shop;3;Testenina;Тестенина;assets/images/words/testenina.webp;assets/sounds/words/testenina.mp3;Макароны;Pasta;Skuvala je testeninu za večeru. Testenina je bila sa paradajz sosom. Voli testeninu sa sirom.;Она сварила макароны на ужин. Макароны были с томатным соусом. Он любит макароны с сыром.;She cooked pasta for dinner. The pasta was with tomato sauce. He likes pasta with cheese.;;
272;shop;3;Ulje;Уље;assets/images/words/ulje.webp;assets/sounds/words/ulje.mp3;Масло;Oil;Dodala je maslinovo ulje u salatu. Ulje se zagreva pre prženja. Kupila je bocu suncokretovog ulja.;Она добавила оливковое масло в салат. Масло разогревают перед жаркой. Она купила бутылку подсолнечного масла.;She added olive oil to the salad. Oil is heated before frying. She bought a bottle of sunflower oil.;;
273;shop;3;Voće;Воће;assets/images/words/voce.webp;assets/sounds/words/voce.mp3;Фрукты;Fruit;Jedemo voće svaki dan. Voće je sveže sa pijace. Voli letnje voće poput lubenice.;Мы едим фрукты каждый день. Фрукты свежие с рынка. Он любит летние фрукты, такие как арбуз.;We eat fruit every day. The fruit is fresh from the market. He likes summer fruits like watermelon.;;
274;shop;3;Čokolada;Чоколада;assets/images/words/cokolada.webp;assets/sounds/words/cokolada.mp3;Шоколад;Chocolate;Volim tamnu čokoladu. Poklonio joj je kutiju čokolade. Čokolada se topi na toplini.;Я люблю тёмный шоколад. Он подарил ей коробку шоколада. Шоколад тает на тепле.;I love dark chocolate. He gave her a box of chocolate as a gift. Chocolate melts in the heat.;;
275;shop;3;Šargarepa;Шаргарепа;assets/images/words/sargarepa.webp;assets/sounds/words/sargarepa.mp3;Морковь;Carrot;Isekla je šargarepu za salatu. Šargarepa je zdrava za oči. Deca ne vole sirovu šargarepu.;Она нарезала морковь для салата. Морковь полезна для глаз. Дети не любят сырую морковь.;She sliced carrots for the salad. Carrots are healthy for the eyes. Children don't like raw carrots.;;
276;shop;3;Šećer;Шећер;assets/images/words/secer.webp;assets/sounds/words/secer.mp3;Сахар;Sugar;Dodala je kašiku šećera u kafu. Previše šećera je štetno za zdravlje. Torta je bila puna šećera.;Она добавила ложку сахара в кофе. Слишком много сахара вредно для здоровья. Торт был полон сахара.;She added a spoon of sugar to her coffee. Too much sugar is bad for your health. The cake was full of sugar.;;
277;shop;3;Izlaz;Излаз;assets/images/words/izlaz.webp;assets/sounds/words/izlaz.mp3;Выход;Exit;Gde je izlaz iz prodavnice? Izlaz za slučaj požara je sa leve strane. Videli smo znak za izlaz.;Где выход из магазина? Пожарный выход слева. Мы увидели знак выхода.;Where is the exit from the store? The fire exit is on the left. We saw the exit sign.;;
2214;sport;3;Vladati;Владати;assets/images/words/vladati.webp;assets/sounds/words/vladati.mp3;Править / господствовать;To rule / dominate;Ovaj tim vlada ligom već tri godine. Šampion je vladao ringom te večeri. Njihova ekipa je vladala terenom od prve minute.;Эта команда доминирует в лиге уже три года. Чемпион господствовал на ринге в тот вечер. Их команда доминировала на поле с первой минуты.;This team has dominated the league for three years. The champion ruled the ring that night. Their team dominated the field from the first minute.;;
2215;sport;3;Baviti;Бавити;assets/images/words/baviti.webp;assets/sounds/words/baviti.mp3;Заниматься;To engage in;Bavim se sportom svaki dan. Ona se bavi plivanjem od detinjstva. Bavimo se ovim poslom već pet godina.;Я занимаюсь спортом каждый день. Она занимается плаванием с детства. Мы занимаемся этим делом уже пять лет.;I do sports every day. She has been swimming since childhood. We've been in this business for five years.;;
2216;sport;3;Brzina;Брзина;assets/images/words/brzina.webp;assets/sounds/words/brzina.mp3;Скорость;Speed;Trčao je neverovatnom brzinom. Brzina vetra je bila velika tog dana. Povećao je brzinu u poslednjem krugu trke.;Он бежал с невероятной скоростью. В тот день скорость ветра была высокой. Он увеличил скорость на последнем круге гонки.;He ran at incredible speed. The wind speed was high that day. He increased his speed on the last lap of the race.;;
2217;sport;3;Disciplina;Дисциплина;assets/images/words/disciplina.webp;assets/sounds/words/disciplina.mp3;Дисциплина;Discipline;Sportisti moraju imati veliku disciplinu. Disciplina je ključ uspeha u treningu. Trener insistira na strogoj disciplini.;Спортсмены должны обладать большой дисциплиной. Дисциплина — ключ к успеху в тренировках. Тренер настаивает на строгой дисциплине.;Athletes must have great discipline. Discipline is the key to success in training. The coach insists on strict discipline.;;
2218;sport;3;Dres;Дрес;assets/images/words/dres.webp;assets/sounds/words/dres.mp3;Спортивная форма / майка;Jersey;Obukao je dres svog omiljenog kluba. Kupila je dres sa imenom igrača. Dres reprezentacije je crveno-plave boje.;Он надел майку своего любимого клуба. Она купила майку с именем игрока. Майка сборной красно-синего цвета.;He put on his favorite club's jersey. She bought a jersey with the player's name on it. The national team's jersey is red and blue.;;
2219;sport;3;Istezanje;Истезање;assets/images/words/istezanje.webp;assets/sounds/words/istezanje.mp3;Растяжка;Stretching;Istezanje pre treninga sprečava povrede. Radim istezanje svako jutro. Trener je pokazao nekoliko vežbi istezanja.;Растяжка перед тренировкой предотвращает травмы. Я делаю растяжку каждое утро. Тренер показал несколько упражнений на растяжку.;Stretching before training prevents injuries. I do stretching every morning. The coach showed a few stretching exercises.;;
2220;sport;3;Izdržljivost;Издржљивост;assets/images/words/izdrzljivost.webp;assets/sounds/words/izdrzljivost.mp3;Выносливость;Endurance;Maratonci treniraju izdržljivost godinama. Ovaj sport zahteva veliku fizičku izdržljivost. Njegova izdržljivost se popravila nakon meseci treninga.;Марафонцы годами тренируют выносливость. Этот вид спорта требует большой физической выносливости. Его выносливость улучшилась после месяцев тренировок.;Marathon runners train endurance for years. This sport requires great physical endurance. His endurance improved after months of training.;;
2221;sport;3;Kondicija;Кондиција;assets/images/words/kondicija.webp;assets/sounds/words/kondicija.mp3;Форма;Fitness / condition;Njegova kondicija je odlična pred sezonu. Radi na kondiciji svakog jutra. Loša kondicija uticala je na njegov nastup.;Его физическая форма отличная перед сезоном. Он работает над формой каждое утро. Плохая форма повлияла на его выступление.;His fitness is excellent ahead of the season. He works on his fitness every morning. Poor fitness affected his performance.;;
2222;sport;3;Maraton;Маратон;assets/images/words/maraton.webp;assets/sounds/words/maraton.mp3;Марафон;Marathon;Trčala je svoj prvi maraton prošle godine. Maraton je dug čak 42 kilometra. Priprema se za maraton već šest meseci.;В прошлом году она пробежала свой первый марафон. Марафон длиной целых 42 километра. Он готовится к марафону уже шесть месяцев.;She ran her first marathon last year. A marathon is as long as 42 kilometers. He has been preparing for the marathon for six months.;;
2223;sport;3;Pobeđivati;Побеђивати;assets/images/words/pobedjivati.webp;assets/sounds/words/pobedjivati.mp3;Побеждать;To win (repeatedly);Ovaj tim redovno pobeđuje na domaćem terenu. Pobeđivali smo svaki meč ove sezone. Naučila je da pobeđuje čak i u teškim uslovima.;Эта команда регулярно побеждает на своём поле. Мы побеждали в каждом матче этого сезона. Она научилась побеждать даже в трудных условиях.;This team regularly wins on home ground. We won every match this season. She learned to win even in difficult conditions.;;
2224;sport;3;Postati;Постати;assets/images/words/postati.webp;assets/sounds/words/postati.mp3;Стать;To become;Želi da postane profesionalni sportista. Postala je šampionka u svojoj kategoriji. Nakon godina rada, postao je odličan trener.;Он хочет стать профессиональным спортсменом. Она стала чемпионкой в своей категории. После многих лет работы он стал отличным тренером.;He wants to become a professional athlete. She became champion in her category. After years of work, he became an excellent coach.;;
2225;sport;3;Snaga;Снага;assets/images/words/snaga.webp;assets/sounds/words/snaga.mp3;Сила;Strength;Trening snage je važan deo njegovog programa. Njena snaga ga je iznenadila. Potrebna je velika snaga za ovaj sport.;Силовая тренировка — важная часть его программы. Её сила его удивила. Для этого вида спорта нужна большая сила.;Strength training is an important part of his program. Her strength surprised him. Great strength is needed for this sport.;;
2226;sport;3;Stadion;Стадион;assets/images/words/stadion.webp;assets/sounds/words/stadion.mp3;Стадион;Stadium;Stadion je bio pun navijača. Utakmica se igra na gradskom stadionu. Novi stadion prima pedeset hiljada gledalaca.;Стадион был полон болельщиков. Матч проходит на городском стадионе. Новый стадион вмещает пятьдесят тысяч зрителей.;The stadium was full of fans. The match is being played at the city stadium. The new stadium holds fifty thousand spectators.;;
2227;sport;3;Takmičiti;Такмичити;assets/images/words/takmiciti.webp;assets/sounds/words/takmiciti.mp3;Соревноваться;To compete;Takmičimo se u fudbalu svake nedelje. Takmičila se na državnom prvenstvu. Deca vole da se takmiče.;Мы соревнуемся в футболе каждую неделю. Она соревновалась на национальном чемпионате. Дети любят соревноваться.;We compete in football every week. She competed at the national championship. Children love to compete.;;
2228;sport;3;Trening;Тренинг;assets/images/words/trening.webp;assets/sounds/words/trening.mp3;Тренировка;Training;Trening počinje u šest uveče. Propustio je trening zbog povrede. Svaki trening traje po dva sata.;Тренировка начинается в шесть вечера. Он пропустил тренировку из-за травмы. Каждая тренировка длится по два часа.;Training starts at six in the evening. He missed training because of an injury. Each training session lasts two hours.;;
2229;sport;3;Trka;Трка;assets/images/words/trka.webp;assets/sounds/words/trka.mp3;Гонка;Race;Trka je počela tačno u podne. Osvojio je prvo mesto na trci. Ova trka je duga deset kilometara.;Гонка началась ровно в полдень. Он занял первое место в забеге. Этот забег длиной десять километров.;The race started exactly at noon. He won first place in the race. This race is ten kilometers long.;;
2230;sport;3;Zagrevanje;Загревање;assets/images/words/zagrevanje.webp;assets/sounds/words/zagrevanje.mp3;Разминка;Warm-up;Zagrevanje pre treninga je obavezno. Radimo lagano zagrevanje deset minuta. Zagrevanje sprečava povrede mišića.;Разминка перед тренировкой обязательна. Мы делаем лёгкую разминку десять минут. Разминка предотвращает травмы мышц.;Warm-up before training is mandatory. We do a light warm-up for ten minutes. Warming up prevents muscle injuries.;;
750;study;3;Nastavnica;Наставница;assets/images/words/nastavnica.webp;assets/sounds/words/nastavnica.mp3;Преподавательница;Female teacher;Nastavnica predaje engleski jezik. Nastavnica je strpljiva. Nastavnica je pohvalila razred.;Учительница преподаёт английский язык. Учительница терпеливая. Учительница похвалила класс.;The teacher teaches English. The teacher is patient. The teacher praised the class.;;
751;study;3;Nastavnik;Наставник;assets/images/words/nastavnik.webp;assets/sounds/words/nastavnik.mp3;Преподаватель;Teacher (male);Nastavnik je objasnio lekciju. Nastavnik matematike je strog. Postao je nastavnik posle fakulteta.;Учитель объяснил урок. Учитель математики строгий. Он стал учителем после университета.;The teacher explained the lesson. The math teacher is strict. He became a teacher after university.;;
752;study;3;Naučiti;Научити;assets/images/words/nauciti.webp;assets/sounds/words/nauciti.mp3;Выучить / научить(ся);To learn;Naučio sam novu lekciju. Treba da naučim za ispit. Naučila je da vozi bicikl.;Я выучил новый урок. Мне нужно выучить материал к экзамену. Она научилась кататься на велосипеде.;I learned a new lesson. I need to learn for the exam. She learned to ride a bike.;;
753;study;3;Ocena;Оцена;assets/images/words/ocena.webp;assets/sounds/words/ocena.mp3;Оценка;Grade;Dobio sam odličnu ocenu. Ocena je bila niska. Ocena zavisi od truda.;Я получил отличную оценку. Оценка была низкой. Оценка зависит от усилий.;I got an excellent grade. The grade was low. The grade depends on effort.;;
754;study;3;Ocenjivati;Оцењивати;assets/images/words/ocenjivati.webp;assets/sounds/words/ocenjivati.mp3;Оценивать;To grade;Profesor ocenjuje testove. Ocenjuju nas na osnovu znanja. Teško je ocenjivati pravedno.;Профессор оценивает тесты. Нас оценивают на основе знаний. Оценивать справедливо трудно.;The professor grades the tests. We're graded based on knowledge. It's hard to grade fairly.;;
755;study;3;Odgovor;Одговор;assets/images/words/odgovor.webp;assets/sounds/words/odgovor.mp3;Ответ;Answer;Odgovor je tačan. Nisam znao odgovor. Napisao sam kratak odgovor.;Ответ правильный. Я не знал ответа. Я написал короткий ответ.;The answer is correct. I didn't know the answer. I wrote a short answer.;;
756;study;3;Pismeni;Писмени;assets/images/words/pismeni.webp;assets/sounds/words/pismeni.mp3;Письменный;Written (exam);Pismeni ispit je sutra. Pismeni deo je teži od usmenog. Pismeni ispit traje dva sata.;Письменный экзамен завтра. Письменная часть сложнее устной. Письменный экзамен длится два часа.;The written exam is tomorrow. The written part is harder than the oral. The written exam lasts two hours.;;
757;study;3;Polagati;Полагати;assets/images/words/polagati.webp;assets/sounds/words/polagati.mp3;Сдавать;To take (an exam);Polažem ispit sledeće nedelje. Polagala je vozački ispit. Polažemo test iz gramatike.;Я сдаю экзамен на следующей неделе. Она сдавала экзамен на права. Мы сдаём тест по грамматике.;I'm taking the exam next week. She took her driving test. We're taking a grammar test.;;
758;study;3;Položiti;Положити;assets/images/words/poloziti.webp;assets/sounds/words/poloziti.mp3;Сдать;To pass (an exam);Položio sam ispit iz matematike. Položila je sve ispite. Uspeo sam da položim na prvi pokušaj.;Я сдал экзамен по математике. Она сдала все экзамены. Мне удалось сдать с первой попытки.;I passed the math exam. She passed all her exams. I managed to pass on the first try.;;
759;study;3;Predavanje;Предавање;assets/images/words/predavanje.webp;assets/sounds/words/predavanje.mp3;Лекция;Lecture;Predavanje je bilo zanimljivo. Prisustvovao sam svim predavanjima. Predavanje počinje u devet.;Лекция была интересной. Я посетил все лекции. Лекция начинается в девять.;The lecture was interesting. I attended all the lectures. The lecture starts at nine.;;
760;study;3;Predmet;Предмет;assets/images/words/predmet.webp;assets/sounds/words/predmet.mp3;Предмет;Subject;Matematika je moj omiljeni predmet. Ovaj predmet je obavezan. Upisao sam izborni predmet.;Математика — мой любимый предмет. Этот предмет обязательный. Я записался на факультативный предмет.;Math is my favorite subject. This subject is mandatory. I enrolled in an elective subject.;;
761;study;3;Radoznao;Радознао;assets/images/words/radoznao.webp;assets/sounds/words/radoznao.mp3;Любопытный;Curious;Dete je veoma radoznalo. Radoznao um postavlja pitanja. Bio sam radoznao da saznam više.;Ребёнок очень любопытный. Любопытный ум задаёт вопросы. Мне было любопытно узнать больше.;The child is very curious. A curious mind asks questions. I was curious to learn more.;;
762;study;3;Raspust;Распуст;assets/images/words/raspust.webp;assets/sounds/words/raspust.mp3;Каникулы;School break;Raspust počinje sledeće nedelje. Zimski raspust traje dve nedelje. Uživam u raspustu.;Каникулы начинаются на следующей неделе. Зимние каникулы длятся две недели. Я наслаждаюсь каникулами.;The break starts next week. Winter break lasts two weeks. I'm enjoying the break.;;
763;study;3;Razred;Разред;assets/images/words/razred.webp;assets/sounds/words/razred.mp3;Класс;Grade / class;Idem u sedmi razred. Razred ima dvadeset učenika. Naš razred je najbolji.;Я учусь в седьмом классе. В классе двадцать учеников. Наш класс лучший.;I'm in seventh grade. The class has twenty students. Our class is the best.;;
764;study;3;Semestar;Семестар;assets/images/words/semestar.webp;assets/sounds/words/semestar.mp3;Семестр;Semester;Ovaj semestar je bio naporan. Semestar počinje u oktobru. Položio sam sve ispite ovog semestra.;Этот семестр был напряжённым. Семестр начинается в октябре. Я сдал все экзамены в этом семестре.;This semester was exhausting. The semester starts in October. I passed all my exams this semester.;;
765;study;3;Sertifikat;Сертификат;assets/images/words/sertifikat.webp;assets/sounds/words/sertifikat.mp3;Сертификат;Certificate;Dobio sam sertifikat za kurs. Sertifikat potvrđuje znanje jezika. Sačuvao sam sve sertifikate.;Я получил сертификат за курс. Сертификат подтверждает знание языка. Я сохранил все сертификаты.;I received a certificate for the course. The certificate confirms language proficiency. I kept all my certificates.;;
766;study;3;Srednji;Средњи;assets/images/words/srednji.webp;assets/sounds/words/srednji.mp3;Средний (школа);Middle, secondary;Upisao se u srednju školu. Živi u srednjem delu grada. On je srednjeg rasta.;Он поступил в среднюю школу. Он живёт в средней части города. Он среднего роста.;He enrolled in secondary school. He lives in the middle part of the city. He is of average height.;;
767;study;3;Stipendija;Стипендија;assets/images/words/stipendija.webp;assets/sounds/words/stipendija.mp3;Стипендия;Scholarship;Dobio sam stipendiju za studije. Stipendija pokriva školarinu. Konkurisao sam za stipendiju.;Я получил стипендию на учёбу. Стипендия покрывает плату за обучение. Я подал заявку на стипендию.;I received a scholarship for my studies. The scholarship covers tuition. I applied for a scholarship.;;
768;study;3;Jezik;Језик;assets/images/words/jezik.webp;assets/sounds/words/jezik.mp3;Язык;Language, tongue;Učim srpski jezik. Engleski jezik je vrlo koristan. Zagrizla je jezik.;Я учу сербский язык. Английский язык очень полезен. Она прикусила язык.;I'm learning the Serbian language. The English language is very useful. She bit her tongue.;;
769;study;3;Studirati;Студирати;assets/images/words/studirati.webp;assets/sounds/words/studirati.mp3;Учиться (в вузе) / изучать;To study (at university);Studiram medicinu. Studiram u Beogradu. Odlučio sam da studiram pravo.;Я учусь на медицинском. Я учусь в Белграде. Я решил изучать право.;I'm studying medicine. I study in Belgrade. I decided to study law.;;
770;study;3;Tabla;Табла;assets/images/words/tabla.webp;assets/sounds/words/tabla.mp3;Доска;Blackboard;Nastavnik piše na tabli. Tabla je puna formula. Obriši tablu, molim.;Учитель пишет на доске. Доска полна формул. Сотри доску, пожалуйста.;The teacher writes on the blackboard. The blackboard is full of formulas. Erase the blackboard, please.;;
771;study;3;Test;Тест;assets/images/words/test.webp;assets/sounds/words/test.mp3;Тест;Test;Imamo test sutra. Test je bio lak. Spremao sam se za test.;У нас завтра тест. Тест был лёгким. Я готовился к тесту.;We have a test tomorrow. The test was easy. I studied for the test.;;
772;study;3;Udžbenik;Уџбеник;assets/images/words/udzbenik.webp;assets/sounds/words/udzbenik.mp3;Учебник;Textbook;Kupio sam udžbenik za matematiku. Udžbenik je težak i skup. Zaboravio sam udžbenik kod kuće.;Я купил учебник по математике. Учебник тяжёлый и дорогой. Я забыл учебник дома.;I bought a math textbook. The textbook is heavy and expensive. I forgot my textbook at home.;;
773;study;3;Univerzitet;Универзитет;assets/images/words/univerzitet.webp;assets/sounds/words/univerzitet.mp3;Университет;University;Studiram na univerzitetu u Beogradu. Univerzitet ima šest fakulteta. Upisao sam se na univerzitet.;Я учусь в университете в Белграде. В университете шесть факультетов. Я поступил в университет.;I study at the university in Belgrade. The university has six faculties. I enrolled at the university.;;
774;study;3;Usmeni;Усмени;assets/images/words/usmeni.webp;assets/sounds/words/usmeni.mp3;Устный;Oral (exam);Usmeni ispit je sutra. Usmeni deo je bio lakši. Pripremio sam se za usmeni ispit.;Устный экзамен завтра. Устная часть была легче. Я подготовился к устному экзамену.;The oral exam is tomorrow. The oral part was easier. I prepared for the oral exam.;;
775;study;3;Uspeh;Успех;assets/images/words/uspeh.webp;assets/sounds/words/uspeh.mp3;Успех;Success / academic performance;Njegov uspeh u školi je odličan. Uspeh zavisi od truda. Ponosan sam na svoj uspeh.;Его успеваемость в школе отличная. Успех зависит от усилий. Я горжусь своим успехом.;His academic performance is excellent. Success depends on effort. I'm proud of my success.;;
776;study;3;Učenica;Ученица;assets/images/words/ucenica.webp;assets/sounds/words/ucenica.mp3;Ученица;Female pupil;Ona je odlična učenica. Učenica je postavila pitanje. Učenica je dobila nagradu.;Она отличная ученица. Ученица задала вопрос. Ученица получила награду.;She's an excellent pupil. The pupil asked a question. The pupil received an award.;;
777;study;3;Učenik;Ученик;assets/images/words/ucenik.webp;assets/sounds/words/ucenik.mp3;Ученик;Male pupil;On je vredan učenik. Učenik je odgovorio tačno. Učenik je zaboravio knjigu.;Он прилежный ученик. Ученик ответил правильно. Ученик забыл книгу.;He's a diligent pupil. The pupil answered correctly. The pupil forgot his book.;;
778;study;3;Učionica;Учионица;assets/images/words/ucionica.webp;assets/sounds/words/ucionica.mp3;Классная комната;Classroom;Učionica je puna učenika. Učionica ima veliku tablu. Uđi u učionicu tiho.;Классная комната полна учеников. В классе большая доска. Тихо войди в класс.;The classroom is full of students. The classroom has a big blackboard. Enter the classroom quietly.;;
1495;technique;3;Deinstalirati;Деинсталирати;assets/images/words/deinstalirati.webp;assets/sounds/words/deinstalirati.mp3;Деинсталлировать;To uninstall;Deinstalirao sam staru aplikaciju. Moraš deinstalirati virus. Deinstaliraj program pre ponovne instalacije.;Я удалил старое приложение. Тебе нужно удалить вирус. Удали программу перед повторной установкой.;I uninstalled the old app. You need to uninstall the virus. Uninstall the program before reinstalling.;;
1496;technique;3;Ekran;Екран;assets/images/words/ekran.webp;assets/sounds/words/ekran.mp3;Экран;Screen;Ekran telefona je napukao. Ekran je previše mali. Obrisao sam ekran krpom.;Экран телефона треснул. Экран слишком маленький. Я протёр экран тряпкой.;The phone screen cracked. The screen is too small. I wiped the screen with a cloth.;;
1497;technique;3;Fascikla;Фасцикла;assets/images/words/fascikla.webp;assets/sounds/words/fascikla.mp3;Папка;Folder;Napravio sam novu fasciklu. Fajlovi su u fascikli. Obriši praznu fasciklu.;Я создал новую папку. Файлы в папке. Удали пустую папку.;I created a new folder. The files are in the folder. Delete the empty folder.;;
1498;technique;3;Funkcionisati;Функционисати;assets/images/words/funkcionisati.webp;assets/sounds/words/funkcionisati.mp3;Функционировать;To function;Uređaj ne funkcioniše dobro. Aplikacija funkcioniše savršeno. Sistem je prestao da funkcioniše.;Устройство работает плохо. Приложение работает отлично. Система перестала функционировать.;The device isn't functioning well. The app functions perfectly. The system stopped functioning.;;
1499;technique;3;Greška;Грешка;assets/images/words/greska.webp;assets/sounds/words/greska.mp3;Ошибка;Error;Pojavila se greška na ekranu. Ispravio sam grešku u kodu. Greška se ponavlja.;На экране появилась ошибка. Я исправил ошибку в коде. Ошибка повторяется.;An error appeared on the screen. I fixed the error in the code. The error keeps repeating.;;
1500;technique;3;Imejl;Имејл;assets/images/words/imejl.webp;assets/sounds/words/imejl.mp3;Имейл / электронное письмо;Email;Poslao sam imejl šefu. Proveri svoj imejl. Nisam dobio odgovor na imejl.;Я отправил имейл начальнику. Проверь свою почту. Я не получил ответ на письмо.;I sent an email to my boss. Check your email. I haven't received a reply to my email.;;
1501;technique;3;Instalirati;Инсталирати;assets/images/words/instalirati.webp;assets/sounds/words/instalirati.mp3;Устанавливать;To install;Instaliraj ovaj program. Instalirao sam novu aplikaciju. Treba mi pomoć da instaliram softver.;Установи эту программу. Я установил новое приложение. Мне нужна помощь, чтобы установить программу.;Install this program. I installed a new app. I need help installing the software.;;
1502;technique;3;Internet;Интернет;assets/images/words/internet.webp;assets/sounds/words/internet.mp3;Интернет;Internet;Internet ne radi. Koristim internet za posao. Internet je spor danas.;Интернет не работает. Я использую интернет для работы. Сегодня интернет медленный.;The internet isn't working. I use the internet for work. The internet is slow today.;;
1503;technique;3;Izbrisati;Избрисати;assets/images/words/izbrisati.webp;assets/sounds/words/izbrisati.mp3;Удалить;To delete;Izbrisao sam staru sliku. Izbriši ovaj fajl. Slučajno sam izbrisao poruku.;Я удалил старую фотографию. Удали этот файл. Я случайно удалил сообщение.;I deleted the old photo. Delete this file. I accidentally deleted the message.;;
1504;technique;3;Kabl;Кабл;assets/images/words/kabl.webp;assets/sounds/words/kabl.mp3;Кабель;Cable;Kabl je previše kratak. Kupio sam nov kabl za punjač. Kabl se pokidao.;Кабель слишком короткий. Я купил новый кабель для зарядки. Кабель порвался.;The cable is too short. I bought a new charging cable. The cable broke.;;
1505;technique;3;Komentar;Коментар;assets/images/words/komentar.webp;assets/sounds/words/komentar.mp3;Комментарий;Comment;Ostavio sam komentar ispod slike. Pročitala sam sve komentare. Njen komentar je bio duhovit.;Я оставил комментарий под фотографией. Я прочитала все комментарии. Её комментарий был остроумным.;I left a comment under the photo. I read all the comments. Her comment was witty.;;
1506;technique;3;Korisnik;Корисник;assets/images/words/korisnik.webp;assets/sounds/words/korisnik.mp3;Пользователь;User;Ovaj sajt ima milion korisnika. Korisnik je prijavio problem. Svaki korisnik ima svoj nalog.;У этого сайта миллион пользователей. Пользователь сообщил о проблеме. У каждого пользователя своя учётная запись.;This website has a million users. The user reported a problem. Each user has their own account.;;
1507;technique;3;Lozinka;Лозинка;assets/images/words/lozinka.webp;assets/sounds/words/lozinka.mp3;Пароль;Password;Zaboravio sam lozinku. Promeni lozinku redovno. Lozinka mora biti jaka.;Я забыл пароль. Меняй пароль регулярно. Пароль должен быть надёжным.;I forgot my password. Change your password regularly. The password must be strong.;;
1508;technique;3;Miš;Миш;assets/images/words/mis.webp;assets/sounds/words/mis.mp3;Мышь;Mouse;Miš ne radi kako treba. Kupio sam bežični miš. Miš mi je pao sa stola.;Мышь работает неправильно. Я купил беспроводную мышь. Мышь упала со стола.;The mouse isn't working properly. I bought a wireless mouse. The mouse fell off the desk.;;
1509;technique;3;Mreža;Мрежа;assets/images/words/mreza.webp;assets/sounds/words/mreza.mp3;Сеть;Network;Mreža je nestabilna. Povezao sam se na kućnu mrežu. Mreža je zaštićena lozinkom.;Сеть нестабильная. Я подключился к домашней сети. Сеть защищена паролем.;The network is unstable. I connected to the home network. The network is password-protected.;;
1510;technique;3;Napuniti;Напунити;assets/images/words/napuniti.webp;assets/sounds/words/napuniti.mp3;Зарядить;To charge;Moram napuniti telefon. Napuni bateriju preko noći. Napunio sam laptop do kraja.;Мне нужно зарядить телефон. Заряди батарею на ночь. Я полностью зарядил ноутбук.;I need to charge my phone. Charge the battery overnight. I fully charged the laptop.;;
1511;technique;3;Objaviti;Објавити;assets/images/words/objaviti.webp;assets/sounds/words/objaviti.mp3;Опубликовать;To publish / to post;Objavio sam sliku na mreži. Objavi vest na sajtu. Objavila je komentar juče.;Я опубликовал фото в сети. Опубликуй новость на сайте. Она опубликовала комментарий вчера.;I posted a photo online. Post the news on the website. She posted a comment yesterday.;;
1512;technique;3;Odjaviti;Одјавити;assets/images/words/odjaviti.webp;assets/sounds/words/odjaviti.mp3;Выйти (из аккаунта) / выписаться;To log out;Ne zaboravi da se odjaviš sa naloga. Odjavio sam se sa svih uređaja. Sistem će te odjaviti posle sat vremena neaktivnosti.;Не забудь выйти из аккаунта. Я вышел из аккаунта на всех устройствах. Система выведет тебя из аккаунта через час бездействия.;Don't forget to log out of your account. I logged out of all devices. The system will log you out after an hour of inactivity.;;
1513;technique;3;Odštampati;Одштампати;assets/images/words/odstampati.webp;assets/sounds/words/odstampati.mp3;Распечатать;To print;Moram odštampati dokument. Odštampaj ovu stranicu. Odštampao sam kartu za let.;Мне нужно распечатать документ. Распечатай эту страницу. Я распечатал посадочный талон.;I need to print the document. Print this page. I printed the boarding pass.;;
1514;technique;3;Pokvariti;Покварити;assets/images/words/pokvariti.webp;assets/sounds/words/pokvariti.mp3;Сломать / испортить(ся);To break / to break down;Telefon mi se pokvario juče. Mašina za veš se često kvari. Pazi da ne pokvariš uređaj.;Телефон у меня сломался вчера. Стиральная машина часто ломается. Смотри, не сломай устройство.;My phone broke down yesterday. The washing machine breaks down often. Be careful not to break the device.;;
1515;technique;3;Popraviti;Поправити;assets/images/words/popraviti.webp;assets/sounds/words/popraviti.mp3;Починить;To fix;Popravio sam kompjuter sam. Treba popraviti ekran. Popravili su uređaj za dan.;Я сам починил компьютер. Нужно починить экран. Устройство починили за день.;I fixed the computer myself. The screen needs to be fixed. They fixed the device in a day.;;
1516;technique;3;Pretraživač;Претраживач;assets/images/words/pretrazivac.webp;assets/sounds/words/pretrazivac.mp3;Браузер / поисковик;Browser;Koristim drugi pretraživač. Pretraživač se stalno ruši. Otvorio sam novi prozor u pretraživaču.;Я использую другой браузер. Браузер постоянно вылетает. Я открыл новую вкладку в браузере.;I use a different browser. The browser keeps crashing. I opened a new tab in the browser.;;
1517;technique;3;Preuzeti;Преузети;assets/images/words/preuzeti.webp;assets/sounds/words/preuzeti.mp3;Скачать;To download;Preuzeo sam novu aplikaciju. Preuzmi fajl sa sajta. Preuzimanje traje dugo.;Я скачал новое приложение. Скачай файл с сайта. Скачивание идёт долго.;I downloaded a new app. Download the file from the website. The download is taking a long time.;;
1518;technique;3;Punjač;Пуњач;assets/images/words/punjac.webp;assets/sounds/words/punjac.mp3;Зарядка;Charger;Zaboravio sam punjač kod kuće. Kupio sam nov punjač. Punjač ne radi.;Я забыл зарядное устройство дома. Я купил новое зарядное устройство. Зарядное устройство не работает.;I forgot my charger at home. I bought a new charger. The charger isn't working.;;
517;transport;3;Presesti;Пресести;assets/images/words/presesti.webp;assets/sounds/words/presesti.mp3;Пересесть;To change / transfer;Treba da presednete u Nišu. Presedamo na drugi voz. Nisam znao gde da presednem.;Вам нужно пересесть в Нише. Мы пересаживаемся на другой поезд. Я не знал, где пересесть.;You need to change trains in Niš. We're transferring to another train. I didn't know where to transfer.;;
518;transport;3;Propustiti;Пропустити;assets/images/words/propustiti.webp;assets/sounds/words/propustiti.mp3;Пропустить;To miss;Propustio sam autobus. Nemoj propustiti voz. Propustili smo presedanje.;Я пропустил автобус. Не пропусти поезд. Мы пропустили пересадку.;I missed the bus. Don't miss the train. We missed the connection.;;
519;transport;3;Rezervacija;Резервација;assets/images/words/rezervacija.webp;assets/sounds/words/rezervacija.mp3;Бронирование;Reservation;Imam rezervaciju za dva sedišta. Rezervacija je potvrđena. Nemam rezervaciju za ovaj voz.;У меня бронь на два места. Бронирование подтверждено. У меня нет брони на этот поезд.;I have a reservation for two seats. The reservation is confirmed. I don't have a reservation for this train.;;
520;transport;3;Rezervisati;Резервисати;assets/images/words/rezervisati.webp;assets/sounds/words/rezervisati.mp3;Забронировать;To book / reserve;Rezervisao sam kartu unapred. Moramo rezervisati sedišta. Rezerviši mesto na vreme.;Я забронировал билет заранее. Нам нужно забронировать места. Забронируй место вовремя.;I booked the ticket in advance. We need to reserve seats. Book the seat in time.;;
521;transport;3;Sam;Сам;assets/images/words/sam.webp;assets/sounds/words/sam.mp3;Один / сам;Alone;Putujem sam ovog leta. Voliš li da budeš sam? On je otišao sam.;Этим летом я путешествую один. Тебе нравится быть одному? Он ушёл один.;I'm traveling alone this summer. Do you like being alone? He left alone.;;
522;transport;3;Saputnik;Сапутник;assets/images/words/saputnik.webp;assets/sounds/words/saputnik.mp3;Попутчик;Fellow traveler;Upoznao sam zanimljivog saputnika. Saputnik mi je pomogao sa prtljagom. Nemam saputnika za ovo putovanje.;Я познакомился с интересным попутчиком. Попутчик помог мне с багажом. У меня нет попутчика для этой поездки.;I met an interesting fellow traveler. My fellow traveler helped me with my luggage. I have no companion for this trip.;;
523;transport;3;Usput;Успут;assets/images/words/usput.webp;assets/sounds/words/usput.mp3;По пути / попутно;On the way;Usput smo stali za kafu. Usput ću ti sve ispričati. Kupićemo hranu usput.;По пути мы остановились выпить кофе. По дороге я тебе всё расскажу. Мы купим еду по дороге.;We stopped for coffee on the way. I'll tell you everything on the way. We'll buy food on the way.;;
524;transport;3;Zajedno;Заједно;assets/images/words/zajedno.webp;assets/sounds/words/zajedno.mp3;Вместе;Together;Putujemo zajedno. Sedimo zajedno u vozu. Zajedno smo stigli na vreme.;Мы путешествуем вместе. Мы сидим вместе в поезде. Мы вместе приехали вовремя.;We're traveling together. We're sitting together on the train. We arrived on time together.;;
525;transport;3;Izgubiti;Изгубити;assets/images/words/izgubiti.webp;assets/sounds/words/izgubiti.mp3;Потерять;To lose;Izgubio sam kartu za voz. Ne želim da izgubim vreme. Izgubili smo se u nepoznatom gradu.;Я потерял билет на поезд. Я не хочу терять время. Мы потерялись в незнакомом городе.;I lost my train ticket. I don't want to lose time. We got lost in an unfamiliar city.;;
526;transport;3;Linija;Линија;assets/images/words/linija.webp;assets/sounds/words/linija.mp3;Линия;Line, route;Ova autobuska linija ide do centra. Promenio sam liniju metroa. Nova linija je uvedena prošle godine.;Этот автобусный маршрут идёт до центра. Я пересел на другую линию метро. Новая линия была введена в прошлом году.;This bus line goes to the center. I switched metro lines. The new line was introduced last year.;;
527;transport;3;Peške;Пешке;assets/images/words/peske.webp;assets/sounds/words/peske.mp3;Пешком;On foot;Idem na posao peške svako jutro. Do stanice se može stići peške za deset minuta. Radije idem peške nego autobusom.;Я хожу на работу пешком каждое утро. До станции можно дойти пешком за десять минут. Я предпочитаю ходить пешком, а не на автобусе.;I walk to work every morning. You can walk to the station in ten minutes. I'd rather walk than take the bus.;;
528;transport;3;Rentakar;Рентакар;assets/images/words/rentakar.webp;assets/sounds/words/rentakar.mp3;Прокат автомобилей;Car rental;Uzeli smo auto na rentakar. Rentakar je jeftin za nedelju dana. Vratite rentakar do podneva.;Мы взяли машину напрокат. Прокат авто дешёвый на неделю. Верните прокатную машину до полудня.;We rented a car. Car rental is cheap for a week. Return the rental car by noon.;;
529;transport;3;Trajekt;Трајект;assets/images/words/trajekt.webp;assets/sounds/words/trajekt.mp3;Паром;Ferry;Trajekt polazi svakog sata. Prešli smo more trajektom. Trajekt je pun automobila.;Паром отправляется каждый час. Мы пересекли море на пароме. Паром полон машин.;The ferry departs every hour. We crossed the sea by ferry. The ferry is full of cars.;;
530;transport;3;Šatl;Шатл;assets/images/words/satl.webp;assets/sounds/words/satl.mp3;Шаттл;Shuttle;Šatl vozi od hotela do aerodroma. Šatl je besplatan za goste. Čekamo šatl ispred hotela.;Шаттл возит от отеля до аэропорта. Шаттл бесплатный для гостей. Мы ждём шаттл перед отелем.;The shuttle runs from the hotel to the airport. The shuttle is free for guests. We're waiting for the shuttle in front of the hotel.;;
531;transport;3;Ukrcavanje;Укрцавање;assets/images/words/ukrcavanje.webp;assets/sounds/words/ukrcavanje.mp3;Посадка;Boarding;Ukrcavanje počinje za pola sata. Ukrcavanje je na kapiji pet. Kasnimo na ukrcavanje.;Посадка начинается через полчаса. Посадка у выхода пять. Мы опаздываем на посадку.;Boarding starts in half an hour. Boarding is at gate five. We're late for boarding.;;
532;transport;3;Kasni;Касни;assets/images/words/kasni.webp;assets/sounds/words/kasni.mp3;Опаздывает;Is late / delayed;Voz kasni pola sata. Let kasni zbog vremena. Autobus stalno kasni.;Поезд опаздывает на полчаса. Рейс задерживается из-за погоды. Автобус постоянно опаздывает.;The train is half an hour late. The flight is delayed due to weather. The bus is always late.;;
533;transport;3;Otkazano;Отказано;assets/images/words/otkazano.webp;assets/sounds/words/otkazano.mp3;Отменено;Cancelled;Let je otkazan. Voz je otkazan zbog kvara. Putovanje je otkazano.;Рейс отменён. Поезд отменён из-за поломки. Поездка отменена.;The flight is cancelled. The train is cancelled due to a breakdown. The trip has been cancelled.;;
534;transport;3;Vožnja;Вожња;assets/images/words/voznja.webp;assets/sounds/words/voznja.mp3;Поездка;Ride, driving;Vožnja taksijem je bila brza. Volim dugu vožnju automobilom. Vožnja biciklom je odličan način vežbanja.;Поездка на такси была быстрой. Я люблю долгие поездки на машине. Езда на велосипеде — отличный способ тренировки.;The taxi ride was fast. I love long car rides. Bike riding is a great way to exercise.;;
535;transport;3;Zaustaviti;Зауставити;assets/images/words/zaustaviti.webp;assets/sounds/words/zaustaviti.mp3;Остановить;To stop;Vozač je morao da zaustavi autobus. Zaustavi se na sledećem semaforu. Nismo mogli da zaustavimo voz na vreme.;Водителю пришлось остановить автобус. Остановись на следующем светофоре. Мы не смогли вовремя остановить поезд.;The driver had to stop the bus. Stop at the next traffic light. We couldn't stop the train in time.;;
536;transport;3;Carina;Царина;assets/images/words/carina.webp;assets/sounds/words/carina.mp3;Таможня;Customs;Prošli smo kroz carinu bez problema. Carina proverava sav prtljag. Na granici nas je zaustavila carina.;Мы прошли таможню без проблем. Таможня проверяет весь багаж. На границе нас остановила таможня.;We went through customs without any problems. Customs checks all the luggage. Customs stopped us at the border.;;
537;transport;3;Pasoš;Пасош;assets/images/words/pasos.webp;assets/sounds/words/pasos.mp3;Паспорт;Passport;Ne zaboravi pasoš za putovanje. Pasoš mi ističe sledeće godine. Pokazao sam pasoš na granici.;Не забудь паспорт для поездки. Мой паспорт истекает в следующем году. Я показал паспорт на границе.;Don't forget your passport for the trip. My passport expires next year. I showed my passport at the border.;;
538;transport;3;Prevoznik;Превозник;assets/images/words/prevoznik.webp;assets/sounds/words/prevoznik.mp3;Перевозчик;Carrier;Ovaj prevoznik ima dobre cene. Prevoznik je odgovoran za prtljag. Izabrali smo pouzdanog prevoznika.;У этого перевозчика хорошие цены. Перевозчик отвечает за багаж. Мы выбрали надёжного перевозчика.;This carrier has good prices. The carrier is responsible for the luggage. We chose a reliable carrier.;;
539;transport;3;Elektronski;Електронски;assets/images/words/elektronski.webp;assets/sounds/words/elektronski.mp3;Электронный;Electronic;Kupio sam elektronsku kartu za voz. Elektronski uređaji se moraju isključiti u avionu. Popunio sam elektronski formular.;Я купил электронный билет на поезд. Электронные устройства нужно выключить в самолёте. Я заполнил электронную форму.;I bought an electronic train ticket. Electronic devices must be turned off on the plane. I filled out an electronic form.;;
540;transport;3;Validacija;Валидација;assets/images/words/validacija.webp;assets/sounds/words/validacija.mp3;Валидация;Validation;Validacija karte se vrši u autobusu. Zaboravio sam validaciju bileta. Bez validacije, karta nije važeća.;Валидация билета проводится в автобусе. Я забыл прокомпостировать билет. Без валидации билет недействителен.;Ticket validation is done on the bus. I forgot to validate the ticket. Without validation, the ticket isn't valid.;;
541;transport;3;Kontrolor;Контролор;assets/images/words/kontrolor.webp;assets/sounds/words/kontrolor.mp3;Контролёр;Ticket inspector;Kontrolor je proverio karte. Kontrolor je ušao u voz. Nisam imao kartu kada je došao kontrolor.;Контролёр проверил билеты. Контролёр вошёл в поезд. У меня не было билета, когда пришёл контролёр.;The inspector checked the tickets. The inspector got on the train. I didn't have a ticket when the inspector came.;;
542;transport;3;Kontrola;Контрола;assets/images/words/kontrola.webp;assets/sounds/words/kontrola.mp3;Контроль;Control, check;Prošli smo kontrolu karata bez problema. Pasoška kontrola traje kratko. Kontrola bezbednosti na aerodromu je stroga.;Мы прошли проверку билетов без проблем. Паспортный контроль занимает мало времени. Контроль безопасности в аэропорту строгий.;We passed the ticket check without problems. Passport control doesn't take long. Airport security control is strict.;;
1369;travel;3;Znamenitosti;Знаменитости;assets/images/words/znamenitosti.webp;assets/sounds/words/znamenitosti.mp3;Достопримечательности;Landmarks;Posetili smo sve znamenitosti. Znamenitosti grada su prelepe. Vodič nam je pokazao znamenitosti.;Мы посетили все достопримечательности. Достопримечательности города прекрасны. Гид показал нам достопримечательности.;We visited all the landmarks. The city's landmarks are beautiful. The guide showed us the landmarks.;;
1370;travel;3;Poseta;Посета;assets/images/words/poseta.webp;assets/sounds/words/poseta.mp3;Посещение;Visit;Poseta muzeju je bila zanimljiva. Planiramo posetu porodici. Poseta traje dva sata.;Посещение музея было интересным. Мы планируем визит к семье. Посещение длится два часа.;The visit to the museum was interesting. We're planning a visit to family. The visit lasts two hours.;;
1371;travel;3;Fotografišem;Фотографишем;assets/images/words/fotografisem.webp;assets/sounds/words/fotografisem.mp3;Фотографирую;I'm photographing;Fotografišem znamenitosti grada. Fotografišem svaki zalazak sunca. Fotografišem porodicu na plaži.;Я фотографирую достопримечательности города. Я фотографирую каждый закат. Я фотографирую семью на пляже.;I'm photographing the city's landmarks. I photograph every sunset. I'm photographing my family on the beach.;;
1372;travel;3;Aranžman;Аранжман;assets/images/words/aranzman.webp;assets/sounds/words/aranzman.mp3;Турпакет;Package tour;Kupili smo aranžman za Grčku. Aranžman uključuje hotel i avion. Aranžman je bio jeftin.;Мы купили тур в Грецию. Тур включает отель и перелёт. Тур был недорогим.;We bought a package tour to Greece. The package includes the hotel and flight. The package tour was cheap.;;
1373;travel;3;Apartman;Апартман;assets/images/words/apartman.webp;assets/sounds/words/apartman.mp3;Апартаменты;Apartment;Iznajmili smo apartman na moru. Apartman ima dve spavaće sobe. Apartman je udoban i prostran.;Мы арендовали апартаменты у моря. В апартаментах две спальни. Апартаменты уютные и просторные.;We rented an apartment by the sea. The apartment has two bedrooms. The apartment is comfortable and spacious.;;
1374;travel;3;Hostel;Хостел;assets/images/words/hostel.webp;assets/sounds/words/hostel.mp3;Хостел;Hostel;Odseli smo u hostelu zbog cene. Hostel ima zajedničku kuhinju. Hostel je pun mladih putnika.;Мы остановились в хостеле из-за цены. В хостеле есть общая кухня. Хостел полон молодых путешественников.;We stayed at a hostel because of the price. The hostel has a shared kitchen. The hostel is full of young travelers.;;
1375;travel;3;Jednokrevetan;Једнокреветан;assets/images/words/jednokrevetan.webp;assets/sounds/words/jednokrevetan.mp3;Одноместный;Single (room);Rezervisao sam jednokrevetnu sobu. Jednokrevetna soba je jeftinija. Hotel nudi samo jednokrevetne i dvokrevetne sobe.;Я забронировал одноместный номер. Одноместный номер дешевле. Отель предлагает только одноместные и двухместные номера.;I booked a single room. A single room is cheaper. The hotel only offers single and double rooms.;;
1376;travel;3;Dvokrevetan;Двокреветан;assets/images/words/dvokrevetan.webp;assets/sounds/words/dvokrevetan.mp3;Двухместный;Double (room);Rezervisali smo dvokrevetnu sobu za dva noćenja. Dvokrevetna soba ima pogled na more. Cena dvokrevetne sobe je viša.;Мы забронировали двухместный номер на две ночи. У двухместного номера вид на море. Цена двухместного номера выше.;We booked a double room for two nights. The double room has a sea view. The price of the double room is higher.;;
1377;travel;3;Razgledanje;Разгледање;assets/images/words/razgledanje.webp;assets/sounds/words/razgledanje.mp3;Осмотр достопримечательностей;Sightseeing;Sutra idemo u razgledanje grada. Razgledanje muzeja traje dva sata. Organizovano razgledanje počinje u devet.;Завтра мы идём на осмотр города. Осмотр музея занимает два часа. Организованная экскурсия начинается в девять.;Tomorrow we're going sightseeing in the city. Sightseeing the museum takes two hours. The organized tour starts at nine.;;
1378;travel;3;Prijava;Пријава;assets/images/words/prijava.webp;assets/sounds/words/prijava.mp3;Регистрация;Check-in;Prijava je otvorena od dva popodne. Uradio sam prijavu onlajn. Prijava traje kratko.;Регистрация открыта с двух дня. Я зарегистрировался онлайн. Регистрация занимает мало времени.;Check-in opens at two in the afternoon. I checked in online. Check-in doesn't take long.;;
1379;travel;3;Agencija;Агенција;assets/images/words/agencija.webp;assets/sounds/words/agencija.mp3;Агентство;Agency;Kontaktirao sam agenciju za rezervaciju. Agencija nudi razne aranžmane. Agencija je pouzdana.;Я связался с агентством по бронированию. Агентство предлагает разные туры. Агентство надёжное.;I contacted the booking agency. The agency offers various packages. The agency is reliable.;;
1380;travel;3;Depozit;Депозит;assets/images/words/depozit.webp;assets/sounds/words/depozit.mp3;Депозит;Deposit;Platio sam depozit za sobu. Depozit se vraća pri odjavi. Depozit je bio pedeset evra.;Я заплатил депозит за номер. Депозит возвращается при выезде. Депозит составил пятьдесят евро.;I paid a deposit for the room. The deposit is returned at checkout. The deposit was fifty euros.;;
1381;travel;3;Doručak;Доручак;assets/images/words/dorucak.webp;assets/sounds/words/dorucak.mp3;Завтрак;Breakfast;Doručak se služi od sedam. Doručak je bio ukusan. Propustili smo doručak.;Завтрак подаётся с семи. Завтрак был вкусным. Мы пропустили завтрак.;Breakfast is served from seven. The breakfast was delicious. We missed breakfast.;;
1382;travel;3;Galerija;Галерија;assets/images/words/galerija.webp;assets/sounds/words/galerija.mp3;Галерея;Gallery;Posetili smo umetničku galeriju. Galerija ima zanimljivu izložbu. Galerija je besplatna nedeljom.;Мы посетили художественную галерею. В галерее интересная выставка. Галерея бесплатна по воскресеньям.;We visited an art gallery. The gallery has an interesting exhibit. The gallery is free on Sundays.;;
1383;travel;3;Gost;Гост;assets/images/words/gost.webp;assets/sounds/words/gost.mp3;Гость;Guest;Hotel ima puno gostiju leti. Gost je zamolio za dodatni jastuk. Gosti su zadovoljni uslugom.;Летом в отеле много гостей. Гость попросил дополнительную подушку. Гости довольны обслуживанием.;The hotel has many guests in summer. The guest asked for an extra pillow. The guests are satisfied with the service.;;
1384;travel;3;Gostoprimstvo;Гостопримство;assets/images/words/gostoprimstvo.webp;assets/sounds/words/gostoprimstvo.mp3;Гостеприимство;Hospitality;Hvala vam na gostoprimstvu. Gostoprimstvo je deo lokalne kulture. Osećali smo pravo gostoprimstvo.;Спасибо за гостеприимство. Гостеприимство — часть местной культуры. Мы почувствовали настоящее гостеприимство.;Thank you for your hospitality. Hospitality is part of the local culture. We felt genuine hospitality.;;
1385;travel;3;Grupa;Група;assets/images/words/grupa.webp;assets/sounds/words/grupa.mp3;Группа;Group;Putujemo u grupi od deset ljudi. Grupa je stigla na vreme. Vodič čeka grupu ispred hotela.;Мы путешествуем группой из десяти человек. Группа прибыла вовремя. Гид ждёт группу перед отелем.;We're traveling in a group of ten. The group arrived on time. The guide is waiting for the group in front of the hotel.;;
1386;travel;3;Istražiti;Истражити;assets/images/words/istraziti.webp;assets/sounds/words/istraziti.mp3;Исследовать;To explore;Volimo da istražujemo nove gradove. Istražili smo staru varoš pešice. Planiramo da istražimo ostrvo.;Мы любим исследовать новые города. Мы исследовали старый город пешком. Мы планируем исследовать остров.;We love exploring new cities. We explored the old town on foot. We're planning to explore the island.;;
1387;travel;3;Izlet;Излет;assets/images/words/izlet.webp;assets/sounds/words/izlet.mp3;Экскурсия;Excursion;Kupili smo izlet do vodopada. Izlet je trajao ceo dan. Izlet je bio nezaboravan.;Мы купили экскурсию к водопаду. Экскурсия длилась целый день. Экскурсия была незабываемой.;We bought an excursion to the waterfall. The excursion lasted the whole day. The excursion was unforgettable.;;
1388;travel;3;Kašnjenje;Кашњење;assets/images/words/kasnjenje.webp;assets/sounds/words/kasnjenje.mp3;Задержка;Delay;Kašnjenje leta je bilo dva sata. Izvinjavamo se zbog kašnjenja. Kašnjenje je izazvano lošim vremenom.;Задержка рейса составила два часа. Извините за задержку. Задержка вызвана плохой погодой.;The flight delay was two hours. We apologize for the delay. The delay was caused by bad weather.;;
1389;travel;3;Lift;Лифт;assets/images/words/lift.webp;assets/sounds/words/lift.mp3;Лифт;Elevator;Lift ne radi danas. Uzmi lift do petog sprata. Lift je zauzet.;Лифт сегодня не работает. Поднимись на лифте на пятый этаж. Лифт занят.;The elevator isn't working today. Take the elevator to the fifth floor. The elevator is occupied.;;
1390;travel;3;Lokalan;Локалан;assets/images/words/lokalan.webp;assets/sounds/words/lokalan.mp3;Локальный;Local;Probali smo lokalno vino. Lokalni ljudi su ljubazni. Lokalna kuhinja je izvrsna.;Мы попробовали местное вино. Местные жители дружелюбны. Местная кухня превосходна.;We tried the local wine. The local people are kind. The local cuisine is excellent.;;
1391;travel;3;Meni;Мени;assets/images/words/meni.webp;assets/sounds/words/meni.mp3;Меню;Menu;Pogledaj meni pre naručivanja. Meni je na engleskom i srpskom. Meni ima puno opcija.;Посмотри меню перед заказом. Меню на английском и сербском. В меню много вариантов.;Look at the menu before ordering. The menu is in English and Serbian. The menu has many options.;;
1392;travel;3;More;Море;assets/images/words/more.webp;assets/sounds/words/more.mp3;Море;Sea;More je toplo leti. Kuća je pored mora. Volimo da plivamo u moru.;Море тёплое летом. Дом рядом с морем. Мы любим плавать в море.;The sea is warm in summer. The house is by the sea. We love swimming in the sea.;;
1393;travel;3;Napojnica;Напојница;assets/images/words/napojnica.webp;assets/sounds/words/napojnica.mp3;Чаевые;Tip;Ostavio sam napojnicu konobaru. Napojnica nije obavezna. Napojnica je bila deset posto.;Я оставил чаевые официанту. Чаевые не обязательны. Чаевые составили десять процентов.;I left a tip for the waiter. A tip isn't mandatory. The tip was ten percent.;;
1394;travel;3;Nezaboravan;Незабораван;assets/images/words/nezaboravan.webp;assets/sounds/words/nezaboravan.mp3;Незабываемый;Unforgettable;Ovo je bio nezaboravan odmor. Bilo je to nezaboravno iskustvo za celu porodicu. Putovanje je bilo nezaboravno.;Это был незабываемый отпуск. Это был незабываемый опыт для всей семьи. Поездка была незабываемой.;This was an unforgettable vacation. It was an unforgettable experience for the whole family. The trip was unforgettable.;;
1395;travel;3;Odjava;Одјава;assets/images/words/odjava.webp;assets/sounds/words/odjava.mp3;Выезд;Checkout;Odjava je do jedanaest. Uradili smo odjavu na vreme. Odjava traje pet minuta.;Выезд до одиннадцати. Мы выехали вовремя. Выезд занимает пять минут.;Checkout is by eleven. We checked out on time. Checkout takes five minutes.;;
1396;travel;3;Odredište;Одредиште;assets/images/words/odrediste.webp;assets/sounds/words/odrediste.mp3;Назначение;Destination;Naše odredište je Rim. Stigli smo na odredište. Odredište je udaljeno tri sata.;Наш пункт назначения — Рим. Мы прибыли в пункт назначения. Пункт назначения в трёх часах пути.;Our destination is Rome. We arrived at our destination. The destination is three hours away.;;
1397;travel;3;Organizovati;Организовати;assets/images/words/organizovati.webp;assets/sounds/words/organizovati.mp3;Организовать;To organize;Organizovali smo putovanje sami. Agencija je organizovala izlet. Treba da organizujem prevoz.;Мы сами организовали поездку. Агентство организовало экскурсию. Мне нужно организовать транспорт.;We organized the trip ourselves. The agency organized the excursion. I need to organize transportation.;;
1398;travel;3;Osiguranje;Осигурање;assets/images/words/osiguranje.webp;assets/sounds/words/osiguranje.mp3;Страховка;Insurance;Kupio sam osiguranje pre puta. Osiguranje pokriva medicinske troškove. Nemam osiguranje za ovo putovanje.;Я купил страховку перед поездкой. Страховка покрывает медицинские расходы. У меня нет страховки на эту поездку.;I bought insurance before the trip. Insurance covers medical expenses. I don't have insurance for this trip.;;
1399;travel;3;Pogled;Поглед;assets/images/words/pogled.webp;assets/sounds/words/pogled.mp3;Вид;View;Soba ima pogled na more. Pogled sa terase je predivan. Uživamo u pogledu na planine.;Из номера открывается вид на море. Вид с террасы прекрасен. Мы наслаждаемся видом на горы.;The room has a sea view. The view from the terrace is beautiful. We're enjoying the mountain view.;;
1400;travel;3;Popularan;Популаран;assets/images/words/popularan.webp;assets/sounds/words/popularan.mp3;Популярный;Popular;Ovo je popularna turistička destinacija. Restoran je popularan kod turista. Popularan spomenik privlači mnoge.;Это популярное туристическое направление. Ресторан популярен у туристов. Популярный памятник привлекает многих.;This is a popular tourist destination. The restaurant is popular with tourists. The popular monument attracts many visitors.;;
1401;travel;3;Popunjen;Попуњен;assets/images/words/popunjen.webp;assets/sounds/words/popunjen.mp3;Заполненный / занятый;Full / booked;Hotel je popunjen za vikend. Sve sobe su popunjene. Let je potpuno popunjen.;Отель полностью заполнен на выходные. Все номера заняты. Рейс полностью заполнен.;The hotel is fully booked for the weekend. All rooms are booked. The flight is completely full.;;
1402;travel;3;Preporuka;Препорука;assets/images/words/preporuka.webp;assets/sounds/words/preporuka.mp3;Рекомендация;Recommendation;Hvala na preporuci restorana. Preporuka je bila odlična. Sledimo preporuku vodiča.;Спасибо за рекомендацию ресторана. Рекомендация была отличной. Мы следуем рекомендации гида.;Thanks for the restaurant recommendation. The recommendation was excellent. We're following the guide's recommendation.;;
1403;travel;3;Preporučiti;Препоручити;assets/images/words/preporuciti.webp;assets/sounds/words/preporuciti.mp3;Порекомендовать;To recommend;Možete li preporučiti dobar restoran? Preporučio nam je muzej. Preporučujem ovaj hotel.;Можете порекомендовать хороший ресторан? Он порекомендовал нам музей. Я рекомендую этот отель.;Can you recommend a good restaurant? He recommended the museum to us. I recommend this hotel.;;
1404;travel;3;Prepun;Препун;assets/images/words/prepun.webp;assets/sounds/words/prepun.mp3;Переполненный;Overcrowded;Plaža je bila prepuna. Muzej je prepun turista. Autobus je bio prepun.;Пляж был переполнен. Музей переполнен туристами. Автобус был переполнен.;The beach was overcrowded. The museum is overcrowded with tourists. The bus was overcrowded.;;
1405;travel;3;Priznanica;Признаница;assets/images/words/priznanica.webp;assets/sounds/words/priznanica.mp3;Квитанция;Receipt;Sačuvajte priznanicu za povraćaj. Priznanica je izdata odmah. Izgubio sam priznanicu.;Сохраните квитанцию для возврата. Квитанция выдана сразу. Я потерял квитанцию.;Keep the receipt for a refund. The receipt was issued immediately. I lost the receipt.;;
1406;travel;3;Prostran;Простран;assets/images/words/prostran.webp;assets/sounds/words/prostran.mp3;Просторный;Spacious;Soba je prostrana i svetla. Apartman je veoma prostran. Prostran hodnik vodi do terase.;Комната просторная и светлая. Апартаменты очень просторные. Просторный коридор ведёт на террасу.;The room is spacious and bright. The apartment is very spacious. A spacious hallway leads to the terrace.;;
1407;travel;3;Putovanje;Путовање;assets/images/words/putovanje.webp;assets/sounds/words/putovanje.mp3;Путешествие;Trip;Putovanje je trajalo pet sati. Putovanje u Italiju je bilo divno. Planiramo putovanje na more.;Путешествие длилось пять часов. Поездка в Италию была прекрасной. Мы планируем путешествие на море.;The trip lasted five hours. The trip to Italy was wonderful. We're planning a trip to the sea.;;
630;work;3;Sudija;Судија;assets/images/words/sudija.webp;assets/sounds/words/sudija.mp3;Судья;Judge;Sudija je doneo presudu. Ona je poznata sudija. Sudija je saslušao svedoke.;Судья вынес приговор. Она известный судья. Судья выслушал свидетелей.;The judge delivered the verdict. She's a well-known judge. The judge heard the witnesses.;;
631;work;3;Taksista;Таксиста;assets/images/words/taksista.webp;assets/sounds/words/taksista.mp3;Таксист;Taxi driver;Taksista me je vozio do aerodroma. Radi kao taksista u gradu. Taksista poznaje sve ulice.;Таксист отвёз меня в аэропорт. Он работает таксистом в городе. Таксист знает все улицы.;The taxi driver drove me to the airport. He works as a taxi driver in the city. The taxi driver knows all the streets.;;
632;work;3;Tim;Тим;assets/images/words/tim.webp;assets/sounds/words/tim.mp3;Команда;Team;Radim u odličnom timu. Tim je pobedio na takmičenju. Naš tim ima deset ljudi.;Я работаю в отличной команде. Команда победила на соревновании. В нашей команде десять человек.;I work on a great team. The team won the competition. Our team has ten people.;;
633;work;3;Trener;Тренер;assets/images/words/trener.webp;assets/sounds/words/trener.mp3;Тренер;Coach;Trener je organizovao trening. On je bio moj trener. Trener nam je dao savete.;Тренер организовал тренировку. Он был моим тренером. Тренер дал нам советы.;The coach organized the training. He was my coach. The coach gave us advice.;;
634;work;3;Unapređenje;Унапређење;assets/images/words/unapredjenje.webp;assets/sounds/words/unapredjenje.mp3;Повышение;Promotion;Dobio sam unapređenje na poslu. Unapređenje donosi veću platu. Zaslužio je unapređenje.;Я получил повышение на работе. Повышение приносит более высокую зарплату. Он заслужил повышение.;I got a promotion at work. The promotion comes with a higher salary. He deserved the promotion.;;
635;work;3;Vatrogasac;Ватрогасац;assets/images/words/vatrogasac.webp;assets/sounds/words/vatrogasac.mp3;Пожарный;Firefighter;Vatrogasac je ugasio požar. On je hrabar vatrogasac. Postao je vatrogasac sa dvadeset godina.;Пожарный потушил пожар. Он храбрый пожарный. Он стал пожарным в двадцать лет.;The firefighter put out the fire. He's a brave firefighter. He became a firefighter at twenty.;;
636;work;3;Veština;Вештина;assets/images/words/vestina.webp;assets/sounds/words/vestina.mp3;Навык;Skill;Ova veština mi je korisna. Razvijam nove veštine. Veština komunikacije je važna.;Этот навык мне полезен. Я развиваю новые навыки. Навык общения важен.;This skill is useful to me. I'm developing new skills. Communication skills are important.;;
637;work;3;Vodoinstalater;Водоинсталатер;assets/images/words/vodoinstalater.webp;assets/sounds/words/vodoinstalater.mp3;Сантехник;Plumber;Pozvao sam vodoinstalatera zbog curenja. Vodoinstalater je popravio slavinu. Radim kao vodoinstalater.;Я вызвал сантехника из-за протечки. Сантехник починил кран. Я работаю сантехником.;I called a plumber because of a leak. The plumber fixed the faucet. I work as a plumber.;;
638;work;3;Vredan;Вредан;assets/images/words/vredan.webp;assets/sounds/words/vredan.mp3;Трудолюбивый;Hardworking;Ona je veoma vredna radnica. Vredan rad se isplati. On je vredan i pouzdan.;Она очень трудолюбивая работница. Усердный труд окупается. Он трудолюбив и надёжен.;She's a very hardworking employee. Hard work pays off. He's hardworking and reliable.;;
639;work;3;Zemljoradnik;Земљорадник;assets/images/words/zemljoradnik.webp;assets/sounds/words/zemljoradnik.mp3;Земледелец;Farmer;Zemljoradnik obrađuje zemlju. On je zemljoradnik u selu. Zemljoradnik sadi žito u proleće.;Земледелец обрабатывает землю. Он земледелец в деревне. Земледелец сажает зерно весной.;The farmer works the land. He's a farmer in the village. The farmer plants grain in spring.;;
640;work;3;Knjižica;Књижица;assets/images/words/knjizica.webp;assets/sounds/words/knjizica.mp3;Книжка;Booklet;Radna knjižica se čuva u kadrovskoj službi. Dobio sam zdravstvenu knjižicu. Popuni podatke u knjižici.;Трудовая книжка хранится в отделе кадров. Я получил медицинскую книжку. Заполни данные в книжке.;The work booklet is kept in the HR department. I received a health booklet. Fill in the details in the booklet.;;
641;work;3;Porez;Порез;assets/images/words/porez.webp;assets/sounds/words/porez.mp3;Налог;Tax;Porez se plaća svakog meseca. Firma je platila sav porez na vreme. Porez na dohodak je povećan ove godine.;Налог платится каждый месяц. Компания вовремя заплатила все налоги. Подоходный налог в этом году увеличился.;Tax is paid every month. The company paid all taxes on time. Income tax has increased this year.;;
642;work;3;Sindikat;Синдикат;assets/images/words/sindikat.webp;assets/sounds/words/sindikat.mp3;Профсоюз;Trade union;Sindikat brani prava radnika. Učlanio sam se u sindikat. Sindikat je organizovao štrajk.;Профсоюз защищает права работников. Я вступил в профсоюз. Профсоюз организовал забастовку.;The trade union defends workers' rights. I joined the trade union. The trade union organized a strike.;;
643;work;3;Akcionar;Акционар;assets/images/words/akcionar.webp;assets/sounds/words/akcionar.mp3;Акционер;Shareholder;On je akcionar velike kompanije. Akcionari su glasali za odluku. Postao sam akcionar prošle godine.;Он акционер крупной компании. Акционеры проголосовали за решение. Я стал акционером в прошлом году.;He's a shareholder of a large company. The shareholders voted on the decision. I became a shareholder last year.;;
644;work;3;Bankrotirati;Банкротирати;assets/images/words/bankrotirati.webp;assets/sounds/words/bankrotirati.mp3;Обанкротиться;To go bankrupt;Firma je bankrotirala prošle godine. Bojali smo se da ćemo bankrotirati. Mnoge firme su bankrotirale tokom krize.;Компания обанкротилась в прошлом году. Мы боялись обанкротиться. Многие компании обанкротились во время кризиса.;The company went bankrupt last year. We were afraid we would go bankrupt. Many companies went bankrupt during the crisis.;;
645;work;3;Budžet;Буџет;assets/images/words/budzet.webp;assets/sounds/words/budzet.mp3;Бюджет;Budget;Budžet za projekat je ograničen. Prekoračili smo budžet. Planiram budžet za sledeći mesec.;Бюджет проекта ограничен. Мы превысили бюджет. Я планирую бюджет на следующий месяц.;The project budget is limited. We exceeded the budget. I'm planning the budget for next month.;;
646;work;3;Dobavljač;Добављач;assets/images/words/dobavljac.webp;assets/sounds/words/dobavljac.mp3;Поставщик;Supplier;Naš dobavljač kasni sa isporukom. Promenili smo dobavljača. Dobavljač nudi bolje cene.;Наш поставщик задерживает поставку. Мы сменили поставщика. Поставщик предлагает лучшие цены.;Our supplier is delaying delivery. We changed suppliers. The supplier offers better prices.;;
647;work;3;Dobit;Добит;assets/images/words/dobit.webp;assets/sounds/words/dobit.mp3;Прибыль;Profit;Firma je ostvarila veliku dobit. Dobit je porasla ove godine. Podelili smo dobit sa akcionarima.;Компания получила большую прибыль. Прибыль выросла в этом году. Мы разделили прибыль с акционерами.;The company made a large profit. Profit has grown this year. We shared the profit with shareholders.;;
648;work;3;Dužnik;Дужник;assets/images/words/duznik.webp;assets/sounds/words/duznik.mp3;Должник;Debtor;Firma je dužnik banke. Dužnik nije platio na vreme. Postao sam dužnik posle kredita.;Компания является должником банка. Должник не заплатил вовремя. Я стал должником после кредита.;The company is a debtor to the bank. The debtor didn't pay on time. I became a debtor after the loan.;;
649;work;3;Finansiranje;Финансирање;assets/images/words/finansiranje.webp;assets/sounds/words/finansiranje.mp3;Финансирование;Financing;Tražimo finansiranje za projekat. Finansiranje je odobreno. Dobili smo finansiranje od investitora.;Мы ищем финансирование для проекта. Финансирование одобрено. Мы получили финансирование от инвестора.;We're looking for financing for the project. The financing was approved. We received financing from an investor.;;
650;work;3;Finansirati;Финансирати;assets/images/words/finansirati.webp;assets/sounds/words/finansirati.mp3;Финансировать;To finance;Banka finansira male firme. Investitor je finansirao startap. Vlada finansira projekat.;Банк финансирует малые компании. Инвестор профинансировал стартап. Правительство финансирует проект.;The bank finances small companies. The investor financed the startup. The government finances the project.;;
651;work;3;Franšiza;Франшиза;assets/images/words/fransiza.webp;assets/sounds/words/fransiza.mp3;Франшиза;Franchise;Kupio sam franšizu poznatog brenda. Franšiza zahteva ulaganje. Otvorio je franšizu restorana.;Я купил франшизу известного бренда. Франшиза требует инвестиций. Он открыл франшизу ресторана.;I bought a franchise of a famous brand. A franchise requires investment. He opened a restaurant franchise.;;
652;work;3;Gubitak;Губитак;assets/images/words/gubitak.webp;assets/sounds/words/gubitak.mp3;Убыток;Loss;Firma je imala veliki gubitak. Gubitak je smanjen ove godine. Pokrili smo gubitak iz rezervi.;Компания понесла большой убыток. Убыток сократился в этом году. Мы покрыли убыток из резервов.;The company had a large loss. The loss has decreased this year. We covered the loss from reserves.;;
653;work;3;Investicija;Инвестиција;assets/images/words/investicija.webp;assets/sounds/words/investicija.mp3;Инвестиция;Investment;Ovo je dobra investicija. Investicija se isplatila. Napravio sam investiciju u nekretnine.;Это хорошая инвестиция. Инвестиция окупилась. Я сделал инвестицию в недвижимость.;This is a good investment. The investment paid off. I made an investment in real estate.;;
654;work;3;Izvoz;Извоз;assets/images/words/izvoz.webp;assets/sounds/words/izvoz.mp3;Экспорт;Export;Firma se bavi izvozom voća. Izvoz je porastao ove godine. Izvoz čini polovinu prihoda.;Компания занимается экспортом фруктов. Экспорт вырос в этом году. Экспорт составляет половину дохода.;The company deals in fruit export. Exports have grown this year. Exports make up half of the revenue.;;
655;work;3;Izvršni;Извршни;assets/images/words/izvrsni.webp;assets/sounds/words/izvrsni.mp3;Исполнительный;Executive;On je izvršni direktor kompanije. Izvršni odbor se sastaje svakog meseca. Donela je izvršnu odluku.;Он исполнительный директор компании. Исполнительный совет собирается каждый месяц. Она приняла исполнительное решение.;He is the company's executive director. The executive board meets every month. She made an executive decision.;;
656;work;3;Konkurencija;Конкуренција;assets/images/words/konkurencija.webp;assets/sounds/words/konkurencija.mp3;Конкуренция;Competition;Konkurencija na tržištu je jaka. Konkurencija nas tera da napredujemo. Nova firma je pojačala konkurenciju.;Конкуренция на рынке сильная. Конкуренция заставляет нас развиваться. Новая компания усилила конкуренцию.;Competition in the market is strong. Competition pushes us to improve. The new company increased competition.;;
657;work;3;Monopol;Монопол;assets/images/words/monopol.webp;assets/sounds/words/monopol.mp3;Монополия;Monopoly;Kompanija ima monopol na tržištu. Monopol šteti potrošačima. Vlada je razbila monopol.;Компания владеет монополией на рынке. Монополия вредит потребителям. Правительство разрушило монополию.;The company has a monopoly on the market. A monopoly harms consumers. The government broke up the monopoly.;;
658;work;3;Nabavka;Набавка;assets/images/words/nabavka.webp;assets/sounds/words/nabavka.mp3;Закупка;Procurement;Odeljenje za nabavku je zauzeto. Nabavka materijala kasni. Radim u odeljenju za nabavku.;Отдел закупок занят. Закупка материалов задерживается. Я работаю в отделе закупок.;The procurement department is busy. The procurement of materials is delayed. I work in the procurement department.;;
659;work;3;Osnovati;Основати;assets/images/words/osnovati.webp;assets/sounds/words/osnovati.mp3;Основать;To found;Osnovao je firmu pre deset godina. Odlučili smo da osnujemo startap. Osnovali su udruženje zajedno.;Он основал компанию десять лет назад. Мы решили основать стартап. Они вместе основали ассоциацию.;He founded the company ten years ago. We decided to found a startup. They founded the association together.;;
660;work;3;Potrošač;Потрошач;assets/images/words/potrosac.webp;assets/sounds/words/potrosac.mp3;Потребитель;Consumer;Potrošač bira najbolju cenu. Prava potrošača su zaštićena zakonom. Firma sluša potrebe potrošača.;Потребитель выбирает лучшую цену. Права потребителя защищены законом. Компания прислушивается к потребностям потребителя.;The consumer chooses the best price. Consumer rights are protected by law. The company listens to consumer needs.;;
661;work;3;Poverilac;Поверилац;assets/images/words/poverilac.webp;assets/sounds/words/poverilac.mp3;Кредитор;Creditor;Poverilac traži isplatu duga. Firma ima nekoliko poverilaca. Poverilac je pristao na produžetak roka.;Кредитор требует выплаты долга. У компании несколько кредиторов. Кредитор согласился на продление срока.;The creditor demands repayment of the debt. The company has several creditors. The creditor agreed to extend the deadline.;;
662;work;3;Preduzetnik;Предузетник;assets/images/words/preduzetnik.webp;assets/sounds/words/preduzetnik.mp3;Предприниматель;Entrepreneur;On je uspešan preduzetnik. Postala je preduzetnica sa dvadeset godina. Preduzetnik je pokrenuo novu firmu.;Он успешный предприниматель. Она стала предпринимательницей в двадцать лет. Предприниматель запустил новую компанию.;He's a successful entrepreneur. She became an entrepreneur at twenty. The entrepreneur launched a new company.;;
663;work;3;Preduzeće;Предузеће;assets/images/words/preduzece.webp;assets/sounds/words/preduzece.mp3;Предприятие;Enterprise;Ovo preduzeće zapošljava sto ljudi. Preduzeće je osnovano davno. Vodim porodično preduzeće.;Это предприятие нанимает сто человек. Предприятие было основано давно. Я руковожу семейным предприятием.;This enterprise employs a hundred people. The enterprise was founded long ago. I run a family enterprise.;;
664;work;3;Pregovarati;Преговарати;assets/images/words/pregovarati.webp;assets/sounds/words/pregovarati.mp3;Вести переговоры;To negotiate;Pregovaramo o ceni. Pregovarali smo satima. Treba da pregovaramo o uslovima.;Мы ведём переговоры о цене. Мы вели переговоры часами. Нам нужно провести переговоры об условиях.;We're negotiating the price. We negotiated for hours. We need to negotiate the terms.;;
665;work;3;Prihod;Приход;assets/images/words/prihod.webp;assets/sounds/words/prihod.mp3;Доход;Income;Prihod firme je porastao. Moj prihod je stabilan. Prihod zavisi od prodaje.;Доход компании вырос. Мой доход стабилен. Доход зависит от продаж.;The company's income has grown. My income is stable. Income depends on sales.;;
666;work;3;Startap;Стартап;assets/images/words/startap.webp;assets/sounds/words/startap.mp3;Стартап;Startup;Radim u startapu. Startap je dobio finansiranje. Osnovao je uspešan startap.;Я работаю в стартапе. Стартап получил финансирование. Он основал успешный стартап.;I work at a startup. The startup received funding. He founded a successful startup.;;
667;work;3;Stečaj;Стечај;assets/images/words/stecaj.webp;assets/sounds/words/stecaj.mp3;Банкротство;Bankruptcy;Firma je izbegla stečaj. Stečaj je poslednja opcija. Prijavili su stečaj prošlog meseca.;Компания избежала банкротства. Банкротство — последний вариант. Они объявили банкротство в прошлом месяце.;The company avoided bankruptcy. Bankruptcy is a last resort. They declared bankruptcy last month.;;
668;work;3;Strategija;Стратегија;assets/images/words/strategija.webp;assets/sounds/words/strategija.mp3;Стратегия;Strategy;Firma menja svoju strategiju. Strategija je jasno definisana. Napravili smo novu strategiju.;Компания меняет свою стратегию. Стратегия чётко определена. Мы разработали новую стратегию.;The company is changing its strategy. The strategy is clearly defined. We made a new strategy.;;
669;work;3;Subvencija;Субвенција;assets/images/words/subvencija.webp;assets/sounds/words/subvencija.mp3;Субсидия;Subsidy;Dobili smo subvenciju od države. Subvencija pokriva deo troškova. Podneli smo zahtev za subvenciju.;Мы получили субсидию от государства. Субсидия покрывает часть расходов. Мы подали заявку на субсидию.;We received a subsidy from the state. The subsidy covers part of the costs. We applied for a subsidy.;;
670;work;3;Trošak;Трошак;assets/images/words/trosak.webp;assets/sounds/words/trosak.mp3;Расход;Expense;Trošak je previsok. Smanjili smo troškove. Trošak putovanja je pokriven.;Расход слишком высокий. Мы сократили расходы. Расходы на поездку покрыты.;The expense is too high. We reduced our expenses. The travel expense is covered.;;
671;work;3;Tržište;Тржиште;assets/images/words/trziste.webp;assets/sounds/words/trziste.mp3;Рынок;Market;Tržište je vrlo konkurentno. Ušli smo na novo tržište. Tržište se brzo menja.;Рынок очень конкурентный. Мы вышли на новый рынок. Рынок быстро меняется.;The market is very competitive. We entered a new market. The market is changing quickly.;;
672;work;3;Upravni;Управни;assets/images/words/upravni.webp;assets/sounds/words/upravni.mp3;Административный / управляющий;Administrative, managing;Upravni odbor je odobrio budžet. Radi u upravnoj zgradi opštine. Upravni postupak može trajati dugo.;Правление одобрило бюджет. Он работает в административном здании муниципалитета. Административная процедура может занять много времени.;The management board approved the budget. He works in the municipal administrative building. The administrative procedure can take a long time.;;
673;work;3;Uvoz;Увоз;assets/images/words/uvoz.webp;assets/sounds/words/uvoz.mp3;Импорт;Import;Firma se bavi uvozom tehnike. Uvoz je skuplji zbog carine. Uvoz čini veliki deo poslovanja.;Компания занимается импортом техники. Импорт дороже из-за пошлин. Импорт составляет большую часть бизнеса.;The company deals in importing electronics. Imports are more expensive due to customs duties. Imports make up a large part of the business.;;
674;work;3;Fleksibilan;Флексибилан;assets/images/words/fleksibilan.webp;assets/sounds/words/fleksibilan.mp3;Гибкий;Flexible;Imam fleksibilno radno vreme. Ovaj plan je vrlo fleksibilan. Poslodavac nudi fleksibilne uslove rada.;У меня гибкий рабочий график. Этот план очень гибкий. Работодатель предлагает гибкие условия труда.;I have flexible working hours. This plan is very flexible. The employer offers flexible working conditions.;;
808;abstractions;4;Osnova;Основа;assets/images/words/osnova.webp;assets/sounds/words/osnova.mp3;Основа;Basis;Ovo je osnova za dalje istraživanje. Postavili smo dobru osnovu za projekat. Znanje jezika je osnova komunikacije.;Это основа для дальнейшего исследования. Мы заложили хорошую основу для проекта. Знание языка — основа общения.;This is the basis for further research. We laid a good foundation for the project. Knowledge of a language is the basis of communication.;;
809;abstractions;4;Ambicija;Амбиција;assets/images/words/ambicija.webp;assets/sounds/words/ambicija.mp3;Амбиция;Ambition;Njegova ambicija je da postane direktor. Ambicija je pokretačka snaga uspeha. Imala je veliku ambiciju od malih nogu.;Его амбиция — стать директором. Амбиция — движущая сила успеха. У неё была большая амбиция с раннего возраста.;His ambition is to become director. Ambition is the driving force of success. She had great ambition from an early age.;;
810;abstractions;4;Identitet;Идентитет;assets/images/words/identitet.webp;assets/sounds/words/identitet.mp3;Идентичность;Identity;Njegov identitet je otkriven tek kasnije. Kultura oblikuje naš identitet. Tražila je svoj pravi identitet godinama.;Его личность была раскрыта только позже. Культура формирует нашу идентичность. Она годами искала свою настоящую идентичность.;His identity was revealed only later. Culture shapes our identity. She searched for her true identity for years.;;
811;abstractions;4;Lojalnost;Лојалност;assets/images/words/lojalnost.webp;assets/sounds/words/lojalnost.mp3;Лояльность;Loyalty;Njegova lojalnost prema firmi je neupitna. Lojalnost je važna osobina u prijateljstvu. Pokazala je lojalnost čak i u teškim vremenima.;Его лояльность к компании не подлежит сомнению. Лояльность — важное качество в дружбе. Она проявила лояльность даже в трудные времена.;His loyalty to the company is unquestionable. Loyalty is an important quality in friendship. She showed loyalty even in difficult times.;;
812;abstractions;4;Mogućnost;Могућност;assets/images/words/mogucnost.webp;assets/sounds/words/mogucnost.mp3;Возможность;Possibility;Postoji mogućnost da otkažemo putovanje. Iskoristio je svaku mogućnost da napreduje. Mogućnost uspeha je velika.;Есть вероятность, что мы отменим поездку. Он использовал каждую возможность для продвижения. Возможность успеха велика.;There's a possibility we'll cancel the trip. He used every possibility to advance. The possibility of success is high.;;
813;abstractions;4;Napredak;Напредак;assets/images/words/napredak.webp;assets/sounds/words/napredak.mp3;Прогресс;Progress;Napredak u medicini spašava mnoge živote. Njen napredak u učenju je impresivan. Vidljiv je napredak u projektu.;Прогресс в медицине спасает много жизней. Её прогресс в учёбе впечатляет. В проекте виден прогресс.;Progress in medicine saves many lives. Her progress in learning is impressive. Progress in the project is visible.;;
814;abstractions;4;Neizvesnost;Неизвесност;assets/images/words/neizvesnost.webp;assets/sounds/words/neizvesnost.mp3;Неопределённость;Uncertainty;Neizvesnost budućnosti me plaši. Živeli su u neizvesnosti tokom rata. Neizvesnost oko posla ga je stresirala.;Неопределённость будущего меня пугает. Они жили в неопределённости во время войны. Неопределённость по поводу работы вызывала у него стресс.;The uncertainty of the future scares me. They lived in uncertainty during the war. Uncertainty about the job stressed him out.;;
815;abstractions;4;Nepravda;Неправда;assets/images/words/nepravda.webp;assets/sounds/words/nepravda.mp3;Несправедливость;Injustice;Osetila je duboku nepravdu zbog odluke. Nepravda prema radnicima je nedopustiva. Borio se protiv nepravde ceo život.;Она почувствовала глубокую несправедливость из-за решения. Несправедливость по отношению к рабочим недопустима. Он всю жизнь боролся против несправедливости.;She felt deep injustice because of the decision. Injustice toward the workers is unacceptable. He fought against injustice his whole life.;;
816;abstractions;4;Nepristrasnost;Непристрасност;assets/images/words/nepristrasnost.webp;assets/sounds/words/nepristrasnost.mp3;Беспристрастность;Impartiality;Sudija mora da pokaže nepristrasnost. Nepristrasnost je ključna za pravedno suđenje. Cenim njegovu nepristrasnost u odlučivanju.;Судья должен проявлять беспристрастность. Беспристрастность важна для справедливого суда. Я ценю его беспристрастность в принятии решений.;The judge must show impartiality. Impartiality is key to a fair trial. I appreciate his impartiality in decision-making.;;
817;abstractions;4;Nezavisnost;Независност;assets/images/words/nezavisnost.webp;assets/sounds/words/nezavisnost.mp3;Независимость;Independence;Zemlja je proglasila nezavisnost pre sto godina. Njena finansijska nezavisnost joj daje slobodu. Borili su se za nezavisnost decenijama.;Страна провозгласила независимость сто лет назад. Её финансовая независимость даёт ей свободу. Они десятилетиями боролись за независимость.;The country declared independence a hundred years ago. Her financial independence gives her freedom. They fought for independence for decades.;;
818;abstractions;4;Odgovornost;Одговорност;assets/images/words/odgovornost.webp;assets/sounds/words/odgovornost.mp3;Ответственность;Responsibility;Preuzeo je punu odgovornost za grešku. Odgovornost roditelja je da vaspitavaju decu. Osećala je veliku odgovornost prema timu.;Он взял на себя полную ответственность за ошибку. Ответственность родителей — воспитывать детей. Она чувствовала большую ответственность перед командой.;He took full responsibility for the mistake. It's parents' responsibility to raise their children. She felt a great responsibility toward the team.;;
819;abstractions;4;Očekivanje;Очекивање;assets/images/words/ocekivanje.webp;assets/sounds/words/ocekivanje.mp3;Ожидание;Expectation;Njegova očekivanja od posla su visoka. Rezultat je premašio sva očekivanja. Imali su velika očekivanja od novog trenera.;Его ожидания от работы высоки. Результат превзошёл все ожидания. У них были большие ожидания от нового тренера.;His expectations of the job are high. The result exceeded all expectations. They had high expectations for the new coach.;;
820;abstractions;4;Postojanje;Постојање;assets/images/words/postojanje.webp;assets/sounds/words/postojanje.mp3;Существование;Existence;Nauka istražuje postojanje drugih planeta. Njeno postojanje je promenilo moj život. Sumnjao je u postojanje takvih pojava.;Наука исследует существование других планет. Её существование изменило мою жизнь. Он сомневался в существовании таких явлений.;Science investigates the existence of other planets. Her existence changed my life. He doubted the existence of such phenomena.;;
821;abstractions;4;Poverenje;Поверење;assets/images/words/poverenje.webp;assets/sounds/words/poverenje.mp3;Доверие;Trust;Izgradila je poverenje kroz godine rada. Izgubio je poverenje javnosti. Poverenje je osnova svakog dobrog odnosa.;Она завоёвывала доверие годами работы. Он потерял доверие общественности. Доверие — основа любых хороших отношений.;She built trust over years of work. He lost the public's trust. Trust is the foundation of any good relationship.;;
822;abstractions;4;Poštenje;Поштење;assets/images/words/postenje.webp;assets/sounds/words/postenje.mp3;Честность;Honesty;Poštenje je najvažnija osobina za mene. Cenim njegovo poštenje u poslu. Naučila je decu vrednosti poštenja.;Честность — самое важное качество для меня. Я ценю его честность в делах. Она научила детей ценности честности.;Honesty is the most important trait for me. I appreciate his honesty in business. She taught the children the value of honesty.;;
823;abstractions;4;Pravda;Правда;assets/images/words/pravda.webp;assets/sounds/words/pravda.mp3;Справедливость;Justice;Borio se za pravdu ceo život. Sud je doneo pravdu žrtvama. Verujemo da će pravda pobediti.;Он всю жизнь боролся за справедливость. Суд восстановил справедливость для жертв. Мы верим, что справедливость восторжествует.;He fought for justice his whole life. The court brought justice to the victims. We believe justice will prevail.;;
824;abstractions;4;Predrasuda;Предрасуда;assets/images/words/predrasuda.webp;assets/sounds/words/predrasuda.mp3;Предрассудок;Prejudice;Predrasude o drugim kulturama treba prevazići. Njegova predrasuda ga je sprečila da vidi istinu. Društvo se bori protiv predrasuda.;Предрассудки о других культурах нужно преодолевать. Его предрассудок помешал ему увидеть правду. Общество борется против предрассудков.;Prejudices about other cultures need to be overcome. His prejudice prevented him from seeing the truth. Society is fighting against prejudice.;;
825;abstractions;4;Promena;Промена;assets/images/words/promena.webp;assets/sounds/words/promena.mp3;Перемена;Change;Promena u njegovom ponašanju bila je vidljiva. Ova promena će uticati na sve nas. Bila je spremna na velike promene.;Перемена в его поведении была заметна. Эта перемена повлияет на всех нас. Она была готова к большим переменам.;The change in his behavior was noticeable. This change will affect all of us. She was ready for big changes.;;
826;abstractions;4;Propadanje;Пропадање;assets/images/words/propadanje.webp;assets/sounds/words/propadanje.mp3;Упадок / разрушение;Decay / decline;Propadanje zgrade se moglo videti golim okom. Ekonomsko propadanje je pogodilo mnoge porodice. Sprečili su propadanje istorijskog spomenika.;Разрушение здания было видно невооружённым глазом. Экономический упадок затронул многие семьи. Они предотвратили разрушение исторического памятника.;The decay of the building could be seen with the naked eye. Economic decline affected many families. They prevented the decay of the historical monument.;;
827;abstractions;4;Ravnoteža;Равнотежа;assets/images/words/ravnoteza.webp;assets/sounds/words/ravnoteza.mp3;Равновесие / баланс;Balance;Teško je pronaći ravnotežu između posla i porodice. Izgubila je ravnotežu i pala. Ravnoteža u prirodi je vrlo krhka.;Трудно найти баланс между работой и семьёй. Она потеряла равновесие и упала. Баланс в природе очень хрупок.;It's hard to find balance between work and family. She lost her balance and fell. The balance in nature is very fragile.;;
828;abstractions;4;Razvoj;Развој;assets/images/words/razvoj.webp;assets/sounds/words/razvoj.mp3;Развитие;Development;Razvoj deteta zavisi od okruženja. Ekonomski razvoj zemlje je ubrzan. Prati razvoj tehnologije sa velikim interesovanjem.;Развитие ребёнка зависит от окружения. Экономическое развитие страны ускорилось. Он с большим интересом следит за развитием технологий.;A child's development depends on the environment. The country's economic development has accelerated. He follows the development of technology with great interest.;;
829;abstractions;4;Shvatanje;Схватање;assets/images/words/shvatanje.webp;assets/sounds/words/shvatanje.mp3;Понимание;Understanding;Njeno shvatanje sveta se promenilo nakon putovanja. Došlo je do shvatanja da smo pogrešili. Njihovo shvatanje pravde se razlikuje.;Её понимание мира изменилось после путешествия. Пришло понимание, что мы ошиблись. Их понимание справедливости различается.;Her understanding of the world changed after the trip. There came an understanding that we were wrong. Their understanding of justice differs.;;
830;abstractions;4;Sloboda;Слобода;assets/images/words/sloboda.webp;assets/sounds/words/sloboda.mp3;Свобода;Freedom;Sloboda govora je zagarantovana ustavom. Osetio je slobodu čim je izašao iz grada. Borili su se za slobodu decenijama.;Свобода слова гарантирована конституцией. Он почувствовал свободу, как только выехал из города. Они десятилетиями боролись за свободу.;Freedom of speech is guaranteed by the constitution. He felt freedom as soon as he left the city. They fought for freedom for decades.;;
831;abstractions;4;Solidarnost;Солидарност;assets/images/words/solidarnost.webp;assets/sounds/words/solidarnost.mp3;Солидарность;Solidarity;Pokazali su solidarnost u teškim trenucima. Solidarnost među radnicima je ojačala pokret. Solidarnost je važna vrednost u društvu.;Они проявили солидарность в трудные моменты. Солидарность среди рабочих укрепила движение. Солидарность — важная ценность в обществе.;They showed solidarity in difficult moments. Solidarity among workers strengthened the movement. Solidarity is an important value in society.;;
832;abstractions;4;Strast;Страст;assets/images/words/strast.webp;assets/sounds/words/strast.mp3;Страсть;Passion;Njegova strast prema muzici je očigledna. Strast prema poslu joj daje energiju. Osećala je strast prema slikanju od detinjstva.;Его страсть к музыке очевидна. Страсть к работе даёт ей энергию. Она чувствовала страсть к рисованию с детства.;His passion for music is obvious. Passion for work gives her energy. She felt a passion for painting since childhood.;;
833;abstractions;4;Stvarnost;Стварност;assets/images/words/stvarnost.webp;assets/sounds/words/stvarnost.mp3;Реальность;Reality;Stvarnost je bila drugačija od očekivanja. Teško je prihvatiti surovu stvarnost. Vratila se u stvarnost posle sna.;Реальность отличалась от ожиданий. Трудно принять суровую реальность. Она вернулась в реальность после сна.;Reality was different from expectations. It's hard to accept harsh reality. She returned to reality after the dream.;;
834;abstractions;4;Sumnja;Сумња;assets/images/words/sumnja.webp;assets/sounds/words/sumnja.mp3;Сомнение;Doubt;Imala je sumnju u njegove reči. Sumnja se uvukla u njihovu vezu. Nema sumnje da je u pravu.;У неё было сомнение в его словах. Сомнение закралось в их отношения. Нет сомнений, что он прав.;She had doubt about his words. Doubt crept into their relationship. There's no doubt he's right.;;
835;abstractions;4;Sumnjičavost;Сумњичавост;assets/images/words/sumnjicavost.webp;assets/sounds/words/sumnjicavost.mp3;Подозрительность;Suspicion / distrust;Njegova sumnjičavost je otežavala saradnju. Sumnjičavost prema strancima je bila prisutna u selu. Gledala ga je sa sumnjičavošću.;Его подозрительность затрудняла сотрудничество. В деревне присутствовала подозрительность к чужакам. Она смотрела на него с подозрением.;His suspicion made cooperation difficult. Suspicion toward strangers was present in the village. She looked at him with suspicion.;;
836;abstractions;4;Svrha;Сврха;assets/images/words/svrha.webp;assets/sounds/words/svrha.mp3;Цель / предназначение;Purpose;Kakva je svrha ovog sastanka? Njegov život ima jasnu svrhu. Ovaj alat služi jednoj konkretnoj svrsi.;Какова цель этой встречи? У его жизни есть ясная цель. Этот инструмент служит одной конкретной цели.;What's the purpose of this meeting? His life has a clear purpose. This tool serves one specific purpose.;;
837;abstractions;4;Tolerancija;Толеранција;assets/images/words/tolerancija.webp;assets/sounds/words/tolerancija.mp3;Толерантность;Tolerance;Tolerancija prema drugačijim mišljenjima je važna. Njegova tolerancija na bol je visoka. Društvo treba da neguje toleranciju.;Толерантность к иным мнениям важна. У него высокая переносимость боли. Обществу следует развивать толерантность.;Tolerance toward different opinions is important. His tolerance for pain is high. Society should cultivate tolerance.;;
838;abstractions;4;Upornost;Упорност;assets/images/words/upornost.webp;assets/sounds/words/upornost.mp3;Настойчивость;Persistence;Njena upornost je konačno urodila plodom. Uz upornost i rad postigao je uspeh. Upornost je ključna za postizanje ciljeva.;Её настойчивость наконец принесла плоды. С настойчивостью и трудом он добился успеха. Настойчивость — ключ к достижению целей.;Her persistence finally paid off. With persistence and hard work he achieved success. Persistence is key to achieving goals.;;
839;abstractions;4;Uverenje;Уверење;assets/images/words/uverenje.webp;assets/sounds/words/uverenje.mp3;Убеждение;Conviction / belief;Njegovo uverenje se nije promenilo godinama. Duboko uverenje ga je vodilo kroz život. Podelila je svoje uverenje sa prijateljima.;Его убеждение не менялось годами. Глубокое убеждение вело его по жизни. Она поделилась своим убеждением с друзьями.;His conviction hasn't changed in years. A deep conviction guided him through life. She shared her belief with her friends.;;
840;abstractions;4;Uvid;Увид;assets/images/words/uvid.webp;assets/sounds/words/uvid.mp3;Представление / понимание;Insight;Ova knjiga pruža dubok uvid u ljudsku prirodu. Stekao je vredan uvid tokom istraživanja. Njen uvid u problem je bio koristan.;Эта книга даёт глубокое понимание человеческой природы. Он получил ценное понимание в ходе исследования. Её понимание проблемы было полезным.;This book provides deep insight into human nature. He gained valuable insight during his research. Her insight into the problem was useful.;;
841;abstractions;4;Vrednost;Вредност;assets/images/words/vrednost.webp;assets/sounds/words/vrednost.mp3;Ценность;Value;Vrednost ove slike je porasla vremenom. Poštenje je vrednost koju cenim. Novac ima drugačiju vrednost za svakoga.;Ценность этой картины со временем выросла. Честность — ценность, которую я ценю. Деньги имеют разную ценность для каждого.;The value of this painting has increased over time. Honesty is a value I appreciate. Money has different value for everyone.;;
2231;art;4;Delo;Дело;assets/images/words/delo.webp;assets/sounds/words/delo.mp3;Произведение;Work (of art);Ovo delo je izloženo u muzeju. Njegovo najpoznatije delo je ovaj roman. Delo je nastalo pre dva veka.;Это произведение выставлено в музее. Его самое известное произведение — этот роман. Произведение создано два века назад.;This work is on display in the museum. His most famous work is this novel. The work was created two centuries ago.;;
2232;art;4;Izložba;Изложба;assets/images/words/izlozba.webp;assets/sounds/words/izlozba.mp3;Выставка;Exhibition;Izložba slika otvorena je juče. Posetili smo izložbu u galeriji. Izložba traje do kraja meseca.;Выставка картин открылась вчера. Мы посетили выставку в галерее. Выставка продлится до конца месяца.;The painting exhibition opened yesterday. We visited the exhibition at the gallery. The exhibition runs until the end of the month.;;
2233;art;4;Kritikovati;Критиковати;assets/images/words/kritikovati.webp;assets/sounds/words/kritikovati.mp3;Критиковать;To criticize;Kritikovao je film zbog slabe priče. Ne volim da kritikujem tuđi rad. Kritičari su kritikovali izložbu oštro.;Он раскритиковал фильм за слабый сюжет. Я не люблю критиковать чужую работу. Критики резко раскритиковали выставку.;He criticized the movie for its weak plot. I don't like criticizing other people's work. Critics harshly criticized the exhibition.;;
2234;art;4;Predstava;Представа;assets/images/words/predstava.webp;assets/sounds/words/predstava.mp3;Спектакль;Performance;Predstava je trajala dva sata. Gledali smo pozorišnu predstavu sinoć. Predstava je dobila odlične kritike.;Спектакль длился два часа. Вчера вечером мы смотрели театральную постановку. Спектакль получил отличные отзывы.;The performance lasted two hours. We watched a theater performance last night. The performance received excellent reviews.;;
2235;art;4;Apstraktan;Апстрактан;assets/images/words/apstraktan.webp;assets/sounds/words/apstraktan.mp3;Абстрактный;Abstract;Njegove slike su apstraktne i pune boja. Apstraktna umetnost nije za svakoga. Ovo je apstraktan koncept teško razumljiv deci.;Его картины абстрактны и полны красок. Абстрактное искусство не для всех. Это абстрактное понятие, трудное для понимания детьми.;His paintings are abstract and full of color. Abstract art isn't for everyone. This is an abstract concept that's hard for children to understand.;;
2236;art;4;Detalj;Детаљ;assets/images/words/detalj.webp;assets/sounds/words/detalj.mp3;Деталь;Detail;Umetnik je posvetio pažnju svakom detalju. Nisam primetio taj mali detalj. Detalji na slici su izuzetno precizni.;Художник уделил внимание каждой детали. Я не заметил эту маленькую деталь. Детали на картине чрезвычайно точны.;The artist paid attention to every detail. I didn't notice that small detail. The details in the painting are extremely precise.;;
2237;art;4;Diviti;Дивити;assets/images/words/diviti.webp;assets/sounds/words/diviti.mp3;Восхищаться;To admire;Divim se njegovom talentu. Divili smo se slikama u galeriji. Svi se dive njenoj hrabrosti.;Я восхищаюсь его талантом. Мы восхищались картинами в галерее. Все восхищаются её смелостью.;I admire his talent. We admired the paintings in the gallery. Everyone admires her courage.;;
2238;art;4;Izložiti;Изложити;assets/images/words/izloziti.webp;assets/sounds/words/izloziti.mp3;Выставить;To exhibit;Odlučio je da izloži svoja dela u galeriji. Slike su izložene u centralnom holu. Muzej je izložio nove eksponate.;Он решил выставить свои работы в галерее. Картины выставлены в центральном холле. Музей выставил новые экспонаты.;He decided to exhibit his works at the gallery. The paintings are exhibited in the central hall. The museum exhibited new items.;;
2239;art;4;Klasičan;Класичан;assets/images/words/klasican.webp;assets/sounds/words/klasican.mp3;Классический;Classic;Ovo je klasičan primer romantizma. Voli klasičnu muziku više od moderne. Klasična arhitektura dominira ovim gradom.;Это классический пример романтизма. Он любит классическую музыку больше, чем современную. Классическая архитектура доминирует в этом городе.;This is a classic example of Romanticism. He likes classical music more than modern. Classic architecture dominates this city.;;
2240;art;4;Kompozicija;Композиција;assets/images/words/kompozicija.webp;assets/sounds/words/kompozicija.mp3;Композиция;Composition;Kompozicija slike je vrlo skladna. Muzička kompozicija traje deset minuta. Umetnik je pažljivo osmislio kompoziciju.;Композиция картины очень гармонична. Музыкальная композиция длится десять минут. Художник тщательно продумал композицию.;The composition of the painting is very harmonious. The musical composition lasts ten minutes. The artist carefully designed the composition.;;
2241;art;4;Kritičar;Критичар;assets/images/words/kriticar.webp;assets/sounds/words/kriticar.mp3;Критик;Critic;Kritičar je pohvalio novi film. Kritičari su podeljeni oko ove knjige. Radi kao filmski kritičar već deset godina.;Критик похвалил новый фильм. Критики разделились во мнениях об этой книге. Он уже десять лет работает кинокритиком.;The critic praised the new movie. Critics are divided over this book. He has worked as a film critic for ten years.;;
2242;art;4;Nadahnut;Надахнут;assets/images/words/nadahnut.webp;assets/sounds/words/nadahnut.mp3;Вдохновлённый;Inspired;Bio je nadahnut prirodom dok je slikao. Njena poezija je nadahnuta ličnim iskustvom. Osećala se nadahnuto posle putovanja.;Он вдохновлялся природой, когда рисовал. Её поэзия вдохновлена личным опытом. После поездки она чувствовала себя вдохновлённой.;He was inspired by nature while painting. Her poetry is inspired by personal experience. She felt inspired after the trip.;;
2243;art;4;Nadahnuti;Надахнути;assets/images/words/nadahnuti.webp;assets/sounds/words/nadahnuti.mp3;Вдохновить;To inspire;Njen rad je nadahnuo mnoge mlade umetnike. Priroda ga je uvek nadahnjivala. Ova knjiga je nadahnula ceo pokret.;Её работа вдохновила многих молодых художников. Природа всегда вдохновляла его. Эта книга вдохновила целое движение.;Her work inspired many young artists. Nature always inspired him. This book inspired an entire movement.;;
2244;art;4;Naslikati;Насликати;assets/images/words/naslikati.webp;assets/sounds/words/naslikati.mp3;Написать (картину) / нарисовать;To paint (complete);Naslikao je portret svoje majke. Naslikala je pejzaž za jedno popodne. Umetnik je naslikao remek-delo.;Он написал портрет своей матери. Она написала пейзаж за полдня. Художник написал шедевр.;He painted a portrait of his mother. She painted a landscape in one afternoon. The artist painted a masterpiece.;;
2245;art;4;Neobičan;Необичан;assets/images/words/neobican.webp;assets/sounds/words/neobican.mp3;Необычный;Unusual;Ovo je neobičan stil slikanja. Imala je neobičan ukus za modu. Priča ima neobičan zaplet.;Это необычный стиль живописи. У неё был необычный вкус в моде. У истории необычный сюжет.;This is an unusual painting style. She had unusual taste in fashion. The story has an unusual plot.;;
2246;art;4;Originalan;Оригиналан;assets/images/words/originalan.webp;assets/sounds/words/originalan.mp3;Оригинальный;Original;Njegov pristup je potpuno originalan. Ovo je originalna slika, ne kopija. Imala je originalnu ideju za projekat.;Его подход совершенно оригинален. Это оригинальная картина, а не копия. У неё была оригинальная идея для проекта.;His approach is completely original. This is an original painting, not a copy. She had an original idea for the project.;;
2247;art;4;Pesnik;Песник;assets/images/words/pesnik.webp;assets/sounds/words/pesnik.mp3;Поэт;Poet;Ovaj pesnik je pisao o ljubavi i prirodi. Pesnik je čitao svoje stihove publici. Postao je poznat pesnik još u mladosti.;Этот поэт писал о любви и природе. Поэт читал свои стихи публике. Он стал известным поэтом ещё в молодости.;This poet wrote about love and nature. The poet read his verses to the audience. He became a famous poet even in his youth.;;
1227;banka;4;Kurs;Курс;assets/images/words/kurs.webp;assets/sounds/words/kurs.mp3;Курс;Exchange rate;Kurs evra je porastao. Proveri kurs pre menjanja novca. Kurs se menja svaki dan.;Курс евро вырос. Проверь курс перед обменом денег. Курс меняется каждый день.;The euro exchange rate has risen. Check the exchange rate before exchanging money. The exchange rate changes every day.;;
1228;banka;4;Naknada;Накнада;assets/images/words/naknada.webp;assets/sounds/words/naknada.mp3;Плата / комиссия / компенсация;Fee;Naknada za prenos je mala. Plaćate naknadu za svaku transakciju. Naknada je uračunata u cenu.;Комиссия за перевод небольшая. Вы платите комиссию за каждую транзакцию. Комиссия включена в цену.;The transfer fee is small. You pay a fee for every transaction. The fee is included in the price.;;
1229;banka;4;Nedovoljan;Недовољан;assets/images/words/nedovoljan.webp;assets/sounds/words/nedovoljan.mp3;Недостаточный;Insufficient;Nedovoljan iznos na računu. Sredstva su nedovoljna za transakciju. Nedovoljan broj dokumenata.;Недостаточная сумма на счёте. Средств недостаточно для транзакции. Недостаточное количество документов.;Insufficient amount in the account. There are insufficient funds for the transaction. Insufficient number of documents.;;
1230;banka;4;Otplatiti;Отплатити;assets/images/words/otplatiti.webp;assets/sounds/words/otplatiti.mp3;Погасить;To pay off;Otplatio sam kredit ranije. Moram da otplatim dug. Otplatila je stan za deset godina.;Я досрочно погасил кредит. Мне нужно погасить долг. Она выплатила квартиру за десять лет.;I paid off the loan early. I have to pay off the debt. She paid off the apartment in ten years.;;
1231;banka;4;Otplaćivati;Отплаћивати;assets/images/words/otplacivati.webp;assets/sounds/words/otplacivati.mp3;Погашать;To be paying off;Otplaćujem kredit svakog meseca. Otplaćujemo stan zajedno. Otplaćuje dug polako.;Я погашаю кредит каждый месяц. Мы вместе выплачиваем квартиру. Он медленно погашает долг.;I pay off the loan every month. We're paying off the apartment together. He's slowly paying off the debt.;;
1232;banka;4;Pin;Пин;assets/images/words/pin.webp;assets/sounds/words/pin.mp3;Пин;PIN;Unesite svoj pin. Zaboravio sam pin. Promenite pin redovno.;Введите свой пин. Я забыл пин. Меняйте пин регулярно.;Enter your PIN. I forgot my PIN. Change your PIN regularly.;;
1233;banka;4;Podizati;Подизати;assets/images/words/podizati.webp;assets/sounds/words/podizati.mp3;Снимать (деньги);To withdraw;Podižem novac jednom nedeljno. Ne podižem gotovinu često. Podiže platu svakog meseca.;Я снимаю деньги раз в неделю. Я редко снимаю наличные. Он снимает зарплату каждый месяц.;I withdraw money once a week. I don't withdraw cash often. He withdraws his salary every month.;;
1234;banka;4;Podići;Подићи;assets/images/words/podici.webp;assets/sounds/words/podici.mp3;Снять (деньги) / поднять;To withdraw;Moram da podignem novac. Podigao sam pedeset evra. Podigni gotovinu pre putovanja.;Мне нужно снять деньги. Я снял пятьдесят евро. Сними наличные перед поездкой.;I need to withdraw money. I withdrew fifty euros. Withdraw cash before the trip.;;
1235;banka;4;Potrošiti;Потрошити;assets/images/words/potrositi.webp;assets/sounds/words/potrositi.mp3;Потратить;To spend;Potrošio sam sve pare. Potrošila je previše na odeću. Potrošili smo budžet za mesec.;Я потратил все деньги. Она потратила слишком много на одежду. Мы потратили месячный бюджет.;I spent all my money. She spent too much on clothes. We spent the monthly budget.;;
1236;banka;4;Prenos;Пренос;assets/images/words/prenos.webp;assets/sounds/words/prenos.mp3;Перевод / передача;Transfer;Prenos je izvršen uspešno. Prenos traje jedan dan. Prenos novca ima proviziju.;Перевод выполнен успешно. Перевод занимает один день. За перевод денег взимается комиссия.;The transfer was successful. The transfer takes one day. The money transfer has a fee.;;
1237;banka;4;Službenik;Службеник;assets/images/words/sluzbenik.webp;assets/sounds/words/sluzbenik.mp3;Служащий;Clerk;Službenik mi je objasnio proceduru. Pitao sam službenika za pomoć. Službenik radi u banci deset godina.;Служащий объяснил мне процедуру. Я попросил служащего о помощи. Служащий работает в банке десять лет.;The clerk explained the procedure to me. I asked the clerk for help. The clerk has worked at the bank for ten years.;;
1238;banka;4;Sredstvo;Средство;assets/images/words/sredstvo.webp;assets/sounds/words/sredstvo.mp3;Средство;Means / funds;Nemam dovoljno sredstava. Sredstva su na računu. Sredstva su prebačena uspešno.;У меня недостаточно средств. Средства на счёте. Средства успешно переведены.;I don't have enough funds. The funds are in the account. The funds were transferred successfully.;;
1239;banka;4;Taksa;Такса;assets/images/words/taksa.webp;assets/sounds/words/taksa.mp3;Сбор;Fee;Plaćate taksu za izdavanje kartice. Taksa je mala. Taksa se naplaćuje godišnje.;Вы платите сбор за выдачу карты. Сбор небольшой. Сбор взимается ежегодно.;You pay a fee for issuing the card. The fee is small. The fee is charged annually.;;
1240;banka;4;Trošiti;Трошити;assets/images/words/trositi.webp;assets/sounds/words/trositi.mp3;Тратить;To spend;Trošim previše na kafu. Ne troši sve odjednom. Trošimo pažljivo ovog meseca.;Я трачу слишком много на кофе. Не трать всё сразу. В этом месяце мы тратим осторожно.;I spend too much on coffee. Don't spend it all at once. We're spending carefully this month.;;
1241;banka;4;Minus;Минус;assets/images/words/minus.webp;assets/sounds/words/minus.mp3;Минус;Minus, deficit;Račun mi je u minusu. Dozvoljeni minus je pedeset hiljada dinara. Izašao sam iz minusa posle plate.;Мой счёт в минусе. Разрешённый овердрафт — пятьдесят тысяч динаров. Я вышел из минуса после зарплаты.;My account is in the negative. The allowed overdraft is fifty thousand dinars. I got out of the negative after my salary.;;
1242;banka;4;Uplata;Уплата;assets/images/words/uplata.webp;assets/sounds/words/uplata.mp3;Платёж;Payment;Uplata je stigla na vreme. Uplata je potvrđena. Čekam uplatu od klijenta.;Платёж пришёл вовремя. Платёж подтверждён. Я жду платёж от клиента.;The payment arrived on time. The payment is confirmed. I'm waiting for the payment from the client.;;
1243;banka;4;Uplatiti;Уплатити;assets/images/words/uplatiti.webp;assets/sounds/words/uplatiti.mp3;Внести;To pay in;Moram da uplatim novac na račun. Uplatio sam kiriju danas. Uplati taksu do petka.;Мне нужно внести деньги на счёт. Я внёс арендную плату сегодня. Внеси сбор до пятницы.;I need to pay money into the account. I paid the rent today. Pay the fee by Friday.;;
1244;banka;4;Uplaćivati;Уплаћивати;assets/images/words/uplacivati.webp;assets/sounds/words/uplacivati.mp3;Вносить;To be paying in;Uplaćujem novac svakog meseca. Redovno uplaćuje doprinose za penziju. Uplaćujemo doprinose zajedno.;Я вношу деньги каждый месяц. Он регулярно платит пенсионные взносы. Мы вместе вносим взносы.;I pay in money every month. He regularly pays his pension contributions. We pay in the contributions together.;;
1245;banka;4;Valuta;Валута;assets/images/words/valuta.webp;assets/sounds/words/valuta.mp3;Валюта;Currency;Koju valutu koristite? Valuta se menja u banci. Valuta je stabilna ove godine.;Какой валютой вы пользуетесь? Валюту меняют в банке. В этом году валюта стабильна.;Which currency do you use? Currency is exchanged at the bank. The currency is stable this year.;;
1246;banka;4;Zadužiti;Задужити;assets/images/words/zaduziti.webp;assets/sounds/words/zaduziti.mp3;Влезть в долги;To get into debt;Zadužio sam se kupovinom stana. Ne želim da se dodatno zadužim. Firma se zadužila kod banke.;Я влез в долги, покупая квартиру. Я не хочу влезать в новые долги. Компания взяла кредит в банке.;I got into debt buying an apartment. I don't want to get into more debt. The company took on debt at the bank.;;
1247;banka;4;Štednja;Штедња;assets/images/words/stednja.webp;assets/sounds/words/stednja.mp3;Сбережения;Savings;Imam malu štednju. Štednja je za teška vremena. Povećavam štednju svaki mesec.;У меня небольшие сбережения. Сбережения на трудные времена. Я увеличиваю сбережения каждый месяц.;I have small savings. Savings are for hard times. I increase my savings every month.;;
1248;banka;4;SWIFT;SWIFT;assets/images/words/swift.webp;assets/sounds/words/swift.mp3;SWIFT;SWIFT;Za međunarodni transfer treba SWIFT kod. Uneo sam pogrešan SWIFT kod. SWIFT transfer traje nekoliko dana.;Для международного перевода нужен SWIFT-код. Я ввёл неправильный SWIFT-код. SWIFT-перевод занимает несколько дней.;A SWIFT code is needed for international transfer. I entered the wrong SWIFT code. A SWIFT transfer takes a few days.;;
1249;banka;4;IBAN;ИБАН;assets/images/words/iban.webp;assets/sounds/words/iban.mp3;IBAN;IBAN;Unesite vaš IBAN. IBAN se sastoji od više cifara. Proverite IBAN pre transfera.;Введите ваш IBAN. IBAN состоит из нескольких цифр. Проверьте IBAN перед переводом.;Enter your IBAN. The IBAN consists of several digits. Check the IBAN before the transfer.;;
1250;banka;4;Jemac;Јемац;assets/images/words/jemac.webp;assets/sounds/words/jemac.mp3;Поручитель;Guarantor;Treba mi jemac za kredit. Moj brat je moj jemac. Jemac garantuje otplatu.;Мне нужен поручитель для кредита. Мой брат — мой поручитель. Поручитель гарантирует выплату.;I need a guarantor for the loan. My brother is my guarantor. The guarantor guarantees repayment.;;
1251;banka;4;Sposobnost;Способност;assets/images/words/sposobnost.webp;assets/sounds/words/sposobnost.mp3;Способность;Ability, capacity;Banka proverava kreditnu sposobnost klijenta. Njegova sposobnost otplate je dobra. Test procenjuje sposobnost rešavanja problema.;Банк проверяет кредитоспособность клиента. Его платёжеспособность хорошая. Тест оценивает способность решать проблемы.;The bank checks the client's creditworthiness. His repayment ability is good. The test assesses problem-solving ability.;;
1252;banka;4;Otplata;Отплата;assets/images/words/otplata.webp;assets/sounds/words/otplata.mp3;Погашение;Repayment;Otplata kredita traje pet godina. Mesečna otplata iznosi dvadeset hiljada dinara. Kasnili smo sa otplatom rate.;Погашение кредита занимает пять лет. Ежемесячный платёж составляет двадцать тысяч динаров. Мы опоздали с погашением взноса.;Loan repayment takes five years. The monthly repayment is twenty thousand dinars. We were late with the installment repayment.;;
1253;banka;4;Prevremen;Превремен;assets/images/words/prevremen.webp;assets/sounds/words/prevremen.mp3;Досрочный;Early, premature;Prevremena otplata kredita je moguća bez naknade. Podneo je zahtev za prevremenu penziju. Prevremeni dolazak je iznenadio sve.;Досрочное погашение кредита возможно без комиссии. Он подал заявление на досрочную пенсию. Досрочное прибытие удивило всех.;Early loan repayment is possible without a fee. He applied for early retirement. The early arrival surprised everyone.;;
1254;banka;4;Dozvoljen;Дозвољен;assets/images/words/dozvoljen.webp;assets/sounds/words/dozvoljen.mp3;Разрешённый;Allowed, permitted;Dozvoljeni minus je pedeset hiljada dinara. Ulaz je dozvoljen samo klijentima. Ovo nije dozvoljeno pravilima banke.;Разрешённый овердрафт — пятьдесят тысяч динаров. Вход разрешён только клиентам. Это не разрешено правилами банка.;The allowed overdraft is fifty thousand dinars. Entry is allowed only for clients. This is not allowed by the bank's rules.;;
1255;banka;4;Menica;Меница;assets/images/words/menica.webp;assets/sounds/words/menica.mp3;Вексель;Promissory note;Potpisao je menicu. Menica je garancija plaćanja. Menica ističe za mesec dana.;Он подписал вексель. Вексель — это гарантия оплаты. Срок векселя истекает через месяц.;He signed a promissory note. A promissory note is a payment guarantee. The promissory note expires in a month.;;
1256;banka;4;Krađa;Крађа;assets/images/words/kradja.webp;assets/sounds/words/kradja.mp3;Кража;Theft;Prijavio je krađu kartice policiji. Krađa identiteta je ozbiljan problem. Banka ga je upozorila na pokušaj krađe.;Он заявил в полицию о краже карты. Кража личных данных — серьёзная проблема. Банк предупредил его о попытке кражи.;He reported the card theft to the police. Identity theft is a serious problem. The bank warned him about an attempted theft.;;
1257;banka;4;Transakcija;Трансакција;assets/images/words/transakcija.webp;assets/sounds/words/transakcija.mp3;Транзакция;Transaction;Ova transakcija je sumnjiva. Sve transakcije se evidentiraju u izvodu. Transakcija je uspešno završena.;Эта транзакция подозрительна. Все транзакции фиксируются в выписке. Транзакция успешно завершена.;This transaction is suspicious. All transactions are recorded in the statement. The transaction was completed successfully.;;
1258;banka;4;Elektronski potpis;Електронски потпис;assets/images/words/elektronski_potpis.webp;assets/sounds/words/elektronski_potpis.mp3;Электронная подпись;Electronic signature;Potpisao sam ugovor elektronskim potpisom. Elektronski potpis je pravno valjan. Kreirao sam elektronski potpis.;Я подписал договор электронной подписью. Электронная подпись юридически действительна. Я создал электронную подпись.;I signed the contract with an electronic signature. The electronic signature is legally valid. I created an electronic signature.;;
1259;banka;4;Autorizacija;Ауторизација;assets/images/words/autorizacija.webp;assets/sounds/words/autorizacija.mp3;Авторизация;Authorization;Potrebna je autorizacija za veće iznose. Autorizacija plaćanja je odbijena. Uneo sam kod za autorizaciju.;Для крупных сумм требуется авторизация. Авторизация платежа была отклонена. Я ввёл код авторизации.;Authorization is required for larger amounts. Payment authorization was declined. I entered the authorization code.;;
1260;banka;4;Savetnik;Саветник;assets/images/words/savetnik.webp;assets/sounds/words/savetnik.mp3;Советник;Advisor;Moj bankarski savetnik mi je pomogao oko kredita. Savetnik je predložio bolju štednju. Zakazala sam sastanak sa finansijskim savetnikom.;Мой банковский консультант помог мне с кредитом. Консультант предложил лучший вариант накоплений. Я записалась на встречу с финансовым консультантом.;My bank advisor helped me with the loan. The advisor suggested a better savings plan. I scheduled a meeting with a financial advisor.;;
1173;beauty;4;Piling;Пилинг;assets/images/words/piling.webp;assets/sounds/words/piling.mp3;Пилинг;Peeling;Uradila sam piling lica pre šminkanja. Piling tela uklanja mrtve ćelije kože. Ovaj piling sadrži prirodne sastojke.;Я сделала пилинг лица перед макияжем. Пилинг тела удаляет омертвевшие клетки кожи. Этот пилинг содержит натуральные ингредиенты.;I did a face peel before applying makeup. Body peeling removes dead skin cells. This peel contains natural ingredients.;;
1174;beauty;4;Maska;Маска;assets/images/words/maska.webp;assets/sounds/words/maska.mp3;Маска;Mask;Nanela je masku za lice. Ova maska hidrira kožu preko noći. Kupila sam masku za kosu.;Она нанесла маску для лица. Эта маска увлажняет кожу за ночь. Я купила маску для волос.;She applied a face mask. This mask moisturizes skin overnight. I bought a hair mask.;;
1175;beauty;4;Malja;Маља;assets/images/words/malja.webp;assets/sounds/words/malja.mp3;Волоски;Unwanted hair;Uklonila je malje voskom. Ova krema usporava rast malja. Malje na licu su joj smetale.;Она удалила волоски воском. Этот крем замедляет рост волосков. Волоски на лице ей мешали.;She removed the unwanted hair with wax. This cream slows the growth of hair. The hair on her face bothered her.;;
1176;beauty;4;Vosak;Восак;assets/images/words/vosak.webp;assets/sounds/words/vosak.mp3;Воск;Wax;Depilacija voskom je brza. Zagrejali su vosak pre tretmana. Vosak za kosu daje sjaj.;Восковая депиляция быстрая. Воск подогрели перед процедурой. Воск для волос придаёт блеск.;Waxing is quick. They heated the wax before the treatment. Hair wax gives shine.;;
1177;beauty;4;Trepavice;Трепавице;assets/images/words/trepavice.webp;assets/sounds/words/trepavice.mp3;Ресницы;Eyelashes;Ima dugačke i guste trepavice. Stavila sam maskaru na trepavice. Trepavice su joj prirodno kovrdžave.;У неё длинные и густые ресницы. Я нанесла тушь на ресницы. У неё от природы вьющиеся ресницы.;She has long, thick eyelashes. I put mascara on my eyelashes. Her eyelashes are naturally curly.;;
1178;beauty;4;Produžetak;Продужетак;assets/images/words/produzetak.webp;assets/sounds/words/produzetak.mp3;Наращивание / продление;Extension;Uradila je produžetak kose. Produžetak trepavica traje mesec dana. Ovo je produžetak ugovora sa salonom.;Она сделала наращивание волос. Наращивание ресниц держится месяц. Это продление контракта с салоном.;She got hair extensions. The eyelash extension lasts a month. This is an extension of the contract with the salon.;;
1179;beauty;4;Obrve;Обрве;assets/images/words/obrve.webp;assets/sounds/words/obrve.mp3;Брови;Eyebrows;Njene obrve su guste i lepo oblikovane. Nikad ne izlazim bez sređenih obrva. Obrve joj savršeno uokviruju lice.;У неё густые, аккуратно оформленные брови. Я никогда не выхожу с неухоженными бровями. Брови идеально обрамляют её лицо.;Her eyebrows are thick and well-shaped. I never go out with unkempt eyebrows. Her eyebrows perfectly frame her face.;;
1180;beauty;4;Korekcija;Корекција;assets/images/words/korekcija.webp;assets/sounds/words/korekcija.mp3;Коррекция;Correction;Potrebna je korekcija obrva. Uradila je korekciju noktiju. Korekcija boje kose traje sat vremena.;Нужна коррекция бровей. Она сделала коррекцию ногтей. Коррекция цвета волос занимает час.;Eyebrow correction is needed. She got a nail correction. Hair color correction takes an hour.;;
1181;beauty;4;Proba šminke;Проба шминке;assets/images/words/proba_sminke.webp;assets/sounds/words/proba_sminke.mp3;Пробный макияж;Makeup trial;Proba šminke pomaže da izbegnem iznenađenja na dan venčanja. Na probi šminke doneću sliku svoje frizure. Proba šminke se obično naplaćuje posebno.;Пробный макияж помогает избежать сюрпризов в день свадьбы. На пробном макияже я принесу фото своей причёски. Пробный макияж обычно оплачивается отдельно.;A makeup trial helps avoid surprises on the wedding day. At the makeup trial I'll bring a picture of my hairstyle. A makeup trial is usually charged separately.;;
1182;beauty;4;Solarijum;Соларијум;assets/images/words/solarijum.webp;assets/sounds/words/solarijum.mp3;Солярий;Tanning salon;Idem u solarijum retko, samo pre leta. Solarijum može biti štetan za kožu. Ovaj salon ima i solarijum.;Я хожу в солярий редко, только перед летом. Солярий может быть вреден для кожи. В этом салоне есть и солярий.;I go to the tanning salon rarely, only before summer. Tanning beds can be harmful to the skin. This salon also has a tanning bed.;;
1183;beauty;4;Spa;Спа;assets/images/words/spa.webp;assets/sounds/words/spa.mp3;Спа;Spa;Provela sam dan u spa centru. Spa tretman je bio potpuno opuštajući. Hotel ima sopstveni spa.;Я провела день в спа-центре. Спа-процедура была абсолютно расслабляющей. В отеле есть собственный спа.;I spent the day at a spa center. The spa treatment was completely relaxing. The hotel has its own spa.;;
1184;beauty;4;Vaučer;Ваучер;assets/images/words/vaucer.webp;assets/sounds/words/vaucer.mp3;Ваучер;Voucher;Dobila je vaučer za masažu. Vaučer važi tri meseca. Iskoristila sam vaučer za frizerski salon.;Она получила ваучер на массаж. Ваучер действителен три месяца. Я использовала ваучер для парикмахерской.;She received a voucher for a massage. The voucher is valid for three months. I used the voucher for the hair salon.;;
1185;beauty;4;Melanž;Меланж;assets/images/words/melanz.webp;assets/sounds/words/melanz.mp3;Мелирование;Highlights;Uradila sam melanž da osvežim frizuru. Melanž izgleda prirodnije od potpunog farbanja. Melanž se radi folijama ili kapom.;Я сделала мелирование, чтобы освежить причёску. Мелирование выглядит более естественно, чем полное окрашивание. Мелирование делают с помощью фольги или шапочки.;I got highlights to refresh my hairstyle. Highlights look more natural than full coloring. Highlights are done with foils or a cap.;;
1186;beauty;4;Balayage;Балајаж;assets/images/words/balayage.webp;assets/sounds/words/balayage.mp3;Балаяж;Balayage;Balayage daje kosi efekat sunčanih pramenova. Odabrala sam balayage umesto klasičnog melanža. Balayage zahteva iskusnog frizera.;Балаяж придаёт волосам эффект выгоревших на солнце прядей. Я выбрала балаяж вместо классического мелирования. Балаяж требует опытного парикмахера.;Balayage gives hair a sun-kissed effect. I chose balayage instead of classic highlights. Balayage requires an experienced hairdresser.;;
1187;beauty;4;Aromaterapija;Ароматерапија;assets/images/words/aromaterapija.webp;assets/sounds/words/aromaterapija.mp3;Ароматерапия;Aromatherapy;Aromaterapija koristi eterična ulja za opuštanje. Ovaj salon nudi masažu uz aromaterapiju. Aromaterapija mi pomaže da se smirim posle napornog dana.;Ароматерапия использует эфирные масла для расслабления. Этот салон предлагает массаж с ароматерапией. Ароматерапия помогает мне успокоиться после тяжёлого дня.;Aromatherapy uses essential oils for relaxation. This salon offers massage combined with aromatherapy. Aromatherapy helps me calm down after a tough day.;;
1188;beauty;4;Anticelulitni;Антицелулитни;assets/images/words/anticelulitni.webp;assets/sounds/words/anticelulitni.mp3;Антицеллюлитный;Anti-cellulite;Ovaj tretman je anticelulitni. Koristi anticelulitnu kremu svako veče. Salon nudi anticelulitnu masažu.;Эта процедура антицеллюлитная. Она использует антицеллюлитный крем каждый вечер. Салон предлагает антицеллюлитный массаж.;This treatment is anti-cellulite. She uses anti-cellulite cream every evening. The salon offers anti-cellulite massage.;;
1189;beauty;4;Reakcija;Реакција;assets/images/words/reakcija.webp;assets/sounds/words/reakcija.mp3;Реакция;Reaction;Imala je alergijsku reakciju na kremu. Koža je pokazala reakciju posle tretmana. Nadam se da neće biti reakcije na boju.;У неё была аллергическая реакция на крем. Кожа отреагировала после процедуры. Надеюсь, не будет реакции на краску.;She had an allergic reaction to the cream. The skin showed a reaction after the treatment. I hope there won't be a reaction to the dye.;;
1190;beauty;4;Kožica;Кожица;assets/images/words/kozica.webp;assets/sounds/words/kozica.mp3;Кутикула;Cuticle;Manikirka je pažljivo gurnula kožicu. Kožica oko nokta je iritirana. Ulje omekšava kožicu.;Мастер аккуратно отодвинула кутикулу. Кутикула вокруг ногтя раздражена. Масло размягчает кутикулу.;The technician gently pushed back the cuticle. The cuticle around the nail is irritated. Oil softens the cuticle.;;
1191;beauty;4;Tretman;Третман;assets/images/words/tretman.webp;assets/sounds/words/tretman.mp3;Процедура;Treatment;Ovaj tretman traje sat vremena. Uradila je tretman za lice. Salon nudi razne tretmane za kosu.;Эта процедура длится час. Она сделала процедуру для лица. Салон предлагает разные процедуры для волос.;This treatment takes an hour. She had a facial treatment. The salon offers various hair treatments.;;
1944;construction;4;Arhitekta;Архитекта;assets/images/words/arhitekta.webp;assets/sounds/words/arhitekta.mp3;Архитектор;Architect;Arhitekta je nacrtao plan nove zgrade. Radi kao arhitekta u velikoj firmi. Angažovali smo poznatog arhitektu za projekat kuće.;Архитектор нарисовал план нового здания. Он работает архитектором в крупной фирме. Мы наняли известного архитектора для проекта дома.;The architect drew up the plan for the new building. He works as an architect at a large firm. We hired a well-known architect for the house project.;;
1945;construction;4;Beton;Бетон;assets/images/words/beton.webp;assets/sounds/words/beton.mp3;Бетон;Concrete;Beton se suši nekoliko dana. Temelj je napravljen od armiranog betona. Radnici su izlivali beton celo jutro.;Бетон сохнет несколько дней. Фундамент сделан из железобетона. Рабочие заливали бетон всё утро.;Concrete takes a few days to dry. The foundation is made of reinforced concrete. The workers were pouring concrete all morning.;;
1946;construction;4;Cement;Цемент;assets/images/words/cement.webp;assets/sounds/words/cement.mp3;Цемент;Cement;Pomešali su cement sa peskom i vodom. Ova vreća cementa teži trideset kilograma. Cement se koristi za pravljenje maltera.;Они смешали цемент с песком и водой. Этот мешок цемента весит тридцать килограммов. Цемент используется для изготовления раствора.;They mixed cement with sand and water. This bag of cement weighs thirty kilograms. Cement is used to make mortar.;;
1947;construction;4;Cigla;Цигла;assets/images/words/cigla.webp;assets/sounds/words/cigla.mp3;Кирпич;Brick;Kuća je izgrađena od crvene cigle. Zid od cigle je vrlo izdržljiv. Doneli su nekoliko paleta cigle na gradilište.;Дом построен из красного кирпича. Кирпичная стена очень прочная. Они привезли на стройку несколько поддонов кирпича.;The house is built of red brick. A brick wall is very durable. They brought several pallets of bricks to the construction site.;;
1948;construction;4;Dozvola;Дозвола;assets/images/words/dozvola.webp;assets/sounds/words/dozvola.mp3;Разрешение (на строительство);Permit;Za gradnju je potrebna građevinska dozvola. Dozvola za izgradnju garaže još nije stigla. Bez dozvole ne smete započeti radove.;Для строительства нужно разрешение на строительство. Разрешение на постройку гаража ещё не пришло. Без разрешения нельзя начинать работы.;A building permit is required for construction. The permit for building the garage hasn't arrived yet. You must not start work without a permit.;;
1949;construction;4;Dozvoliti;Дозволити;assets/images/words/dozvoliti.webp;assets/sounds/words/dozvoliti.mp3;Разрешить;To allow;Opština nije dozvolila izgradnju na tom mestu. Dozvolili su nam da promenimo raspored soba. Zakon dozvoljava izgradnju do određene visine.;Муниципалитет не разрешил строительство на этом месте. Нам разрешили изменить планировку комнат. Закон разрешает строительство до определённой высоты.;The municipality did not allow construction on that site. They allowed us to change the room layout. The law allows construction up to a certain height.;;
1950;construction;4;Fasada;Фасада;assets/images/words/fasada.webp;assets/sounds/words/fasada.mp3;Фасад;Facade;Fasada zgrade je nedavno okrečena. Radnici su postavljali izolaciju na fasadu. Fasada ove kuće ima lep kameni izgled.;Фасад здания недавно покрасили. Рабочие устанавливали утеплитель на фасад. У этого дома красивый каменный фасад.;The building's facade was recently painted. The workers were installing insulation on the facade. This house has a nice stone-look facade.;;
1951;construction;4;Gradilište;Градилиште;assets/images/words/gradiliste.webp;assets/sounds/words/gradiliste.mp3;Стройплощадка;Construction site;Na gradilištu rade od ranog jutra. Ulaz na gradilište je zabranjen bez šlema. Gradilište je ograđeno visokom ogradom.;На стройплощадке работают с раннего утра. Вход на стройплощадку без каски запрещён. Стройплощадка огорожена высоким забором.;They work at the construction site from early morning. Entry to the construction site without a helmet is forbidden. The construction site is fenced with a high fence.;;
1952;construction;4;Graditi;Градити;assets/images/words/graditi.webp;assets/sounds/words/graditi.mp3;Строить;To build;Već godinama grade ovaj most. Planiraju da grade novu školu u naselju. Firma gradi stambene zgrade širom grada.;Этот мост строят уже много лет. Они планируют строить новую школу в районе. Фирма строит жилые дома по всему городу.;They have been building this bridge for years. They plan to build a new school in the neighborhood. The company is building residential buildings all over the city.;;
1953;construction;4;Građa;Грађа;assets/images/words/gradja.webp;assets/sounds/words/gradja.mp3;Стройматериал;Building material;Kupili smo svu potrebnu građu za krov. Cena građe je poslednjih meseci porasla. Skladište građe se nalazi pored gradilišta.;Мы купили весь необходимый материал для крыши. Цена стройматериалов выросла за последние месяцы. Склад стройматериалов находится рядом со стройкой.;We bought all the necessary material for the roof. The price of building materials has risen in recent months. The building material warehouse is next to the construction site.;;
1954;construction;4;Inspekcija;Инспекција;assets/images/words/inspekcija.webp;assets/sounds/words/inspekcija.mp3;Инспекция;Inspection;Građevinska inspekcija je pregledala objekat. Posle inspekcije dobili smo dozvolu za nastavak radova. Inspekcija je zabranila dalju gradnju zbog nepravilnosti.;Строительная инспекция проверила объект. После инспекции мы получили разрешение продолжить работы. Инспекция запретила дальнейшее строительство из-за нарушений.;The building inspection examined the site. After the inspection we got permission to continue the work. The inspection banned further construction due to violations.;;
1955;construction;4;Inspektor;Инспектор;assets/images/words/inspektor.webp;assets/sounds/words/inspektor.mp3;Инспектор;Inspector;Inspektor je proverio kvalitet betona. Inspektor je zabeležio nekoliko nepravilnosti. Čekamo dolazak inspektora sledeće nedelje.;Инспектор проверил качество бетона. Инспектор зафиксировал несколько нарушений. Мы ждём приезда инспектора на следующей неделе.;The inspector checked the quality of the concrete. The inspector noted several irregularities. We are waiting for the inspector to arrive next week.;;
1956;construction;4;Izgraditi;Изградити;assets/images/words/izgraditi.webp;assets/sounds/words/izgraditi.mp3;Построить;To build (complete);Uspeli su da izgrade kuću za samo šest meseci. Planiramo da izgradimo garažu u dvorištu. Izgradili su most preko cele reke.;Им удалось построить дом всего за шесть месяцев. Мы планируем построить гараж во дворе. Они построили мост через всю реку.;They managed to build the house in just six months. We plan to build a garage in the yard. They built a bridge across the entire river.;;
1957;construction;4;Izolacija;Изолација;assets/images/words/izolacija.webp;assets/sounds/words/izolacija.mp3;Изоляция;Insulation;Postavili smo izolaciju na krov. Dobra izolacija smanjuje troškove grejanja. Izolacija zidova je urađena kamenom vunom.;Мы установили теплоизоляцию на крышу. Хорошая изоляция снижает расходы на отопление. Изоляция стен выполнена каменной ватой.;We installed insulation on the roof. Good insulation reduces heating costs. The wall insulation was done with mineral wool.;;
1958;construction;4;Izvođač;Извођач;assets/images/words/izvodjac.webp;assets/sounds/words/izvodjac.mp3;Подрядчик;Contractor;Izvođač radova je kasnio sa rokovima. Potpisali smo ugovor sa izvođačem. Izvođač je odgovoran za kvalitet gradnje.;Подрядчик задерживал сроки. Мы подписали договор с подрядчиком. Подрядчик отвечает за качество строительства.;The contractor was behind schedule. We signed a contract with the contractor. The contractor is responsible for the quality of the construction.;;
1959;construction;4;Majstor;Мајстор;assets/images/words/majstor.webp;assets/sounds/words/majstor.mp3;Мастер;Craftsman / handyman;Pozvali smo majstora da popravi cevi. Majstor je za dan završio sav posao. Dobar majstor je uvek na ceni.;Мы вызвали мастера починить трубы. Мастер закончил всю работу за день. Хороший мастер всегда ценится.;We called a handyman to fix the pipes. The craftsman finished all the work in one day. A good craftsman is always valued.;;
1960;construction;4;Materijal;Материјал;assets/images/words/materijal.webp;assets/sounds/words/materijal.mp3;Материал;Material;Kupili smo kvalitetan materijal za gradnju. Materijal je poručen iz susedne zemlje. Cena materijala stalno raste.;Мы купили качественный материал для строительства. Материал заказан из соседней страны. Цена на материал постоянно растёт.;We bought quality building material. The material was ordered from a neighboring country. The price of material keeps rising.;;
1961;construction;4;Popravka;Поправка;assets/images/words/popravka.webp;assets/sounds/words/popravka.mp3;Ремонт;Repair;Popravka krova će trajati nedelju dana. Ova popravka je bila prilično skupa. Zvali smo majstora zbog popravke vodovoda.;Ремонт крыши займёт неделю. Этот ремонт был довольно дорогим. Мы вызвали мастера из-за ремонта водопровода.;The roof repair will take a week. This repair was quite expensive. We called a handyman for the plumbing repair.;;
1962;construction;4;Renovirati;Реновирати;assets/images/words/renovirati.webp;assets/sounds/words/renovirati.mp3;Ремонтировать / реконструировать;To renovate;Planiramo da renoviramo staru kuću. Odlučili su da renoviraju ceo stan. Renoviraćemo kuhinju sledećeg meseca.;Мы планируем отремонтировать старый дом. Они решили отремонтировать всю квартиру. Мы отремонтируем кухню в следующем месяце.;We plan to renovate the old house. They decided to renovate the whole apartment. We will renovate the kitchen next month.;;
1963;construction;4;Skela;Скела;assets/images/words/skela.webp;assets/sounds/words/skela.mp3;Леса;Scaffolding;Radnici su postavili skelu oko zgrade. Popeo se na skelu da oboji fasadu. Skela je uklonjena posle završetka radova.;Рабочие установили леса вокруг здания. Он поднялся на леса, чтобы покрасить фасад. Леса убрали после завершения работ.;The workers put up scaffolding around the building. He climbed the scaffolding to paint the facade. The scaffolding was removed after the work was finished.;;
1964;construction;4;Srušiti;Срушити;assets/images/words/srusiti.webp;assets/sounds/words/srusiti.mp3;Снести;To demolish;Odlučili su da sruše staru zgradu. Srušili su zid da naprave prolaz. Ova kuća će biti srušena zbog novog puta.;Они решили снести старое здание. Они снесли стену, чтобы сделать проход. Этот дом будет снесён из-за новой дороги.;They decided to demolish the old building. They knocked down the wall to make a passage. This house will be demolished because of the new road.;;
1965;construction;4;Temelj;Темељ;assets/images/words/temelj.webp;assets/sounds/words/temelj.mp3;Фундамент;Foundation;Radnici su prvo iskopali temelj. Temelj mora biti čvrst da bi zgrada bila bezbedna. Postavljanje temelja trajalo je dve nedelje.;Рабочие сначала выкопали котлован под фундамент. Фундамент должен быть прочным, чтобы здание было безопасным. Закладка фундамента заняла две недели.;The workers first dug the foundation. The foundation must be solid for the building to be safe. Laying the foundation took two weeks.;;
1966;construction;4;Vodovod;Водовод;assets/images/words/vodovod.webp;assets/sounds/words/vodovod.mp3;Водопровод;Plumbing;Vodovod u kući je star i treba ga zameniti. Pozvali smo majstora zbog kvara na vodovodu. Novi vodovod je postavljen prošle nedelje.;Водопровод в доме старый, его нужно менять. Мы вызвали мастера из-за поломки водопровода. Новый водопровод установили на прошлой неделе.;The plumbing in the house is old and needs replacing. We called a handyman because of a plumbing fault. New plumbing was installed last week.;;
1967;construction;4;Zidati;Зидати;assets/images/words/zidati.webp;assets/sounds/words/zidati.mp3;Класть (кирпич) / строить;To build a wall;Majstori zidaju novi zid oko dvorišta. Ceo dan su zidali bez pauze. Zidaju kuću od cigle i betona.;Мастера кладут новую стену вокруг двора. Они клали кирпич весь день без перерыва. Они строят дом из кирпича и бетона.;The workers are building a new wall around the yard. They were laying bricks all day without a break. They are building the house from brick and concrete.;;
1968;construction;4;Čelik;Челик;assets/images/words/celik.webp;assets/sounds/words/celik.mp3;Сталь;Steel;Konstrukcija je napravljena od čelika. Čelik je jači od betona na zatezanje. Kupili smo čelične grede za krov.;Конструкция сделана из стали. Сталь прочнее бетона на растяжение. Мы купили стальные балки для крыши.;The structure is made of steel. Steel is stronger than concrete under tension. We bought steel beams for the roof.;;
1969;construction;4;Šlem;Шлем;assets/images/words/slem.webp;assets/sounds/words/slem.mp3;Шлем;Helmet;Na gradilištu se mora nositi šlem. Zaboravio je šlem kod kuće. Šlem štiti glavu od padajućih predmeta.;На стройке обязательно нужно носить каску. Он забыл каску дома. Каска защищает голову от падающих предметов.;You must wear a helmet at the construction site. He forgot his helmet at home. A helmet protects the head from falling objects.;;
1970;construction;4;Šljunak;Шљунак;assets/images/words/sljunak.webp;assets/sounds/words/sljunak.mp3;Гравий / щебень;Gravel;Doneli su kamion šljunka za temelj. Šljunak se koristi za pravljenje betona. Put je posut šljunkom.;Привезли грузовик щебня для фундамента. Щебень используется для изготовления бетона. Дорога посыпана гравием.;They brought a truckload of gravel for the foundation. Gravel is used to make concrete. The road is covered with gravel.;;
908;health;4;Alergija;Алергија;assets/images/words/alergija.webp;assets/sounds/words/alergija.mp3;Аллергия;Allergy;Imam alergiju na polen. Alergija se javlja u proleće. Uzimam lek protiv alergije.;У меня аллергия на пыльцу. Аллергия проявляется весной. Я принимаю лекарство от аллергии.;I have an allergy to pollen. The allergy occurs in spring. I take medicine for the allergy.;;
909;health;4;Alergičan;Алергичан;assets/images/words/alergican.webp;assets/sounds/words/alergican.mp3;Аллергичный;Allergic;Alergičan sam na orahe. Ona je alergična na mačke. Deca su često alergična na hranu.;У меня аллергия на орехи. У неё аллергия на кошек. Дети часто имеют аллергию на еду.;I'm allergic to walnuts. She's allergic to cats. Children are often allergic to food.;;
910;health;4;Dijagnoza;Дијагноза;assets/images/words/dijagnoza.webp;assets/sounds/words/dijagnoza.mp3;Диагноз;Diagnosis;Doktor je postavio dijagnozu. Dijagnoza je bila upala pluća. Čekam konačnu dijagnozu.;Врач поставил диагноз. Диагноз — воспаление лёгких. Я жду окончательный диагноз.;The doctor made a diagnosis. The diagnosis was pneumonia. I'm waiting for the final diagnosis.;;
911;health;4;Dotrčati;Дотрчати;assets/images/words/dotrcati.webp;assets/sounds/words/dotrcati.mp3;Подбежать;To run up to;Dotrčao je do hitne pomoći. Dotrčala je da mi pomogne. Deca su dotrčala do lekara.;Он подбежал к скорой помощи. Она подбежала, чтобы помочь мне. Дети подбежали к врачу.;He ran up to the ambulance. She ran up to help me. The children ran up to the doctor.;;
912;health;4;Dovesti;Довести;assets/images/words/dovesti.webp;assets/sounds/words/dovesti.mp3;Привести;To bring (someone);Doveo sam sina kod pedijatra. Dovela je majku na pregled. Dovedite pacijenta odmah.;Я привёл сына к педиатру. Она привела маму на осмотр. Приведите пациента немедленно.;I brought my son to the pediatrician. She brought her mother for the check-up. Bring the patient immediately.;;
913;health;4;Doza;Доза;assets/images/words/doza.webp;assets/sounds/words/doza.mp3;Доза;Dose;Uzmite jednu dozu ujutru. Doza leka je previsoka. Ne prekoračujte preporučenu dozu.;Принимайте одну дозу утром. Доза лекарства слишком высокая. Не превышайте рекомендованную дозу.;Take one dose in the morning. The dose of medicine is too high. Don't exceed the recommended dose.;;
914;health;4;Gips;Гипс;assets/images/words/gips.webp;assets/sounds/words/gips.mp3;Гипс;Cast;Nosi gips na ruci. Gips se skida za mesec dana. Gips ga ograničava u pokretu.;Он носит гипс на руке. Гипс снимут через месяц. Гипс ограничивает его в движении.;He's wearing a cast on his arm. The cast comes off in a month. The cast limits his movement.;;
915;health;4;Groznica;Грозница;assets/images/words/groznica.webp;assets/sounds/words/groznica.mp3;Лихорадка;Fever;Ima visoku groznicu. Groznica je opala tokom noći. Groznica je znak infekcije.;У него сильный жар. Лихорадка спала ночью. Лихорадка — признак инфекции.;He has a high fever. The fever went down during the night. Fever is a sign of infection.;;
916;health;4;Hirurg;Хирург;assets/images/words/hirurg.webp;assets/sounds/words/hirurg.mp3;Хирург;Surgeon;Hirurg je uspešno završio operaciju. Razgovarao sam sa hirurgom pre operacije. Hirurg ima veliko iskustvo.;Хирург успешно завершил операцию. Я поговорил с хирургом перед операцией. У хирурга большой опыт.;The surgeon successfully completed the operation. I talked to the surgeon before the surgery. The surgeon has a lot of experience.;;
917;health;4;Injekcija;Ињекција;assets/images/words/injekcija.webp;assets/sounds/words/injekcija.mp3;Укол;Injection;Dobio sam injekciju protiv bola. Injekcija je bila bezbolna. Sestra daje injekcije svakog jutra.;Мне сделали укол от боли. Укол был безболезненным. Медсестра делает уколы каждое утро.;I got an injection for the pain. The injection was painless. The nurse gives injections every morning.;;
918;health;4;Krv;Крв;assets/images/words/krv.webp;assets/sounds/words/krv.mp3;Кровь;Blood;Krv se uzima za analizu. Krv mu je curila iz nosa. Dao je krv kao dobrovoljni davalac.;Кровь берут на анализ. У него шла кровь из носа. Он сдал кровь как донор.;Blood is drawn for testing. His nose was bleeding. He donated blood as a volunteer.;;
919;health;4;Nosila;Носила;assets/images/words/nosila.webp;assets/sounds/words/nosila.mp3;Носилки;Stretcher;Preneli su pacijenta na nosilima. Nosila su bila u kolima hitne pomoći. Postavili su ga na nosila.;Пациента перенесли на носилках. Носилки были в машине скорой помощи. Его положили на носилки.;They carried the patient on a stretcher. The stretcher was in the ambulance. They put him on the stretcher.;;
920;health;4;Odvesti;Одвести;assets/images/words/odvesti.webp;assets/sounds/words/odvesti.mp3;Отвезти;To take (someone) away;Odveli su ga u bolnicu. Moram da odvedem majku na pregled. Odvezi me do klinike, molim.;Его отвезли в больницу. Мне нужно отвезти маму на приём. Отвези меня в клинику, пожалуйста.;They took him to the hospital. I need to take my mother to her appointment. Take me to the clinic, please.;;
921;health;4;Onesvestiti;Онесвестити;assets/images/words/onesvestiti.webp;assets/sounds/words/onesvestiti.mp3;Потерять сознание;To faint;Onesvestila se od vrućine. Onesvestio se usred razgovora. Ako se onesvestiš, odmah pozovi lekara.;Она потеряла сознание от жары. Он потерял сознание посреди разговора. Если ты потеряешь сознание, немедленно вызови врача.;She fainted from the heat. He fainted in the middle of a conversation. If you faint, call a doctor immediately.;;
922;health;4;Operacija;Операција;assets/images/words/operacija.webp;assets/sounds/words/operacija.mp3;Операция;Surgery;Operacija je trajala tri sata. Operacija je bila uspešna. Čeka operaciju sledeće nedelje.;Операция длилась три часа. Операция прошла успешно. Он ждёт операцию на следующей неделе.;The surgery lasted three hours. The surgery was successful. He's waiting for surgery next week.;;
923;health;4;Operisati;Оперисати;assets/images/words/operisati.webp;assets/sounds/words/operisati.mp3;Оперировать;To operate;Doktor je operisao pacijenta. Operisali su ga hitno. Treba da ga operišu sutra.;Врач прооперировал пациента. Его прооперировали срочно. Его должны прооперировать завтра.;The doctor operated on the patient. He was operated on urgently. He needs to be operated on tomorrow.;;
924;health;4;Oporaviti;Опоравити;assets/images/words/oporaviti.webp;assets/sounds/words/oporaviti.mp3;Поправиться / восстановиться;To recover;Brzo se oporavlja posle operacije. Nadam se da ćeš se uskoro oporaviti. Oporavila se od teške bolesti.;Он быстро восстанавливается после операции. Надеюсь, ты скоро поправишься. Она выздоровела после тяжёлой болезни.;He's recovering quickly after the surgery. I hope you get well soon. She recovered from a serious illness.;;
925;health;4;Ordinacija;Ординација;assets/images/words/ordinacija.webp;assets/sounds/words/ordinacija.mp3;Кабинет врача;Doctor's office;Sačekajte ispred ordinacije. Ordinacija je na drugom spratu. Ordinacija radi do pet.;Подождите перед кабинетом врача. Кабинет на втором этаже. Кабинет работает до пяти.;Wait in front of the doctor's office. The doctor's office is on the second floor. The doctor's office is open until five.;;
926;health;4;Pacijent;Пацијент;assets/images/words/pacijent.webp;assets/sounds/words/pacijent.mp3;Пациент;Patient;Pacijent čeka na pregled. Doktor je pregledao pacijenta. Pacijent se oporavlja dobro.;Пациент ждёт осмотра. Врач осмотрел пациента. Пациент хорошо восстанавливается.;The patient is waiting for the examination. The doctor examined the patient. The patient is recovering well.;;
927;health;4;Pregled;Преглед;assets/images/words/pregled.webp;assets/sounds/words/pregled.mp3;Осмотр;Examination;Pregled je trajao pola sata. Pregled je pokazao da sam zdrav. Imam pregled kod kardiologa.;Осмотр длился полчаса. Осмотр показал, что я здоров. У меня осмотр у кардиолога.;The examination lasted half an hour. The examination showed that I'm healthy. I have an examination with the cardiologist.;;
928;health;4;Prelom;Прелом;assets/images/words/prelom.webp;assets/sounds/words/prelom.mp3;Перелом;Fracture;Rendgen je pokazao prelom. Prelom noge zahteva gips. Prelom zarasta sporo.;Рентген показал перелом. Перелом ноги требует гипса. Перелом заживает медленно.;The X-ray showed a fracture. A leg fracture requires a cast. The fracture heals slowly.;;
929;health;4;Rana;Рана;assets/images/words/rana.webp;assets/sounds/words/rana.mp3;Рана;Wound;Rana je duboka. Previj ranu čistom gazom. Rana zarasta polako.;Рана глубокая. Перевяжи рану чистым бинтом. Рана заживает медленно.;The wound is deep. Bandage the wound with clean gauze. The wound is healing slowly.;;
930;health;4;Simptom;Симптом;assets/images/words/simptom.webp;assets/sounds/words/simptom.mp3;Симптом;Symptom;Prvi simptom je bila groznica. Simptom se pogoršao noću. Nijedan simptom nije bio ozbiljan.;Первым симптомом была лихорадка. Симптом усилился ночью. Ни один симптом не был серьёзным.;The first symptom was fever. The symptom worsened at night. None of the symptoms were serious.;;
931;health;4;Slomiti;Сломити;assets/images/words/slomiti.webp;assets/sounds/words/slomiti.mp3;Сломать;To break;Slomio je ruku padajući. Slomila je nogu na skijanju. Bojim se da ću slomiti nešto.;Он сломал руку при падении. Она сломала ногу на лыжах. Боюсь что-нибудь сломать.;He broke his arm falling. She broke her leg skiing. I'm afraid I'll break something.;;
932;health;4;Specijalista;Специјалиста;assets/images/words/specijalista.webp;assets/sounds/words/specijalista.mp3;Специалист;Specialist;Uputili su me kod specijaliste. Specijalista je pregledao nalaze. Zakazao sam pregled kod specijaliste.;Меня направили к специалисту. Специалист рассмотрел результаты. Я записался на приём к специалисту.;I was referred to a specialist. The specialist reviewed the results. I scheduled an appointment with a specialist.;;
933;health;4;Tableta;Таблета;assets/images/words/tableta.webp;assets/sounds/words/tableta.mp3;Таблетка;Pill;Uzmi jednu tabletu ujutru. Tableta je gorka. Popio sam tabletu za glavobolju.;Прими одну таблетку утром. Таблетка горькая. Я выпил таблетку от головной боли.;Take one pill in the morning. The pill is bitter. I took a pill for my headache.;;
934;health;4;Upala;Упала;assets/images/words/upala.webp;assets/sounds/words/upala.mp3;Воспаление;Inflammation;Ima upalu grla. Upala je smanjena posle terapije. Doktor je propisao antibiotik protiv upale.;У него воспаление горла. Воспаление уменьшилось после терапии. Врач прописал антибиотик от воспаления.;He has a throat inflammation. The inflammation decreased after therapy. The doctor prescribed an antibiotic for the inflammation.;;
935;health;4;Uput;Упут;assets/images/words/uput.webp;assets/sounds/words/uput.mp3;Направление (к врачу);Referral;Doktor mi je dao uput za specijalistu. Uput važi trideset dana. Zaboravio sam uput kod kuće.;Врач дал мне направление к специалисту. Направление действует тридцать дней. Я забыл направление дома.;The doctor gave me a referral to a specialist. The referral is valid for thirty days. I forgot the referral at home.;;
936;health;4;Vakcina;Вакцина;assets/images/words/vakcina.webp;assets/sounds/words/vakcina.mp3;Вакцина;Vaccine;Primio sam vakcinu protiv gripa. Vakcina štiti od bolesti. Deca primaju obavezne vakcine.;Я сделал прививку от гриппа. Вакцина защищает от болезни. Дети получают обязательные прививки.;I got the flu vaccine. The vaccine protects against disease. Children receive mandatory vaccines.;;
937;health;4;Zavoj;Завој;assets/images/words/zavoj.webp;assets/sounds/words/zavoj.mp3;Повязка;Bandage;Stavio je zavoj na ranu. Zavoj treba menjati svaki dan. Zavoj je bio previše čvrst.;Он наложил повязку на рану. Повязку нужно менять каждый день. Повязка была слишком тугой.;He put a bandage on the wound. The bandage needs to be changed every day. The bandage was too tight.;;
938;health;4;Zubar;Зубар;assets/images/words/zubar.webp;assets/sounds/words/zubar.mp3;Стоматолог;Dentist;Otišao sam kod zubara na pregled. Zubar mi je izvadio zub. Zubar je preporučio redovno pranje zuba.;Я пошёл к стоматологу на осмотр. Стоматолог удалил мне зуб. Стоматолог порекомендовал регулярную чистку зубов.;I went to the dentist for a check-up. The dentist pulled my tooth. The dentist recommended regular teeth brushing.;;
939;health;4;Čekaonica;Чекаоница;assets/images/words/cekaonica.webp;assets/sounds/words/cekaonica.mp3;Зал ожидания / приёмная;Waiting room;Sačekajte u čekaonici. Čekaonica je puna pacijenata. Čitao sam novine u čekaonici.;Подождите в зале ожидания. Зал ожидания полон пациентов. Я читал газету в зале ожидания.;Wait in the waiting room. The waiting room is full of patients. I read a newspaper in the waiting room.;;
2137;history;4;Arhiva;Архива;assets/images/words/arhiva.webp;assets/sounds/words/arhiva.mp3;Архив;Archive;Dokumenti se čuvaju u državnoj arhivi. Istoričar je proveo mesece u arhivi. Ova arhiva sadrži retke rukopise.;Документы хранятся в государственном архиве. Историк провёл месяцы в архиве. В этом архиве хранятся редкие рукописи.;The documents are kept in the state archive. The historian spent months in the archive. This archive contains rare manuscripts.;;
2138;history;4;Bitka;Битка;assets/images/words/bitka.webp;assets/sounds/words/bitka.mp3;Битва;Battle;Bitka je trajala nekoliko dana. U toj bici poginulo je mnogo vojnika. Istoričari i danas proučavaju tu čuvenu bitku.;Битва длилась несколько дней. В этой битве погибло много солдат. Историки до сих пор изучают эту знаменитую битву.;The battle lasted several days. Many soldiers died in that battle. Historians still study that famous battle today.;;
2139;history;4;Car;Цар;assets/images/words/car.webp;assets/sounds/words/car.mp3;Царь;Tsar;Car je vladao carstvom više od trideset godina. Narod je poštovao svog cara. Car je izgradio novu prestonicu.;Царь правил империей более тридцати лет. Народ уважал своего царя. Царь построил новую столицу.;The tsar ruled the empire for more than thirty years. The people respected their tsar. The tsar built a new capital.;;
2140;history;4;Događaj;Догађај;assets/images/words/dogadjaj.webp;assets/sounds/words/dogadjaj.mp3;Событие;Event;Taj događaj je promenio tok istorije. Istorijski događaj se desio pre pet vekova. O tom događaju postoje brojni zapisi.;Это событие изменило ход истории. Историческое событие произошло пять веков назад. Об этом событии существует множество записей.;That event changed the course of history. The historical event happened five centuries ago. There are numerous records of that event.;;
2141;history;4;Drevni;Древни;assets/images/words/drevni.webp;assets/sounds/words/drevni.mp3;Древний;Ancient;Otkriveni su ostaci drevnog grada. Drevni narodi su verovali u mnogo bogova. Ova knjiga govori o drevnim civilizacijama.;Были обнаружены остатки древнего города. Древние народы верили во многих богов. Эта книга рассказывает о древних цивилизациях.;Remains of an ancient city were discovered. Ancient peoples believed in many gods. This book talks about ancient civilizations.;;
2142;history;4;Ispričati;Испричати;assets/images/words/ispricati.webp;assets/sounds/words/ispricati.mp3;Рассказать;To tell;Želim da vam ispričam jednu staru legendu. Baka je umela lepo da ispriča priče iz prošlosti. Istoričar je ispričao priču o zaboravljenom kralju.;Я хочу рассказать вам одну старую легенду. Бабушка умела красиво рассказывать истории из прошлого. Историк рассказал историю о забытом короле.;I want to tell you an old legend. Grandma knew how to tell stories from the past beautifully. The historian told the story of a forgotten king.;;
2143;history;4;Istorijski;Историјски;assets/images/words/istorijski.webp;assets/sounds/words/istorijski.mp3;Исторический;Historical;Ovo je važan istorijski spomenik. Istorijski događaji oblikuju budućnost. Grad ima bogato istorijsko nasleđe.;Это важный исторический памятник. Исторические события формируют будущее. Город имеет богатое историческое наследие.;This is an important historical monument. Historical events shape the future. The city has a rich historical heritage.;;
2144;history;4;Kralj;Краљ;assets/images/words/kralj.webp;assets/sounds/words/kralj.mp3;Король;King;Kralj je vladao zemljom mudro. Narod je slavio svog kralja. Kralj je sagradio veliku tvrđavu.;Король мудро правил страной. Народ прославлял своего короля. Король построил большую крепость.;The king ruled the land wisely. The people praised their king. The king built a great fortress.;;
2145;history;4;Kraljica;Краљица;assets/images/words/kraljica.webp;assets/sounds/words/kraljica.mp3;Королева;Queen;Kraljica je bila poznata po svojoj hrabrosti. Kraljica je vladala posle smrti kralja. Narod je voleo svoju kraljicu.;Королева была известна своей храбростью. Королева правила после смерти короля. Народ любил свою королеву.;The queen was known for her courage. The queen ruled after the king's death. The people loved their queen.;;
2146;history;4;Legenda;Легенда;assets/images/words/legenda.webp;assets/sounds/words/legenda.mp3;Легенда;Legend;Ova legenda se prenosi s kolena na koleno. Legenda kaže da je grad izgrađen preko noći. Svako selo ima svoju legendu.;Эта легенда передаётся из поколения в поколение. Легенда гласит, что город был построен за одну ночь. У каждой деревни есть своя легенда.;This legend is passed down from generation to generation. Legend has it that the city was built overnight. Every village has its own legend.;;
2147;history;4;Nekada;Некада;assets/images/words/nekada.webp;assets/sounds/words/nekada.mp3;Когда-то;Once, long ago;Nekada davno, ovde je bio zamak. Nekada su ljudi živeli drugačije. Nekada sam voleo da crtam.;Когда-то давно здесь был замок. Когда-то люди жили иначе. Когда-то я любил рисовать.;Once, long ago, there was a castle here. People used to live differently. I used to love drawing.;;
2148;history;4;Nekadašnji;Некадашњи;assets/images/words/nekadasnji.webp;assets/sounds/words/nekadasnji.mp3;Бывший;Former;Nekadašnji kralj je proveo starost u manastiru. Ovo je nekadašnja prestonica carstva. Nekadašnji ratnik postao je mudar savetnik.;Бывший король провёл старость в монастыре. Это бывшая столица империи. Бывший воин стал мудрым советником.;The former king spent his old age in a monastery. This is the former capital of the empire. The former warrior became a wise advisor.;;
2149;history;4;Osvajati;Освајати;assets/images/words/osvajati.webp;assets/sounds/words/osvajati.mp3;Завоёвывать;To conquer;Vojska je počela da osvaja susedne teritorije. Car je godinama osvajao nove zemlje. Nije lako osvajati tvrđave sa visokim zidinama.;Армия начала завоёвывать соседние территории. Царь годами завоёвывал новые земли. Нелегко завоёвывать крепости с высокими стенами.;The army began conquering neighboring territories. The tsar spent years conquering new lands. It's not easy conquering fortresses with high walls.;;
2150;history;4;Osvojiti;Освојити;assets/images/words/osvojiti.webp;assets/sounds/words/osvojiti.mp3;Завоевать;To conquer (complete);Vojska je osvojila grad posle duge opsade. Kralj je osvojio novu teritoriju bez borbe. Osvojili su tvrđavu iznenadnim napadom.;Армия завоевала город после долгой осады. Король завоевал новую территорию без боя. Они завоевали крепость внезапным нападением.;The army conquered the city after a long siege. The king conquered new territory without a fight. They conquered the fortress with a surprise attack.;;
2151;history;4;Potomak;Потомак;assets/images/words/potomak.webp;assets/sounds/words/potomak.mp3;Потомок;Descendant;On je direktan potomak poslednjeg kralja. Njeni potomci žive u istom selu i danas. Muzej čuva predmete koje su ostavili potomci vladara.;Он прямой потомок последнего короля. Её потомки живут в той же деревне и сегодня. Музей хранит вещи, оставленные потомками правителя.;He is a direct descendant of the last king. Her descendants still live in the same village today. The museum keeps items left by the ruler's descendants.;;
2152;history;4;Predak;Предак;assets/images/words/predak.webp;assets/sounds/words/predak.mp3;Предок;Ancestor;Moj predak je učestvovao u toj bici. Ovaj zamak su izgradili naši preci. Poštujemo tradicije koje su nam ostavili preci.;Мой предок участвовал в этой битве. Этот замок построили наши предки. Мы уважаем традиции, оставленные нам предками.;My ancestor took part in that battle. This castle was built by our ancestors. We respect the traditions left to us by our ancestors.;;
2153;history;4;Predanje;Предање;assets/images/words/predanje.webp;assets/sounds/words/predanje.mp3;Предание;Legend / lore;Prema narodnom predanju, ovde je nekada bio dvorac. Predanje o hrabrom junaku prenosi se generacijama. Selo čuva staro predanje o skrivenom blagu.;Согласно народному преданию, здесь когда-то был дворец. Предание о храбром герое передаётся из поколения в поколение. Деревня хранит старое предание о спрятанном кладе.;According to folk legend, there used to be a castle here. The legend of the brave hero is passed down through generations. The village keeps an old legend about hidden treasure.;;
2154;history;4;Prošlost;Прошлост;assets/images/words/proslost.webp;assets/sounds/words/proslost.mp3;Прошлое;Past;Volim da učim o prošlosti svoje zemlje. Prošlost ne možemo promeniti, ali možemo učiti iz nje. Ova zgrada čuva uspomenu na burnu prošlost grada.;Я люблю изучать прошлое своей страны. Прошлое мы не можем изменить, но можем учиться на нём. Это здание хранит память о бурном прошлом города.;I love learning about my country's past. We can't change the past, but we can learn from it. This building preserves the memory of the city's turbulent past.;;
2155;history;4;Rat;Рат;assets/images/words/rat.webp;assets/sounds/words/rat.mp3;Война;War;Rat je trajao gotovo deset godina. Mnogi gradovi su uništeni u tom ratu. Posle rata usledio je period mira.;Война длилась почти десять лет. Многие города были разрушены в этой войне. После войны наступил период мира.;The war lasted almost ten years. Many cities were destroyed in that war. After the war came a period of peace.;;
2156;history;4;Sećanje;Сећање;assets/images/words/secanje.webp;assets/sounds/words/secanje.mp3;Память / воспоминание;Memory;Sećanje na taj događaj i dalje živi u narodu. Spomenik čuva sećanje na poginule vojnike. Njeno sećanje na detinjstvo bilo je vrlo živo.;Память об этом событии до сих пор жива в народе. Памятник хранит память о погибших солдатах. Её воспоминания о детстве были очень яркими.;The memory of that event still lives on among the people. The monument preserves the memory of the fallen soldiers. Her memory of childhood was very vivid.;;
2157;history;4;Vladar;Владар;assets/images/words/vladar.webp;assets/sounds/words/vladar.mp3;Правитель;Ruler;Vladar je doneo mnoge važne reforme. Narod je poštovao pravednog vladara. Vladar je izgradio novi grad na obali reke.;Правитель провёл много важных реформ. Народ уважал справедливого правителя. Правитель построил новый город на берегу реки.;The ruler introduced many important reforms. The people respected the just ruler. The ruler built a new city on the riverbank.;;
2158;history;4;Zaboravljen;Заборављен;assets/images/words/zaboravljen.webp;assets/sounds/words/zaboravljen.mp3;Забытый;Forgotten;Ovaj vladar je danas skoro zaboravljen. Pronašli su zaboravljeni grad duboko u džungli. Njegovo ime je bilo zaboravljeno vekovima.;Этот правитель сегодня почти забыт. Они нашли забытый город глубоко в джунглях. Его имя было забыто на протяжении веков.;This ruler is almost forgotten today. They found a forgotten city deep in the jungle. His name was forgotten for centuries.;;
358;home;4;Nameštaj;Намештај;assets/images/words/namestaj.webp;assets/sounds/words/namestaj.mp3;Мебель;Furniture;Kupili smo nov nameštaj. Nameštaj je od drveta. Nameštaj je star ali kvalitetan.;Мы купили новую мебель. Мебель деревянная. Мебель старая, но качественная.;We bought new furniture. The furniture is made of wood. The furniture is old but good quality.;;
359;home;4;Namešten;Намештен;assets/images/words/namesten.webp;assets/sounds/words/namesten.mp3;Меблированный;Furnished;Stan je potpuno namešten. Tražim namešten stan. Namešten stan je skuplji za iznajmljivanje.;Квартира полностью меблирована. Я ищу меблированную квартиру. Меблированная квартира дороже в аренде.;The apartment is fully furnished. I'm looking for a furnished apartment. A furnished apartment is more expensive to rent.;;
360;home;4;Nekretnina;Некретнина;assets/images/words/nekretnina.webp;assets/sounds/words/nekretnina.mp3;Недвижимость;Real estate / property;Kupio sam nekretninu u gradu. Cene nekretnina rastu. Radim u agenciji za nekretnine.;Я купил недвижимость в городе. Цены на недвижимость растут. Я работаю в агентстве недвижимости.;I bought real estate in the city. Real estate prices are rising. I work at a real estate agency.;;
361;home;4;Oglas;Оглас;assets/images/words/oglas.webp;assets/sounds/words/oglas.mp3;Объявление;Listing / ad;Video sam oglas za stan. Oglas je objavljen juče. Postavio sam oglas za prodaju.;Я увидел объявление о квартире. Объявление опубликовано вчера. Я разместил объявление о продаже.;I saw the apartment listing. The listing was posted yesterday. I posted a listing for sale.;;
362;home;4;Podstanar;Подстанар;assets/images/words/podstanar.webp;assets/sounds/words/podstanar.mp3;Квартирант;Tenant / lodger;Podstanar plaća kiriju mesečno. Postao sam podstanar u ovom gradu. Podstanar se žalio na grejanje.;Квартирант платит аренду ежемесячно. Я стал квартирантом в этом городе. Квартирант пожаловался на отопление.;The lodger pays rent monthly. I became a lodger in this city. The lodger complained about the heating.;;
363;home;4;Potkrovlje;Поткровље;assets/images/words/potkrovlje.webp;assets/sounds/words/potkrovlje.mp3;Мансарда;Attic apartment;Živim u potkrovlju. Potkrovlje ima kos plafon. Potkrovlje je pretvoreno u stan.;Я живу в мансарде. В мансарде скошенный потолок. Мансарду переоборудовали в квартиру.;I live in an attic apartment. The attic apartment has a slanted ceiling. The attic was converted into an apartment.;;
364;home;4;Prizemlje;Приземље;assets/images/words/prizemlje.webp;assets/sounds/words/prizemlje.mp3;Первый этаж;Ground floor;Stan je u prizemlju. Prizemlje je hladnije zimi. Prodavnica je u prizemlju zgrade.;Квартира на первом этаже. На первом этаже зимой холоднее. Магазин на первом этаже здания.;The apartment is on the ground floor. The ground floor is colder in winter. The store is on the ground floor of the building.;;
365;home;4;Prostor;Простор;assets/images/words/prostor.webp;assets/sounds/words/prostor.mp3;Пространство;Space;Ovaj stan ima puno prostora. Iskoristili smo svaki prostor. Prostor je dobro raspoređen.;В этой квартире много места. Мы использовали каждый уголок пространства. Пространство хорошо распределено.;This apartment has a lot of space. We used every bit of space. The space is well laid out.;;
366;home;4;Rata;Рата;assets/images/words/rata.webp;assets/sounds/words/rata.mp3;Взнос;Installment;Plaćam ratu kredita svakog meseca. Rata je previsoka. Smanjili smo mesečnu ratu.;Я плачу взнос по кредиту каждый месяц. Взнос слишком высокий. Мы снизили ежемесячный взнос.;I pay the loan installment every month. The installment is too high. We reduced the monthly installment.;;
367;home;4;Renoviran;Реновиран;assets/images/words/renoviran.webp;assets/sounds/words/renoviran.mp3;Отремонтированный;Renovated;Stan je potpuno renoviran. Kupili smo renoviranu kuću. Kupatilo je nedavno renovirano.;Квартира полностью отремонтирована. Мы купили отремонтированный дом. Ванная недавно отремонтирована.;The apartment is fully renovated. We bought a renovated house. The bathroom was recently renovated.;;
368;home;4;Stanar;Станар;assets/images/words/stanar.webp;assets/sounds/words/stanar.mp3;Жилец / квартиросъёмщик;Tenant;Stanar plaća kiriju na vreme. Novi stanar se uselio. Stanar je prijavio kvar.;Жилец платит аренду вовремя. Новый жилец заселился. Жилец сообщил о поломке.;The tenant pays rent on time. The new tenant moved in. The tenant reported a malfunction.;;
369;home;4;Stanodavac;Станодавац;assets/images/words/stanodavac.webp;assets/sounds/words/stanodavac.mp3;Арендодатель;Landlord;Stanodavac je popravio grejanje. Razgovarao sam sa stanodavcem. Stanodavac živi u drugom gradu.;Арендодатель починил отопление. Я поговорил с арендодателем. Арендодатель живёт в другом городе.;The landlord fixed the heating. I talked to the landlord. The landlord lives in another city.;;
370;home;4;Struja;Струја;assets/images/words/struja.webp;assets/sounds/words/struja.mp3;Электричество;Electricity;Struja je nestala tokom oluje. Plaćamo struju mesečno. Struja je skupa ove godine.;Электричество отключилось во время грозы. Мы платим за электричество ежемесячно. Электричество в этом году дорогое.;The electricity went out during the storm. We pay for electricity monthly. Electricity is expensive this year.;;
371;home;4;Susedstvo;Суседство;assets/images/words/susedstvo.webp;assets/sounds/words/susedstvo.mp3;Округа / соседство;Neighborhood;Susedstvo je mirno i bezbedno. Volim naše susedstvo. Susedstvo se menja svake godine.;Округа спокойная и безопасная. Мне нравится наша округа. Округа меняется каждый год.;The neighborhood is quiet and safe. I love our neighborhood. The neighborhood changes every year.;;
372;home;4;Sustanar;Сустанар;assets/images/words/sustanar.webp;assets/sounds/words/sustanar.mp3;Сосед по квартире;Roommate;Moj sustanar je student. Sustanar plaća polovinu kirije. Tražim novog sustanara.;Мой сосед по квартире — студент. Сосед по квартире платит половину аренды. Я ищу нового соседа по квартире.;My roommate is a student. The roommate pays half the rent. I'm looking for a new roommate.;;
373;home;4;Svetao;Светао;assets/images/words/svetao.webp;assets/sounds/words/svetao.mp3;Светлый;Bright / light;Soba je svetla i prijatna. Stan je svetao zbog velikih prozora. Kuhinja je svetla ujutru.;Комната светлая и приятная. Квартира светлая благодаря большим окнам. Кухня светлая по утрам.;The room is bright and pleasant. The apartment is bright due to large windows. The kitchen is bright in the morning.;;
374;home;4;Trpezarija;Трпезарија;assets/images/words/trpezarija.webp;assets/sounds/words/trpezarija.mp3;Столовая;Dining room;Trpezarija je pored kuhinje. Sto u trpezariji je veliki. Ručamo u trpezariji.;Столовая рядом с кухней. Стол в столовой большой. Мы обедаем в столовой.;The dining room is next to the kitchen. The table in the dining room is large. We have lunch in the dining room.;;
375;home;4;Useliti;Уселити;assets/images/words/useliti.webp;assets/sounds/words/useliti.mp3;Въехать;To move in;Uselili smo se u novi stan prošlog meseca. Kada planirate da se uselite? Useliće se čim stan bude spreman.;Мы въехали в новую квартиру в прошлом месяце. Когда вы планируете въехать? Он въедет, как только квартира будет готова.;We moved into the new apartment last month. When are you planning to move in? He'll move in as soon as the apartment is ready.;;
376;home;4;Vlasnik;Власник;assets/images/words/vlasnik.webp;assets/sounds/words/vlasnik.mp3;Владелец;Owner;Vlasnik stana živi u inostranstvu. Postao sam vlasnik kuće. Vlasnik je odobrio popravke.;Владелец квартиры живёт за границей. Я стал владельцем дома. Владелец одобрил ремонт.;The owner of the apartment lives abroad. I became the owner of the house. The owner approved the repairs.;;
377;home;4;Vlasništvo;Власништво;assets/images/words/vlasnistvo.webp;assets/sounds/words/vlasnistvo.mp3;Собственность;Ownership;Ovo je moje vlasništvo. Vlasništvo nad stanom je preneseno. Dokazao sam vlasništvo dokumentima.;Это моя собственность. Право собственности на квартиру передано. Я подтвердил собственность документами.;This is my property. Ownership of the apartment was transferred. I proved ownership with documents.;;
378;home;4;Zagrejan;Загрејан;assets/images/words/zagrejan.webp;assets/sounds/words/zagrejan.mp3;Прогретый / отапливаемый;Heated;Stan je dobro zagrejan zimi. Bazen je zagrejan. Soba nije zagrejana.;Зимой квартира хорошо отапливается. Бассейн подогревается. Комната не отапливается.;The apartment is well heated in winter. The pool is heated. The room isn't heated.;;
379;home;4;Zakupnina;Закупнина;assets/images/words/zakupnina.webp;assets/sounds/words/zakupnina.mp3;Арендная плата;Rent;Zakupnina se plaća unapred. Zakupnina je povećana ove godine. Ne mogu da platim zakupninu na vreme.;Арендная плата вносится заранее. Арендная плата увеличена в этом году. Я не могу вовремя заплатить аренду.;The rent is paid in advance. The rent has increased this year. I can't pay the rent on time.;;
380;home;4;Renoviram;Реновирам;assets/images/words/renoviram.webp;assets/sounds/words/renoviram.mp3;Ремонтирую;I renovate;Renoviram kuhinju ovog leta. Renoviram kupatilo sam. Renoviram stan pre useljenja.;Этим летом я ремонтирую кухню. Я сам ремонтирую ванную. Я ремонтирую квартиру перед заселением.;I'm renovating the kitchen this summer. I'm renovating the bathroom myself. I'm renovating the apartment before moving in.;;
381;home;4;Stan;Стан;assets/images/words/stan.webp;assets/sounds/words/stan.mp3;Квартира;Apartment;Kupili smo mali stan u centru grada. Njen stan ima dve spavaće sobe. Iznajmljujem stan blizu fakulteta.;Мы купили маленькую квартиру в центре города. В её квартире две спальни. Я снимаю квартиру рядом с университетом.;We bought a small apartment downtown. Her apartment has two bedrooms. I rent an apartment near the university.;;
382;home;4;Mačka;Мачка;assets/images/words/macka.webp;assets/sounds/words/macka.mp3;Кошка;Cat;Naša mačka spava ceo dan. Mačka je pobegla kroz otvoren prozor. Hranim mačku svako jutro.;Наша кошка спит весь день. Кошка сбежала через открытое окно. Я кормлю кошку каждое утро.;Our cat sleeps all day. The cat escaped through the open window. I feed the cat every morning.;;
383;home;4;Pas;Пас;assets/images/words/pas.webp;assets/sounds/words/pas.mp3;Собака;Dog;Naš pas voli da trči po parku. Pas je zalajao na nepoznatog čoveka. Šetam psa svako jutro.;Наш пёс любит бегать по парку. Собака залаяла на незнакомца. Каждое утро я выгуливаю собаку.;Our dog loves running in the park. The dog barked at the stranger. I walk the dog every morning.;;
2064;Idioms;4;Biti kao riba u vodi;Бити као риба у води;assets/images/words/biti_kao_riba_u_vodi.webp;assets/sounds/words/biti_kao_riba_u_vodi.mp3;Чувствовать себя как рыба в воде;To feel like a fish in water;Na novom poslu se oseća kao riba u vodi. Ona je kao riba u vodi kad govori pred publikom. U kuhinji se oseća kao riba u vodi.;На новой работе он чувствует себя как рыба в воде. Она как рыба в воде, когда говорит перед публикой. На кухне она чувствует себя как рыба в воде.;He feels like a fish in water at his new job. She's like a fish in water when speaking in front of an audience. She feels like a fish in water in the kitchen.;;
2065;Idioms;4;Biti na istom brodu;Бити на истом броду;assets/images/words/biti_na_istom_brodu.webp;assets/sounds/words/biti_na_istom_brodu.mp3;Быть в одной лодке;To be in the same boat;Svi smo na istom brodu kada je posao u pitanju. Ne brini, na istom smo brodu. U ovoj krizi svi smo na istom brodu.;Мы все в одной лодке, когда дело касается работы. Не переживай, мы в одной лодке. В этом кризисе мы все в одной лодке.;We're all in the same boat when it comes to work. Don't worry, we're in the same boat. In this crisis, we're all in the same boat.;;
2066;Idioms;4;Biti u sedmom nebu;Бити у седмом небу;assets/images/words/biti_u_sedmom_nebu.webp;assets/sounds/words/biti_u_sedmom_nebu.mp3;Быть на седьмом небе;To be on cloud nine;Bila je u sedmom nebu kada je dobila posao. On je u sedmom nebu otkad je upoznao nju. Bio sam u sedmom nebu posle pobede.;Она была на седьмом небе, когда получила работу. Он на седьмом небе с тех пор, как познакомился с ней. Я был на седьмом небе после победы.;She was on cloud nine when she got the job. He's been on cloud nine since he met her. I was on cloud nine after the victory.;;
2067;Idioms;4;Držati nekome palčeve;Држати некоме палчеве;assets/images/words/drzati_nekome_palceve.webp;assets/sounds/words/drzati_nekome_palceve.mp3;Держать за кого-то кулачки;To keep one's fingers crossed for someone;Držaću ti palčeve za ispit. Cela porodica joj drži palčeve za intervju. Hvala što si mi držao palčeve.;Я буду держать за тебя кулачки на экзамене. Вся семья держит за неё кулачки перед собеседованием. Спасибо, что держал за меня кулачки.;I'll keep my fingers crossed for you at the exam. The whole family is keeping their fingers crossed for her interview. Thanks for keeping your fingers crossed for me.;;
2068;Idioms;4;Gledati kroz prste;Гледати кроз прсте;assets/images/words/gledati_kroz_prste.webp;assets/sounds/words/gledati_kroz_prste.mp3;Смотреть сквозь пальцы;To turn a blind eye;Šef često gleda kroz prste na male greške. Ne mogu da gledam kroz prste na ovakvo ponašanje. Roditelji ponekad gledaju kroz prste kad su deca u pitanju.;Начальник часто смотрит сквозь пальцы на мелкие ошибки. Я не могу смотреть сквозь пальцы на такое поведение. Родители иногда смотрят сквозь пальцы, когда дело касается детей.;The boss often turns a blind eye to small mistakes. I can't turn a blind eye to this kind of behavior. Parents sometimes turn a blind eye when it comes to their children.;;
2069;Idioms;4;Graditi kule u vazduhu;Градити куле у ваздуху;assets/images/words/graditi_kule_u_vazduhu.webp;assets/sounds/words/graditi_kule_u_vazduhu.mp3;Строить воздушные замки;To build castles in the air;Prestani da gradiš kule u vazduhu i budi realan. On uvek gradi kule u vazduhu umesto da planira konkretno. Njeni planovi su samo kule u vazduhu.;Перестань строить воздушные замки и будь реалистом. Он всегда строит воздушные замки вместо того, чтобы планировать конкретно. Её планы — это просто воздушные замки.;Stop building castles in the air and be realistic. He always builds castles in the air instead of planning concretely. Her plans are just castles in the air.;;
2070;Idioms;4;Imati dve leve ruke;Имати две леве руке;assets/images/words/imati_dve_leve_ruke.webp;assets/sounds/words/imati_dve_leve_ruke.mp3;Руки не из того места (быть неуклюжим);To be all thumbs;Imam dve leve ruke kad je popravka u pitanju. On ima dve leve ruke u kuhinji. Nemoj mu dati alat, ima dve leve ruke.;У меня руки не из того места, когда дело касается ремонта. Он совершенно неуклюж на кухне. Не давай ему инструмент, он совсем неуклюжий.;I'm all thumbs when it comes to repairs. He's all thumbs in the kitchen. Don't give him the tool, he's all thumbs.;;
2071;Idioms;4;Izreka;Изрека;assets/images/words/izreka.webp;assets/sounds/words/izreka.mp3;Поговорка;Saying;Ova izreka se prenosi s kolena na koleno. Volim narodne izreke o životu. Setio sam se stare izreke koju je govorila baka.;Эта поговорка передаётся из поколения в поколение. Я люблю народные поговорки о жизни. Я вспомнил старую поговорку, которую говорила бабушка.;This saying is passed down from generation to generation. I love folk sayings about life. I remembered an old saying my grandmother used to say.;;
2072;Idioms;4;Kum;Кум;assets/images/words/kum.webp;assets/sounds/words/kum.mp3;Кум;Godfather / best man;Moj kum je bio svedok na venčanju. Zamolio je najboljeg prijatelja da mu bude kum. Kum je poklonio mladencima zlatan lančić.;Мой кум был свидетелем на свадьбе. Он попросил лучшего друга стать его кумом. Кум подарил молодожёнам золотую цепочку.;My best man was a witness at the wedding. He asked his best friend to be his best man. The best man gave the newlyweds a gold chain.;;
2073;Idioms;4;Kuma;Кума;assets/images/words/kuma.webp;assets/sounds/words/kuma.mp3;Кума;Godmother / maid of honor;Moja kuma je organizovala celo venčanje. Kuma je izabrala haljinu za devojčicu. Pozvala je svoju kumu na krštenje.;Моя кума организовала всю свадьбу. Кума выбрала платье для девочки. Она пригласила свою куму на крестины.;My maid of honor organized the whole wedding. The godmother chose the dress for the little girl. She invited her godmother to the christening.;;
2074;Idioms;4;Nema veze;Нема везе;assets/images/words/nema_veze.webp;assets/sounds/words/nema_veze.mp3;Неважно;Never mind;Nema veze, probaćemo ponovo sutra. Ako ne stigneš na vreme, nema veze. Nema veze što je pogrešila, svako greši.;Ничего, попробуем ещё раз завтра. Если не успеешь вовремя, ничего страшного. Неважно, что она ошиблась, все ошибаются.;Never mind, we'll try again tomorrow. If you don't make it on time, never mind. It doesn't matter that she made a mistake, everyone does.;;
2075;Idioms;4;Ni riba ni meso;Ни риба ни месо;assets/images/words/ni_riba_ni_meso.webp;assets/sounds/words/ni_riba_ni_meso.mp3;Ни рыба ни мясо;Neither fish nor fowl;Njegov odgovor je bio ni riba ni meso. Ova odluka je ni riba ni meso, nikoga ne zadovoljava. Film je ispao ni riba ni meso.;Его ответ был ни рыба ни мясо. Это решение ни рыба ни мясо, никого не устраивает. Фильм получился ни рыба ни мясо.;His answer was neither fish nor fowl. This decision is neither fish nor fowl, it satisfies no one. The movie turned out to be neither fish nor fowl.;;
2076;Idioms;4;Ništa strašno;Ништа страшно;assets/images/words/nista_strasno.webp;assets/sounds/words/nista_strasno.mp3;Ничего страшного;Nothing terrible / it's fine;Malo si zakasnio, ništa strašno. Ništa strašno, popravićemo to zajedno. Pogrešila sam, ali ništa strašno.;Ты немного опоздал, ничего страшного. Ничего страшного, мы вместе всё исправим. Я ошиблась, но ничего страшного.;You're a bit late, nothing terrible. It's fine, we'll fix it together. I made a mistake, but it's nothing terrible.;;
2077;Idioms;4;Običaj;Обичај;assets/images/words/obicaj.webp;assets/sounds/words/obicaj.mp3;Обычай;Custom;Ovo je stari srpski običaj koji se i danas poštuje. Svaka porodica ima svoj poseban običaj za praznike. Taj običaj se prenosi s generacije na generaciju.;Это старый сербский обычай, который соблюдается и сегодня. У каждой семьи есть свой особый обычай на праздники. Этот обычай передаётся из поколения в поколение.;This is an old Serbian custom still observed today. Every family has its own special custom for the holidays. This custom is passed down from generation to generation.;;
2078;Idioms;4;Pao mi je kamen sa srca;Пао ми је камен са срца;assets/images/words/pao_mi_je_kamen_sa_srca.webp;assets/sounds/words/pao_mi_je_kamen_sa_srca.mp3;Камень с души свалился;A weight off my shoulders;Kad sam čula dobre vesti, pao mi je kamen sa srca. Pao joj je kamen sa srca kad je videla da je sve u redu. Konačno mi je pao kamen sa srca posle ispita.;Когда я услышала хорошие новости, у меня камень с души свалился. У неё камень с души свалился, когда она увидела, что всё в порядке. Наконец-то у меня камень с души свалился после экзамена.;When I heard the good news, it was a weight off my shoulders. It was a weight off her shoulders when she saw everything was fine. It was finally a weight off my shoulders after the exam.;;
2079;Idioms;4;Pasti s neba;Пасти с неба;assets/images/words/pasti_s_neba.webp;assets/sounds/words/pasti_s_neba.mp3;Свалиться с неба;To fall from the sky (out of nowhere);Ta prilika mu je pala s neba. Kao da je pao s neba, niko ga nije video da dolazi. Ponuda za posao mu je pala s neba baš kada mu je bila najpotrebnija.;Эта возможность свалилась ему как с неба. Он словно с неба упал, никто не видел, как он подходит. Предложение о работе свалилось на него как с неба, именно когда оно было нужнее всего.;That opportunity fell into his lap out of nowhere. It's as if he fell from the sky, no one saw him coming. The job offer came out of nowhere, right when he needed it most.;;
2080;Idioms;4;Poslovica;Пословица;assets/images/words/poslovica.webp;assets/sounds/words/poslovica.mp3;Пословица;Proverb;Ova poslovica govori o strpljenju. Volim da citiram poslovice u razgovoru. Ta poslovica ima duboko značenje.;Эта пословица говорит о терпении. Я люблю цитировать пословицы в разговоре. У этой пословицы глубокий смысл.;This proverb speaks about patience. I love quoting proverbs in conversation. That proverb has a deep meaning.;;
2081;Idioms;4;Praviti od komarca magarca;Правити од комарца магарца;assets/images/words/praviti_od_komarca_magarca.webp;assets/sounds/words/praviti_od_komarca_magarca.mp3;Делать из мухи слона;To make a mountain out of a molehill;Prestani da praviš od komarca magarca. Uvek pravi od komarca magarca zbog sitnica. Ne treba praviti od komarca magarca za ovakvu malu grešku.;Прекрати делать из мухи слона. Она всегда делает из мухи слона из-за пустяков. Не стоит делать из мухи слона из-за такой маленькой ошибки.;Stop making a mountain out of a molehill. She always makes a mountain out of a molehill over small things. There's no need to make a mountain out of a molehill for such a small mistake.;;
2082;Idioms;4;Praviti se lud;Правити се луд;assets/images/words/praviti_se_lud.webp;assets/sounds/words/praviti_se_lud.mp3;Притворяться дурачком;To play dumb;Znao je odgovor, ali se pravio lud. Nemoj da se praviš lud, znaš tačno o čemu pričam. Uvek se pravi lud kad ga pitaju o novcu.;Он знал ответ, но притворялся дурачком. Не притворяйся дурачком, ты прекрасно знаешь, о чём я говорю. Он всегда притворяется, что не понимает, когда его спрашивают о деньгах.;He knew the answer, but played dumb. Don't play dumb, you know exactly what I'm talking about. He always plays dumb when asked about money.;;
2083;Idioms;4;Proslavljati;Прослављати;assets/images/words/proslavljati.webp;assets/sounds/words/proslavljati.mp3;Праздновать;To celebrate;Proslavljamo njen rođendan sledeće subote. Svake godine proslavljaju godišnjicu braka. Proslavljali smo pobedu do kasno u noć.;Мы празднуем её день рождения в следующую субботу. Каждый год они празднуют годовщину свадьбы. Мы праздновали победу до поздней ночи.;We're celebrating her birthday next Saturday. They celebrate their wedding anniversary every year. We celebrated the victory until late at night.;;
2084;Idioms;4;Sedeti na dve stolice;Седети на две столице;assets/images/words/sedeti_na_dve_stolice.webp;assets/sounds/words/sedeti_na_dve_stolice.mp3;Сидеть на двух стульях;To sit on two chairs;Ne možeš sedeti na dve stolice zauvek, moraš izabrati. Sedi na dve stolice u ovoj situaciji i to mu šteti. Politika sedenja na dve stolice retko donosi dobre rezultate.;Нельзя вечно сидеть на двух стульях, нужно выбрать. В этой ситуации он сидит на двух стульях, и это ему вредит. Политика сидения на двух стульях редко приносит хорошие результаты.;You can't sit on two chairs forever, you have to choose. He's sitting on two chairs in this situation, and it's hurting him. A policy of sitting on two chairs rarely brings good results.;;
2085;Idioms;4;Srećan put;Срећан пут;assets/images/words/srecan_put.webp;assets/sounds/words/srecan_put.mp3;Счастливого пути;Have a safe trip;Srećan put, javi se kad stigneš. Poželeli su nam srećan put pred polazak. Srećan put i vidimo se za nedelju dana.;Счастливого пути, дай знать, когда доберёшься. Нам пожелали счастливого пути перед отъездом. Счастливого пути, увидимся через неделю.;Have a safe trip, let me know when you arrive. They wished us a safe trip before we left. Have a safe trip, see you in a week.;;
2086;Idioms;4;Sujeverje;Сујеверје;assets/images/words/sujeverje.webp;assets/sounds/words/sujeverje.mp3;Суеверие;Superstition;Sujeverje o crnoj mački je vrlo rasprostranjeno. Ne verujem u sujeverje, ali ipak izbegavam broj trinaest. Njena baka je bila puna sujeverja.;Суеверие о чёрной кошке очень распространено. Я не верю в суеверия, но всё равно избегаю числа тринадцать. Её бабушка была полна суеверий.;The superstition about black cats is very widespread. I don't believe in superstition, but I still avoid the number thirteen. Her grandmother was full of superstitions.;;
2087;Idioms;4;Svaka čast;Свака част;assets/images/words/svaka_cast.webp;assets/sounds/words/svaka_cast.mp3;Молодец;Well done;Svaka čast na uspehu, zaslužio si ga. Svaka čast, odlično si to uradio. Rekao sam mu svaka čast za trud.;Браво, ты заслужил этот успех. Молодец, ты отлично это сделал. Я сказал ему «молодец» за старание.;"Well done on your success, you earned it. Well done, you did that great. I told him ""well done"" for his effort.";;
2088;Idioms;4;Tradicija;Традиција;assets/images/words/tradicija.webp;assets/sounds/words/tradicija.mp3;Традиция;Tradition;Ova tradicija se poštuje već vekovima. Porodična tradicija je da se svi okupe za praznike. Tradicija je duboko ukorenjena u ovoj kulturi.;Эта традиция соблюдается уже столетиями. Семейная традиция — собираться всем на праздники. Традиция глубоко укоренена в этой культуре.;This tradition has been observed for centuries. It's a family tradition to gather for the holidays. Tradition is deeply rooted in this culture.;;
2089;Idioms;4;Tražiti iglu u plastu sena;Тражити иглу у пласту сена;assets/images/words/traziti_iglu_u_plastu_sena.webp;assets/sounds/words/traziti_iglu_u_plastu_sena.mp3;Искать иголку в стоге сена;To look for a needle in a haystack;Pronaći taj dokument bilo je kao tražiti iglu u plastu sena. Osećam se kao da tražim iglu u plastu sena kad pokušavam da nađem taj podatak. Traženje njegovog broja telefona bilo je kao tražiti iglu u plastu sena.;Найти этот документ было всё равно что искать иголку в стоге сена. Я чувствую себя так, будто ищу иголку в стоге сена, пытаясь найти эти данные. Поиск его номера телефона был как поиск иголки в стоге сена.;Finding that document was like looking for a needle in a haystack. I feel like I'm looking for a needle in a haystack trying to find that piece of data. Looking for his phone number was like looking for a needle in a haystack.;;
2090;Idioms;4;Ubiti dve muve jednim udarcem;Убити две муве једним ударцем;assets/images/words/ubiti_dve_muve_jednim_udarcem.webp;assets/sounds/words/ubiti_dve_muve_jednim_udarcem.mp3;Убить двух зайцев одним выстрелом;To kill two birds with one stone;Ako odemo na tržnicu i poštu istovremeno, ubićemo dve muve jednim udarcem. Ovim rešenjem smo ubili dve muve jednim udarcem. Trudi se uvek da ubije dve muve jednim udarcem kad planira dan.;Если мы пойдём на рынок и на почту одновременно, убьём двух зайцев одним выстрелом. Этим решением мы убили двух зайцев одним выстрелом. Он всегда старается убить двух зайцев одним выстрелом, планируя свой день.;If we go to the market and the post office at the same time, we'll kill two birds with one stone. With this solution we killed two birds with one stone. He always tries to kill two birds with one stone when planning his day.;;
2091;Idioms;4;Udariti glavom o zid;Ударити главом о зид;assets/images/words/udariti_glavom_o_zid.webp;assets/sounds/words/udariti_glavom_o_zid.mp3;Биться головой об стену;To bang one's head against a wall;Osećam se kao da udaram glavom o zid pokušavajući da ga ubedim. Udarala je glavom o zid tražeći rešenje bez uspeha. Ponekad je lakše odustati nego udarati glavom o zid.;Я чувствую, будто бьюсь головой об стену, пытаясь его убедить. Она безуспешно билась головой об стену, ища решение. Иногда легче сдаться, чем биться головой об стену.;I feel like I'm banging my head against a wall trying to convince him. She banged her head against a wall looking for a solution without success. Sometimes it's easier to give up than to keep banging your head against a wall.;;
2092;Idioms;4;Urok;Урок;assets/images/words/urok.webp;assets/sounds/words/urok.mp3;Сглаз;Evil eye / curse;Verovala je da je neko na nju bacio urok. Nosila je amajliju protiv uroka. Baka je uvek pričala o uroku i zaštiti od njega.;Она верила, что кто-то сглазил её. Она носила амулет от сглаза. Бабушка всегда рассказывала о сглазе и защите от него.;She believed someone had put the evil eye on her. She wore an amulet against the evil eye. Grandma always talked about the evil eye and protection from it.;;
2093;Idioms;4;Vaditi nekome kestenje iz vatre;Вадити некоме кестење из ватре;assets/images/words/vaditi_nekome_kestenje_iz_vatre.webp;assets/sounds/words/vaditi_nekome_kestenje_iz_vatre.mp3;Таскать каштаны из огня для кого-то;To pull someone's chestnuts out of the fire;Umoran sam od vađenja kestenja iz vatre za druge. Uvek mora neko drugi da mu vadi kestenje iz vatre. Odlučila je da prestane da vadi kestenje iz vatre za kolege.;Я устал таскать каштаны из огня для других. Кто-то другой всегда должен таскать для него каштаны из огня. Она решила перестать таскать каштаны из огня для коллег.;I'm tired of pulling other people's chestnuts out of the fire. Someone else always has to pull his chestnuts out of the fire. She decided to stop pulling her colleagues' chestnuts out of the fire.;;
2094;Idioms;4;Verovanje;Веровање;assets/images/words/verovanje.webp;assets/sounds/words/verovanje.mp3;Поверье;Belief / folklore;Staro narodno verovanje kaže da so donosi sreću. Njeno verovanje u sudbinu je čvrsto. Ovo verovanje se prenosi kroz generacije.;Старое народное поверье гласит, что соль приносит удачу. Её вера в судьбу непоколебима. Это поверье передаётся из поколения в поколение.;An old folk belief says that salt brings luck. Her belief in fate is firm. This belief is passed down through generations.;;
1314;MUP;4;JMBG;ЈМБГ;assets/images/words/jmbg.webp;assets/sounds/words/jmbg.mp3;ЖМБГ (личный номер);Unique master citizen number (JMBG);Unesite svoj JMBG. JMBG se koristi za sva dokumenta. Strancima se dodeljuje poseban broj umesto JMBG-a.;Введите ваш ЖМБГ. ЖМБГ используется во всех документах. Иностранцам присваивается отдельный номер вместо ЖМБГ.;Enter your JMBG. The JMBG is used for all documents. Foreigners are assigned a separate number instead of JMBG.;;
1315;MUP;4;Kazna;Казна;assets/images/words/kazna.webp;assets/sounds/words/kazna.mp3;Наказание / штраф;Penalty, fine;Platio je kaznu za kašnjenje. Novčana kazna iznosi deset hiljada dinara. Kazna se plaća u roku od osam dana.;Он заплатил штраф за опоздание. Денежный штраф составляет десять тысяч динаров. Штраф оплачивается в течение восьми дней.;He paid a fine for being late. The monetary fine is ten thousand dinars. The fine is paid within eight days.;;
1316;MUP;4;Prekršaj;Прекршај;assets/images/words/prekrsaj.webp;assets/sounds/words/prekrsaj.mp3;Правонарушение;Offense;Napravio je manji prekršaj. Prekršaj se kažnjava novčanom kaznom. Prijavljen je prekršaj protiv zakona.;Он совершил незначительное правонарушение. Правонарушение наказывается штрафом. Заявлено о нарушении закона.;He committed a minor offense. The offense is punished with a fine. A violation of the law was reported.;;
1317;MUP;4;Zabrana;Забрана;assets/images/words/zabrana.webp;assets/sounds/words/zabrana.mp3;Запрет;Ban, prohibition;Izrečena mu je zabrana ulaska u zemlju. Zabrana parkiranja važi ceo dan. Zabrana je ukinuta prošle godine.;Ему запретили въезд в страну. Запрет на парковку действует весь день. Запрет был отменён в прошлом году.;He was banned from entering the country. The parking ban is in effect all day. The ban was lifted last year.;;
1318;MUP;4;Deportacija;Депортација;assets/images/words/depoartacija.webp;assets/sounds/words/depoartacija.mp3;Депортация;Deportation;Suočio se sa deportacijom. Deportacija se izvršava po sudskoj odluci. Izbegao je deportaciju.;Он столкнулся с депортацией. Депортация исполняется по решению суда. Он избежал депортации.;He faced deportation. Deportation is carried out by court decision. He avoided deportation.;;
1319;MUP;4;ConsentID;ЦонсентИД;assets/images/words/consentid.webp;assets/sounds/words/consentid.mp3;ConsentID;ConsentID (app);Instalirao sam aplikaciju ConsentID. ConsentID se koristi za prijavljivanje na portal. Aktivirao sam ConsentID preko banke.;Я установил приложение ConsentID. ConsentID используется для входа на портал. Я активировал ConsentID через банк.;I installed the ConsentID app. ConsentID is used to log into the portal. I activated ConsentID through my bank.;;
1320;MUP;4;Dokaz;Доказ;assets/images/words/dokaz.webp;assets/sounds/words/dokaz.mp3;Доказательство;Proof;Priložite dokaz o zaposlenju. Dokaz je neophodan za zahtev. Nemam dokaz za ovu tvrdnju.;Приложите доказательство трудоустройства. Доказательство необходимо для заявления. У меня нет доказательства этого утверждения.;Attach proof of employment. Proof is necessary for the application. I don't have proof of this claim.;;
1321;MUP;4;Dopis;Допис;assets/images/words/dopis.webp;assets/sounds/words/dopis.mp3;Официальное письмо;Official letter;Poslao sam dopis MUP-u. Dopis je primljen. Dopis sadrži zahtev za informacije.;Я отправил письмо в МВД. Письмо получено. Письмо содержит запрос информации.;I sent a letter to MUP. The letter has been received. The letter contains a request for information.;;
1322;MUP;4;Familijaran;Фамилијаран;assets/images/words/familijaran.webp;assets/sounds/words/familijaran.mp3;Фамильярный;Familiar (overly informal);Njegov ton je previše familijaran. Ne budi familijaran sa strankama. Familijaran pristup nije prikladan ovde.;Его тон слишком фамильярный. Не будь фамильярным с клиентами. Фамильярный подход здесь неуместен.;His tone is too familiar. Don't be overly familiar with clients. A familiar approach isn't appropriate here.;;
1323;MUP;4;Formular;Формулар;assets/images/words/formular.webp;assets/sounds/words/formular.mp3;Формуляр;Form;Popunite formular pažljivo. Formular se predaje na šalteru. Preuzeo sam formular sa sajta.;Заполните формуляр внимательно. Формуляр подаётся в окне. Я скачал формуляр с сайта.;Fill out the form carefully. The form is submitted at the counter. I downloaded the form from the website.;;
1324;MUP;4;Izjava;Изјава;assets/images/words/izjava.webp;assets/sounds/words/izjava.mp3;Заявление / показания;Statement;Napisao sam izjavu za sud. Izjava je overena kod notara. Dao je lažnu izjavu.;Я написал заявление для суда. Заявление заверено у нотариуса. Он дал ложное заявление.;I wrote a statement for the court. The statement is notarized. He gave a false statement.;;
1325;MUP;4;Kršenje;Кршење;assets/images/words/krsenje.webp;assets/sounds/words/krsenje.mp3;Нарушение;Violation;Ovo je ozbiljno kršenje pravila. Kršenje zakona se kažnjava. Prijavljeno je kršenje ugovora.;Это серьёзное нарушение правил. Нарушение закона наказуемо. Заявлено о нарушении договора.;This is a serious violation of the rules. Violation of the law is punishable. A breach of contract was reported.;;
1326;MUP;4;Molba;Молба;assets/images/words/molba.webp;assets/sounds/words/molba.mp3;Просьба / заявление;Petition;Podneo sam molbu za pomoć. Molba je razmotrena. Molba je odbijena.;Я подал заявление с просьбой о помощи. Просьба рассмотрена. Просьба отклонена.;I submitted a petition for help. The petition was considered. The petition was denied.;;
1327;MUP;4;Napomena;Напомена;assets/images/words/napomena.webp;assets/sounds/words/napomena.mp3;Примечание;Note;Pročitajte napomenu na dnu stranice. Dodao sam napomenu uz zahtev. Napomena je važna.;Прочитайте примечание внизу страницы. Я добавил примечание к заявлению. Примечание важное.;Read the note at the bottom of the page. I added a note to the application. The note is important.;;
1328;MUP;4;Nezakonit;Незаконит;assets/images/words/nezakonit.webp;assets/sounds/words/nezakonit.mp3;Незаконный;Illegal;Ovo je nezakonit postupak. Nezakonit boravak se kažnjava. Prijavljena je nezakonita gradnja.;Это незаконная процедура. Незаконное пребывание наказуемо. Заявлено о незаконном строительстве.;This is an illegal procedure. Illegal residence is punishable. Illegal construction was reported.;;
1329;MUP;4;Nezvaničan;Незваничан;assets/images/words/nezvanican.webp;assets/sounds/words/nezvanican.mp3;Неофициальный;Unofficial;Ovo je nezvaničan izvor informacija. Dobio sam nezvaničnu potvrdu. Nezvaničan podatak nije pouzdan.;Это неофициальный источник информации. Я получил неофициальное подтверждение. Неофициальные данные ненадёжны.;This is an unofficial source of information. I received unofficial confirmation. Unofficial data isn't reliable.;;
1330;MUP;4;Notar;Нотар;assets/images/words/notar.webp;assets/sounds/words/notar.mp3;Нотариус;Notary;Overio sam dokument kod notara. Notar je potvrdio potpis. Otišao sam kod notara zbog ugovora.;Я заверил документ у нотариуса. Нотариус подтвердил подпись. Я пошёл к нотариусу по поводу договора.;I certified the document at a notary. The notary confirmed the signature. I went to the notary about the contract.;;
1331;MUP;4;Obaveštenje;Обавештење;assets/images/words/obavestenje.webp;assets/sounds/words/obavestenje.mp3;Уведомление;Notification;Dobio sam obaveštenje o terminu. Obaveštenje je poslato imejlom. Pročitajte obaveštenje pažljivo.;Я получил уведомление о времени приёма. Уведомление отправлено по электронной почте. Внимательно прочитайте уведомление.;I received a notification about the appointment. The notification was sent by email. Read the notification carefully.;;
1332;MUP;4;Obraćanje;Обраћање;assets/images/words/obracanje.webp;assets/sounds/words/obracanje.mp3;Обращение;Address;Predsednik je imao obraćanje naciji. Obraćanje je bilo kratko. Pripremio sam obraćanje za sastanak.;Президент обратился к нации. Обращение было коротким. Я подготовил обращение для встречи.;The president addressed the nation. The address was short. I prepared an address for the meeting.;;
1333;MUP;4;Overavati;Оверавати;assets/images/words/overavati.webp;assets/sounds/words/overavati.mp3;Заверять;To certify;Notar overava dokumenta svaki dan. Overavamo prevode redovno. Sud overava saglasnost vlasnika.;Нотариус ежедневно заверяет документы. Мы регулярно заверяем переводы. Суд заверяет согласие владельца.;The notary certifies documents every day. We regularly certify translations. The court certifies the owner's consent.;;
1334;MUP;4;Overiti;Оверити;assets/images/words/overiti.webp;assets/sounds/words/overiti.mp3;Заверить;To certify;Moram da overim ovaj dokument. Overio sam potpis kod notara. Overite kopiju pasoša.;Мне нужно заверить этот документ. Я заверил подпись у нотариуса. Заверьте копию паспорта.;I have to certify this document. I certified the signature at a notary. Certify the copy of the passport.;;
1335;MUP;4;Potpisivati;Потписивати;assets/images/words/potpisivati.webp;assets/sounds/words/potpisivati.mp3;Подписывать;To sign;Potpisujem ugovore svaki dan. Ne potpisuj bez čitanja. Potpisujemo dokumenta zajedno.;Я подписываю договоры каждый день. Не подписывай, не прочитав. Мы вместе подписываем документы.;I sign contracts every day. Don't sign without reading. We sign the documents together.;;
1336;MUP;4;Pravni;Правни;assets/images/words/pravni.webp;assets/sounds/words/pravni.mp3;Юридический;Legal;Ovo je pravni savet. Pravni postupak traje dugo. Angažovao sam pravnog savetnika.;Это юридический совет. Юридическая процедура занимает много времени. Я нанял юридического консультанта.;This is legal advice. The legal procedure takes a long time. I hired a legal advisor.;;
1337;MUP;4;Prekršiti;Прекршити;assets/images/words/prekrsiti.webp;assets/sounds/words/prekrsiti.mp3;Нарушить;To violate;Prekršio je pravila boravka. Ne smete prekršiti zakon. Prekršila je rok za prijavu.;Он нарушил правила пребывания. Вы не должны нарушать закон. Она нарушила срок подачи.;He violated the residence rules. You must not violate the law. She missed the submission deadline.;;
1338;MUP;4;Presuda;Пресуда;assets/images/words/presuda.webp;assets/sounds/words/presuda.mp3;Приговор;Verdict;Sud je doneo presudu. Presuda je konačna. Presuda je objavljena danas.;Суд вынес приговор. Приговор окончательный. Приговор объявлен сегодня.;The court delivered the verdict. The verdict is final. The verdict was announced today.;;
1339;MUP;4;Prilog;Прилог;assets/images/words/prilog.webp;assets/sounds/words/prilog.mp3;Приложение;Attachment;Priložite kopiju kao prilog. Prilog sadrži sve potrebne dokumente. Zaboravio sam prilog uz imejl.;Приложите копию как приложение. Приложение содержит все необходимые документы. Я забыл приложение к письму.;Attach a copy as an attachment. The attachment contains all the necessary documents. I forgot the attachment to the email.;;
1340;MUP;4;Propis;Пропис;assets/images/words/propis.webp;assets/sounds/words/propis.mp3;Нормативный акт / правило;Regulation;Novi propis stupa na snagu sledeći mesec. Propis reguliše boravak stranaca. Poštujte propise zemlje.;Новое правило вступает в силу в следующем месяце. Это правило регулирует пребывание иностранцев. Соблюдайте правила страны.;The new regulation comes into force next month. The regulation governs the residence of foreigners. Respect the regulations of the country.;;
1341;MUP;4;Sklapati;Склапати;assets/images/words/sklapati.webp;assets/sounds/words/sklapati.mp3;Заключать;To conclude;Sklapamo ugovore redovno. Firma sklapa nove partnerske odnose. Sklapaju sporazum ove nedelje.;Мы регулярно заключаем договоры. Компания заключает новые партнёрские отношения. Они заключают соглашение на этой неделе.;We conclude contracts regularly. The company is entering into new partnerships. They're concluding an agreement this week.;;
1342;MUP;4;Sklopiti;Склопити;assets/images/words/sklopiti.webp;assets/sounds/words/sklopiti.mp3;Заключить;To conclude;Sklopio sam ugovor o zakupu. Sklopili smo dogovor. Sklopili su mir posle rata.;Я заключил договор аренды. Мы заключили соглашение. Они заключили мир после войны.;I concluded the lease agreement. We reached an agreement. They concluded peace after the war.;;
1343;MUP;4;Stranka;Странка;assets/images/words/stranka.webp;assets/sounds/words/stranka.mp3;Сторона (в деле) / партия / посетитель;Party;Obe stranke su se dogovorile. Stranka u postupku je prisutna. Stranka je podnela žalbu.;Обе стороны договорились. Сторона в деле присутствует. Сторона подала жалобу.;Both parties agreed. The party in the proceedings is present. The party filed a complaint.;;
1344;MUP;4;Svedok;Сведок;assets/images/words/svedok.webp;assets/sounds/words/svedok.mp3;Свидетель;Witness;Svedok je dao izjavu sudu. Pozvan sam kao svedok. Svedok je potvrdio događaj.;Свидетель дал показания суду. Меня вызвали как свидетеля. Свидетель подтвердил событие.;The witness gave a statement to the court. I was called as a witness. The witness confirmed the event.;;
1345;MUP;4;Ton;Тон;assets/images/words/ton.webp;assets/sounds/words/ton.mp3;Тон;Tone;Njegov ton je bio grub. Promeni ton, molim te. Ton pisma je bio ljubazan.;Его тон был грубым. Смени тон, пожалуйста. Тон письма был вежливым.;His tone was harsh. Change your tone, please. The tone of the letter was polite.;;
1346;MUP;4;Tužba;Тужба;assets/images/words/tuzba.webp;assets/sounds/words/tuzba.mp3;Иск;Lawsuit;Podneo je tužbu protiv firme. Tužba je odbijena. Tužba je u sudskom postupku.;Он подал иск против компании. Иск отклонён. Иск находится в судебном разбирательстве.;He filed a lawsuit against the company. The lawsuit was dismissed. The lawsuit is in court proceedings.;;
1347;MUP;4;Uputiti;Упутити;assets/images/words/uputiti.webp;assets/sounds/words/uputiti.mp3;Направить;To refer;Uputili su me na drugi šalter. Uputio sam zahtev nadležnom organu. Uputili su me lekaru specijalisti.;Меня направили к другому окну. Я направил запрос компетентному органу. Меня направили к врачу-специалисту.;They referred me to another counter. I sent the request to the competent authority. They referred me to a specialist doctor.;;
1348;MUP;4;Zakonit;Законит;assets/images/words/zakonit.webp;assets/sounds/words/zakonit.mp3;Законный;Lawful;Ovo je zakonit postupak. Boravak mora biti zakonit. Zakonit vlasnik ima sva prava.;Это законная процедура. Пребывание должно быть законным. Законный владелец имеет все права.;This is a lawful procedure. The residence must be lawful. The lawful owner has all the rights.;;
1349;MUP;4;Ulazak;Улазак;assets/images/words/ulazak.webp;assets/sounds/words/ulazak.mp3;Въезд;Entry;Ulazak u zemlju zahteva važeću vizu. Zabranjen mu je ulazak na godinu dana. Datum ulaska je zabeležen u pasošu.;Для въезда в страну нужна действующая виза. Ему запретили въезд на год. Дата въезда отмечена в паспорте.;Entry into the country requires a valid visa. He was banned from entry for a year. The entry date is recorded in the passport.;;
1663;politics;4;Dokazati;Доказати;assets/images/words/dokazati.webp;assets/sounds/words/dokazati.mp3;Доказать;To prove;Uspeo je da dokaže svoju nevinost. Naučnici su dokazali novu teoriju. Teško je dokazati ovakvu tvrdnju bez dokaza.;Ему удалось доказать свою невиновность. Учёные доказали новую теорию. Такое утверждение трудно доказать без доказательств.;He managed to prove his innocence. Scientists proved a new theory. It's hard to prove such a claim without evidence.;;
1664;politics;4;Argument;Аргумент;assets/images/words/argument.webp;assets/sounds/words/argument.mp3;Аргумент;Argument;Njen argument je bio ubedljiv. Nemam jak argument protiv toga. Iznela je nekoliko argumenata u prilog svom stavu.;Её аргумент был убедительным. У меня нет веского аргумента против этого. Она привела несколько аргументов в поддержку своей позиции.;Her argument was convincing. I don't have a strong argument against that. She presented several arguments in support of her position.;;
1665;politics;4;Tvrditi;Тврдити;assets/images/words/tvrditi.webp;assets/sounds/words/tvrditi.mp3;Утверждать;To claim;Tvrdi da je video sve svojim očima. Ne mogu tvrditi nešto u šta nisam siguran. Tvrdila je da je nevina.;Он утверждает, что видел всё своими глазами. Я не могу утверждать то, в чём не уверен. Она утверждала, что невиновна.;He claims he saw it all with his own eyes. I can't claim something I'm not sure of. She claimed she was innocent.;;
1666;politics;4;Tvrdnja;Тврдња;assets/images/words/tvrdnja.webp;assets/sounds/words/tvrdnja.mp3;Утверждение;Claim / statement;Njegova tvrdnja se pokazala tačnom. Ova tvrdnja zahteva dodatne dokaze. Tvrdnja je izazvala mnogo kontroverzi.;Его утверждение оказалось верным. Это утверждение требует дополнительных доказательств. Утверждение вызвало много споров.;His claim turned out to be true. This claim requires additional evidence. The claim sparked a lot of controversy.;;
1667;politics;4;Diskriminacija;Дискриминација;assets/images/words/diskriminacija.webp;assets/sounds/words/diskriminacija.mp3;Дискриминация;Discrimination;Diskriminacija na radnom mestu je zabranjena zakonom. Borba protiv diskriminacije je dugotrajan proces. Doživeo je diskriminaciju zbog svog porekla.;Дискриминация на рабочем месте запрещена законом. Борьба с дискриминацией — долгий процесс. Он столкнулся с дискриминацией из-за своего происхождения.;Discrimination in the workplace is prohibited by law. The fight against discrimination is a long process. He experienced discrimination because of his background.;;
1668;politics;4;Gledište;Гледиште;assets/images/words/glediste.webp;assets/sounds/words/glediste.mp3;Взгляд;Point of view;Sa mog gledišta, ovo rešenje je najbolje. Njeno gledište se razlikuje od mog. Razmatramo problem sa različitih gledišta.;С моей точки зрения, это лучшее решение. Её точка зрения отличается от моей. Мы рассматриваем проблему с разных точек зрения.;From my point of view, this is the best solution. Her point of view differs from mine. We are looking at the problem from different points of view.;;
1669;politics;4;Kritika;Критика;assets/images/words/kritika.webp;assets/sounds/words/kritika.mp3;Критика;Criticism;Primio je kritiku vrlo lično. Njegova kritika je bila konstruktivna. Film je dobio pozitivne kritike.;Он воспринял критику очень лично. Его критика была конструктивной. Фильм получил положительные отзывы.;He took the criticism very personally. His criticism was constructive. The movie received positive reviews.;;
1670;politics;4;Manjina;Мањина;assets/images/words/manjina.webp;assets/sounds/words/manjina.mp3;Меньшинство;Minority;Ova etnička manjina ima svoja prava zakonom. Manjina glasača je podržala predlog. Zaštita manjina je važan deo demokratije.;У этого этнического меньшинства есть свои права по закону. Меньшинство избирателей поддержало предложение. Защита меньшинств — важная часть демократии.;This ethnic minority has its rights protected by law. A minority of voters supported the proposal. Protection of minorities is an important part of democracy.;;
1671;politics;4;Mišljenje;Мишљење;assets/images/words/misljenje.webp;assets/sounds/words/misljenje.mp3;Мнение;Opinion;Poštujem tvoje mišljenje, ali se ne slažem. Njeno mišljenje je uvek dobro argumentovano. Promenio je mišljenje nakon rasprave.;Я уважаю твоё мнение, но не согласен. Её мнение всегда хорошо аргументировано. Он изменил своё мнение после дискуссии.;I respect your opinion, but I disagree. Her opinion is always well argued. He changed his opinion after the discussion.;;
1672;politics;4;Nejednakost;Неједнакост;assets/images/words/nejednakost.webp;assets/sounds/words/nejednakost.mp3;Неравенство;Inequality;Ekonomska nejednakost je veliki problem u svetu. Nejednakost između muškaraca i žena i dalje postoji. Vlada radi na smanjenju socijalne nejednakosti.;Экономическое неравенство — большая мировая проблема. Неравенство между мужчинами и женщинами всё ещё существует. Правительство работает над снижением социального неравенства.;Economic inequality is a big problem in the world. Inequality between men and women still exists. The government is working to reduce social inequality.;;
1673;politics;4;Nezaposlenost;Незапосленост;assets/images/words/nezaposlenost.webp;assets/sounds/words/nezaposlenost.mp3;Безработица;Unemployment;Nezaposlenost je porasla ove godine. Vlada je uvela mere za smanjenje nezaposlenosti. Nezaposlenost mladih je posebno visoka.;Безработица выросла в этом году. Правительство ввело меры по снижению безработицы. Безработица среди молодёжи особенно высока.;Unemployment has risen this year. The government introduced measures to reduce unemployment. Youth unemployment is particularly high.;;
1674;politics;4;Podeljen;Подељен;assets/images/words/podeljen.webp;assets/sounds/words/podeljen.mp3;Разделённый;Divided;Narod je podeljen po ovom pitanju. Mišljenja su podeljena o novom zakonu. Grad je bio podeljen na dva dela.;Народ разделён по этому вопросу. Мнения о новом законе разделились. Город был разделён на две части.;The people are divided on this issue. Opinions are divided on the new law. The city was divided into two parts.;;
1675;politics;4;Posledica;Последица;assets/images/words/posledica.webp;assets/sounds/words/posledica.mp3;Последствие;Consequence;Posledice ove odluke biće ozbiljne. Nije razmišljao o posledicama svojih postupaka. Klimatske promene imaju ozbiljne posledice.;Последствия этого решения будут серьёзными. Он не думал о последствиях своих поступков. Изменение климата имеет серьёзные последствия.;The consequences of this decision will be serious. He didn't think about the consequences of his actions. Climate change has serious consequences.;;
1676;politics;4;Predlog;Предлог;assets/images/words/predlog.webp;assets/sounds/words/predlog.mp3;Предложение;Proposal;Njen predlog je prihvaćen jednoglasno. Imam predlog za rešenje ovog problema. Predlog zakona je izazvao burne reakcije.;Её предложение было принято единогласно. У меня есть предложение по решению этой проблемы. Законопроект вызвал бурную реакцию.;Her proposal was accepted unanimously. I have a proposal for solving this problem. The bill sparked strong reactions.;;
1677;politics;4;Predložiti;Предложити;assets/images/words/predloziti.webp;assets/sounds/words/predloziti.mp3;Предложить;To propose;Predložio je novo rešenje na sastanku. Predložila je da promenimo plan. Predlažem da se sastanemo sledeće nedelje.;Он предложил новое решение на встрече. Она предложила изменить план. Я предлагаю встретиться на следующей неделе.;He proposed a new solution at the meeting. She proposed changing the plan. I propose we meet next week.;;
1678;politics;4;Rasprava;Расправа;assets/images/words/rasprava.webp;assets/sounds/words/rasprava.mp3;Дискуссия;Discussion;Rasprava je trajala nekoliko sati. Ušli smo u žustru raspravu o politici. Rasprava je ostala bez konkretnog zaključka.;Дискуссия длилась несколько часов. Мы вступили в жаркую дискуссию о политике. Дискуссия осталась без конкретного вывода.;The discussion lasted several hours. We entered into a heated discussion about politics. The discussion ended without a concrete conclusion.;;
1679;politics;4;Raspravljati;Расправљати;assets/images/words/raspravljati.webp;assets/sounds/words/raspravljati.mp3;Спорить;To argue;Ne volim da raspravljam o politici. Raspravljali smo o tome ceo dan. Bolje je razgovarati nego raspravljati se.;Я не люблю спорить о политике. Мы спорили об этом весь день. Лучше разговаривать, чем спорить.;I don't like arguing about politics. We argued about it all day. It's better to talk than to argue.;;
1680;politics;4;Rešiti;Решити;assets/images/words/resiti.webp;assets/sounds/words/resiti.mp3;Решить;To solve;Uspeli smo da rešimo problem zajedno. Ovaj slučaj još nije rešen. Rešila je zagonetku za pet minuta.;Нам удалось вместе решить проблему. Этот случай ещё не решён. Она решила загадку за пять минут.;We managed to solve the problem together. This case has not yet been resolved. She solved the puzzle in five minutes.;;
1681;politics;4;Siromaštvo;Сиромаштво;assets/images/words/siromastvo.webp;assets/sounds/words/siromastvo.mp3;Бедность;Poverty;Siromaštvo je i dalje veliki problem u svetu. Deca odrastaju u siromaštvu bez osnovnih uslova. Vlada je pokrenula program za smanjenje siromaštva.;Бедность по-прежнему остаётся большой мировой проблемой. Дети растут в бедности без основных условий. Правительство запустило программу по сокращению бедности.;Poverty is still a major problem in the world. Children grow up in poverty without basic conditions. The government launched a program to reduce poverty.;;
1682;politics;4;Slagati;Слагати;assets/images/words/slagati.webp;assets/sounds/words/slagati.mp3;Соглашаться;To agree;Slažem se sa tobom potpuno. Ne slažemo se oko ovog pitanja. Da li se slažeš sa mojim mišljenjem?;Я полностью с тобой согласен. Мы не согласны по этому вопросу. Ты согласен с моим мнением?;I completely agree with you. We don't agree on this issue. Do you agree with my opinion?;;
1683;politics;4;Stav;Став;assets/images/words/stav.webp;assets/sounds/words/stav.mp3;Позиция;Attitude / stance;Njegov stav prema poslu se promenio. Zauzela je čvrst stav po tom pitanju. Stav javnosti je podeljen.;Его отношение к работе изменилось. Она заняла твёрдую позицию по этому вопросу. Общественное мнение разделилось.;His attitude toward work has changed. She took a firm stance on that issue. Public attitude is divided.;;
1684;politics;4;Sukob;Сукоб;assets/images/words/sukob.webp;assets/sounds/words/sukob.mp3;Конфликт;Conflict;Sukob između dve strane je trajao godinama. Pokušavaju da reše sukob mirnim putem. Sukob je izbio zbog nesporazuma.;Конфликт между двумя сторонами длился годами. Они пытаются разрешить конфликт мирным путём. Конфликт возник из-за недопонимания.;The conflict between the two sides lasted for years. They are trying to resolve the conflict peacefully. The conflict broke out due to a misunderstanding.;;
1685;politics;4;Uveren;Уверен;assets/images/words/uveren.webp;assets/sounds/words/uveren.mp3;Убеждённый;Convinced;Bio je uveren u svoju pobedu. Uverena sam da smo doneli pravu odluku. Nije bio uveren u njegove reči.;Он был уверен в своей победе. Я убеждена, что мы приняли правильное решение. Он не был убеждён его словами.;He was convinced of his victory. I'm convinced we made the right decision. He wasn't convinced by his words.;;
1686;politics;4;Uzrok;Узрок;assets/images/words/uzrok.webp;assets/sounds/words/uzrok.mp3;Причина;Cause;Uzrok požara još uvek nije poznat. Glavni uzrok problema je nedostatak novca. Lekari traže uzrok njegove bolesti.;Причина пожара пока неизвестна. Главная причина проблемы — нехватка денег. Врачи ищут причину его болезни.;The cause of the fire is still unknown. The main cause of the problem is lack of money. Doctors are looking for the cause of his illness.;;
1687;politics;4;Većina;Већина;assets/images/words/vecina.webp;assets/sounds/words/vecina.mp3;Большинство;Majority;Većina glasača je podržala predlog. Većina ljudi se slaže sa ovom idejom. Odluku je doneo većinom glasova.;Большинство избирателей поддержало предложение. Большинство людей согласны с этой идеей. Решение было принято большинством голосов.;The majority of voters supported the proposal. Most people agree with this idea. The decision was made by a majority vote.;;
1688;politics;4;Zabrinjavajući;Забрињавајући;assets/images/words/zabrinjavajuci.webp;assets/sounds/words/zabrinjavajuci.mp3;Тревожный;Worrying / concerning;Statistika pokazuje zabrinjavajući trend. Ovo je zaista zabrinjavajuća situacija. Broj slučajeva raste zabrinjavajućom brzinom.;Статистика показывает тревожную тенденцию. Это действительно тревожная ситуация. Число случаев растёт тревожными темпами.;Statistics show a worrying trend. This is truly a worrying situation. The number of cases is growing at a worrying rate.;;
1689;politics;4;Nedvosmislen;Недвосмислен;assets/images/words/nedvosmislen.webp;assets/sounds/words/nedvosmislen.mp3;Недвусмысленный;Unambiguous;Njegov odgovor je bio potpuno nedvosmislen. Potreban nam je nedvosmislen dokaz za ovu tvrdnju. Zakon mora biti nedvosmislen da bi se izbegle zabune.;Его ответ был совершенно недвусмысленным. Нам нужно недвусмысленное доказательство этого утверждения. Закон должен быть недвусмысленным, чтобы избежать путаницы.;His answer was completely unambiguous. We need unambiguous proof of this claim. The law must be unambiguous to avoid confusion.;;
1690;politics;4;Oboriti;Оборити;assets/images/words/oboriti.webp;assets/sounds/words/oboriti.mp3;Опровергнуть;To refute;Uspeo je da obori sve njene argumente. Teško je oboriti ovakav dokaz. Novo istraživanje je oborilo staru teoriju.;Ему удалось опровергнуть все её аргументы. Такое доказательство трудно опровергнуть. Новое исследование опровергло старую теорию.;He managed to refute all her arguments. It's hard to refute such evidence. New research refuted the old theory.;;
1691;politics;4;Obrazložiti;Образложити;assets/images/words/obrazloziti.webp;assets/sounds/words/obrazloziti.mp3;Обосновать;To justify / substantiate;Molim vas da obrazložite svoju odluku. Advokat je obrazložio svaki korak strategije. Nije lako obrazložiti tako visoku cenu.;Пожалуйста, обоснуйте своё решение. Адвокат обосновал каждый шаг стратегии. Нелегко обосновать такую высокую цену.;Please justify your decision. The lawyer justified every step of the strategy. It's not easy to justify such a high price.;;
1692;politics;4;Osporiti;Оспорити;assets/images/words/osporiti.webp;assets/sounds/words/osporiti.mp3;Оспорить;To dispute / challenge;Advokat je osporio validnost dokaza. Niko nije osporio njegovu tvrdnju. Odlučili smo da osporimo presudu.;Адвокат оспорил достоверность доказательства. Никто не оспорил его утверждение. Мы решили оспорить решение суда.;The lawyer disputed the validity of the evidence. No one challenged his claim. We decided to challenge the verdict.;;
1693;politics;4;Potkrepiti;Поткрепити;assets/images/words/potkrepiti.webp;assets/sounds/words/potkrepiti.mp3;Подкрепить;To support / back up;Potkrepio je svoj stav konkretnim primerima. Trebalo bi da potkrepite tvrdnju činjenicama. Istraživanje potkrepljuje ovu teoriju.;Он подкрепил свою позицию конкретными примерами. Вам следует подкрепить утверждение фактами. Исследование подкрепляет эту теорию.;He backed up his position with concrete examples. You should support your claim with facts. The research supports this theory.;;
1694;politics;4;Protivrečan;Противречан;assets/images/words/protivrecan.webp;assets/sounds/words/protivrecan.mp3;Противоречивый;Contradictory;Njegova izjava je bila prilično protivrečna. Dobili smo protivrečne informacije. Ovaj zakon sadrži protivrečne odredbe.;Его заявление было довольно противоречивым. Мы получили противоречивую информацию. Этот закон содержит противоречивые положения.;His statement was quite contradictory. We received contradictory information. This law contains contradictory provisions.;;
1695;politics;4;Stanovište;Становиште;assets/images/words/stanoviste.webp;assets/sounds/words/stanoviste.mp3;Точка зрения;Standpoint;Poštujem tvoje stanovište, ali se ne slažem. Iznela je svoje stanovište vrlo jasno. Sa naučnog stanovišta, ova teorija je opravdana.;Я уважаю твою точку зрения, но не согласен. Она очень ясно изложила свою позицию. С научной точки зрения, эта теория обоснована.;I respect your standpoint, but I disagree. She stated her standpoint very clearly. From a scientific standpoint, this theory is justified.;;
2295;politics;4;Anketa;Анкета;assets/images/words/anketa.webp;assets/sounds/words/anketa.mp3;Опрос;Poll / survey;Anketa pokazuje pad podrške vladi. Sproveli su anketu među građanima. Rezultati ankete su objavljeni juče.;Опрос показывает падение поддержки правительства. Они провели опрос среди граждан. Результаты опроса были опубликованы вчера.;The poll shows a decline in support for the government. They conducted a survey among citizens. The poll results were published yesterday.;;
2296;politics;4;Dezinformacija;Дезинформација;assets/images/words/dezinformacija.webp;assets/sounds/words/dezinformacija.mp3;Дезинформация;Disinformation;Dezinformacija se brzo širi na internetu. Vlasti su upozorile na dezinformaciju o izborima. Borba protiv dezinformacije je prioritet medija.;Дезинформация быстро распространяется в интернете. Власти предупредили о дезинформации о выборах. Борьба с дезинформацией — приоритет для СМИ.;Disinformation spreads quickly on the internet. Authorities warned about disinformation regarding the elections. The fight against disinformation is a media priority.;;
2297;politics;4;Glasač;Гласач;assets/images/words/glasac.webp;assets/sounds/words/glasac.mp3;Избиратель;Voter;Glasač je stao u red da glasa. Mladi glasači su presudili na izborima. Svaki glasač ima pravo na svoj glas.;Избиратель встал в очередь, чтобы проголосовать. Молодые избиратели решили исход выборов. Каждый избиратель имеет право на свой голос.;The voter stood in line to vote. Young voters decided the outcome of the elections. Every voter has the right to their vote.;;
2298;politics;4;Izbori;Избори;assets/images/words/izbori.webp;assets/sounds/words/izbori.mp3;Выборы;Elections;Izbori su zakazani za oktobar. Izbori su bili veoma napeti ove godine. Rezultati izbora su iznenadili mnoge.;Выборы назначены на октябрь. В этом году выборы были очень напряжёнными. Результаты выборов удивили многих.;The elections are scheduled for October. The elections were very tense this year. The election results surprised many.;;
2299;politics;4;Izveštavati;Извештавати;assets/images/words/izvestavati.webp;assets/sounds/words/izvestavati.mp3;Освещать;To report (on events);Novinari izveštavaju o izborima uživo. Ova stanica izveštava o događajima objektivno. Izveštavala je sa lica mesta.;Журналисты освещают выборы в прямом эфире. Этот канал объективно освещает события. Она вела репортаж с места событий.;Journalists are reporting on the elections live. This channel reports on events objectively. She was reporting from the scene.;;
2300;politics;4;Kampanja;Кампања;assets/images/words/kampanja.webp;assets/sounds/words/kampanja.mp3;Кампания;Campaign;Predsednička kampanja je počela ove nedelje. Kampanja je bila skupa i dugotrajna. Vodio je uspešnu izbornu kampanju.;Президентская кампания началась на этой неделе. Кампания была дорогостоящей и длительной. Он провёл успешную избирательную кампанию.;The presidential campaign started this week. The campaign was expensive and long. He ran a successful election campaign.;;
2301;politics;4;Kandidat;Кандидат;assets/images/words/kandidat.webp;assets/sounds/words/kandidat.mp3;Кандидат;Candidate;Kandidat je obećao reforme zdravstva. Ovaj kandidat ima najviše podrške u anketama. Kandidat je izgubio izbore za malu razliku.;Кандидат пообещал реформы здравоохранения. У этого кандидата наибольшая поддержка в опросах. Кандидат проиграл выборы с небольшим отрывом.;The candidate promised healthcare reforms. This candidate has the most support in polls. The candidate lost the election by a narrow margin.;;
2302;politics;4;Koalicija;Коалиција;assets/images/words/koalicija.webp;assets/sounds/words/koalicija.mp3;Коалиция;Coalition;Formirana je nova vladajuća koalicija. Koalicija je postigla dogovor o budžetu. Koalicija se raspala posle šest meseci.;Сформирована новая правящая коалиция. Коалиция достигла соглашения по бюджету. Коалиция распалась через шесть месяцев.;A new ruling coalition has been formed. The coalition reached an agreement on the budget. The coalition fell apart after six months.;;
2303;politics;4;Mandat;Мандат;assets/images/words/mandat.webp;assets/sounds/words/mandat.mp3;Мандат;Mandate;Predsednikov mandat traje pet godina. Osvojio je novi mandat na izborima. Njegov mandat ističe sledeće godine.;Мандат президента длится пять лет. Он получил новый мандат на выборах. Его мандат истекает в следующем году.;The president's mandate lasts five years. He won a new mandate in the elections. His mandate expires next year.;;
2304;politics;4;Manipulacija;Манипулација;assets/images/words/manipulacija.webp;assets/sounds/words/manipulacija.mp3;Манипуляция;Manipulation;Optužen je za manipulaciju rezultatima izbora. Manipulacija medijima je ozbiljan problem. Sumnjaju na manipulaciju podacima.;Его обвинили в манипуляции результатами выборов. Манипуляция СМИ — серьёзная проблема. Подозревают манипуляцию данными.;He was accused of manipulating the election results. Media manipulation is a serious problem. They suspect data manipulation.;;
2305;politics;4;Mediji;Медији;assets/images/words/mediji.webp;assets/sounds/words/mediji.mp3;СМИ;Media;Mediji su izveštavali o događaju ceo dan. Društveni mediji utiču na javno mnjenje. Mediji imaju veliku odgovornost prema javnosti.;СМИ весь день освещали это событие. Социальные медиа влияют на общественное мнение. СМИ несут большую ответственность перед обществом.;The media reported on the event all day. Social media influences public opinion. The media have great responsibility toward the public.;;
2306;politics;4;Nezavisan;Независан;assets/images/words/nezavisan.webp;assets/sounds/words/nezavisan.mp3;Независимый;Independent;Ovaj kandidat se predstavlja kao nezavisan. Sud mora biti nezavisan od vlasti. Postala je finansijski nezavisna.;Этот кандидат представляет себя независимым. Суд должен быть независимым от власти. Она стала финансово независимой.;This candidate presents himself as independent. The court must be independent of the authorities. She became financially independent.;;
2307;politics;4;Novinarstvo;Новинарство;assets/images/words/novinarstvo.webp;assets/sounds/words/novinarstvo.mp3;Журналистика;Journalism;Studira novinarstvo na fakultetu. Novinarstvo zahteva odgovornost i tačnost. Posvetio je život novinarstvu.;Он изучает журналистику в университете. Журналистика требует ответственности и точности. Он посвятил жизнь журналистике.;He studies journalism at university. Journalism requires responsibility and accuracy. He devoted his life to journalism.;;
2308;politics;4;Opozicija;Опозиција;assets/images/words/opozicija.webp;assets/sounds/words/opozicija.mp3;Оппозиция;Opposition;Opozicija je kritikovala novi zakon. Opozicija je organizovala proteste protiv vlade. Opozicija je iznela svoje predloge u skupštini.;Оппозиция раскритиковала новый закон. Оппозиция организовала протесты против правительства. Оппозиция представила свои предложения в парламенте.;The opposition criticized the new law. The opposition organized protests against the government. The opposition presented its proposals in parliament.;;
2309;politics;4;Političar;Политичар;assets/images/words/politicar.webp;assets/sounds/words/politicar.mp3;Политик;Politician;Ovaj političar je poznat po svojim govorima. Političar je obećao promene tokom kampanje. Postao je političar posle mnogo godina rada u zajednici.;Этот политик известен своими речами. Политик пообещал перемены во время кампании. Он стал политиком после многих лет работы в общине.;This politician is known for his speeches. The politician promised changes during the campaign. He became a politician after many years of community work.;;
2310;politics;4;Portparol;Портпарол;assets/images/words/portparol.webp;assets/sounds/words/portparol.mp3;Пресс-секретарь;Spokesperson;Portparol vlade je dao izjavu za medije. Portparol je odbio da odgovori na pitanje. Postala je portparol kompanije prošle godine.;Пресс-секретарь правительства дал заявление для СМИ. Пресс-секретарь отказался отвечать на вопрос. В прошлом году она стала пресс-секретарём компании.;The government spokesperson made a statement to the media. The spokesperson declined to answer the question. She became the company's spokesperson last year.;;
2311;politics;4;Pristrasan;Пристрасан;assets/images/words/pristrasan.webp;assets/sounds/words/pristrasan.mp3;Пристрастный;Biased;Kritikovali su izveštaj kao pristrasan. Ovaj novinar je optužen da je pristrasan. Sudija ne sme biti pristrasan.;Отчёт раскритиковали как предвзятый. Этого журналиста обвинили в предвзятости. Судья не должен быть пристрастным.;The report was criticized as biased. This journalist has been accused of being biased. A judge must not be biased.;;
2312;politics;4;Protest;Протест;assets/images/words/protest.webp;assets/sounds/words/protest.mp3;Протест;Protest;Protest je organizovan ispred zgrade vlade. Hiljade ljudi je učestvovalo u protestu. Protest je prošao mirno.;Протест был организован перед зданием правительства. В протесте приняли участие тысячи людей. Протест прошёл мирно.;The protest was organized in front of the government building. Thousands of people took part in the protest. The protest went peacefully.;;
2313;politics;4;Referendum;Референдум;assets/images/words/referendum.webp;assets/sounds/words/referendum.mp3;Референдум;Referendum;Referendum je zakazan za sledeći mesec. Građani su glasali na referendumu. Rezultati referenduma su bili tesni.;Референдум назначен на следующий месяц. Граждане проголосовали на референдуме. Результаты референдума были близкими.;The referendum is scheduled for next month. Citizens voted in the referendum. The referendum results were close.;;
2314;politics;4;Reportaža;Репортажа;assets/images/words/reportaza.webp;assets/sounds/words/reportaza.mp3;Репортаж;Report / reportage;Reportaža je prikazala pravu sliku situacije. Novinar je napisao potresnu reportažu. Ova reportaža je osvojila nagradu.;Репортаж показал реальную картину ситуации. Журналист написал пронзительный репортаж. Этот репортаж получил награду.;The report showed the real picture of the situation. The journalist wrote a moving report. This report won an award.;;
2315;politics;4;Saopštenje;Саопштење;assets/images/words/saopstenje.webp;assets/sounds/words/saopstenje.mp3;Заявление / сообщение (для прессы);Statement / announcement;Vlada je izdala zvanično saopštenje. Saopštenje je objavljeno na sajtu ministarstva. Kompanija je izdala saopštenje za javnost.;Правительство выпустило официальное заявление. Заявление было опубликовано на сайте министерства. Компания выпустила заявление для общественности.;The government issued an official statement. The statement was published on the ministry's website. The company issued a public statement.;;
2316;politics;4;Skupština;Скупштина;assets/images/words/skupstina.webp;assets/sounds/words/skupstina.mp3;Скупщина (парламент) / собрание;Assembly / parliament;Skupština je usvojila novi zakon. Poslanici su glasali u skupštini. Skupština se sastaje jednom nedeljno.;Парламент принял новый закон. Депутаты голосовали в парламенте. Парламент собирается раз в неделю.;The assembly passed a new law. The deputies voted in parliament. The assembly meets once a week.;;
2317;politics;4;Uticaj;Утицај;assets/images/words/uticaj.webp;assets/sounds/words/uticaj.mp3;Влияние;Influence;Njegov uticaj na javnost je značajan. Mediji imaju veliki uticaj na mišljenje ljudi. Uticaj roditelja na decu je ogroman.;Его влияние на общество значительно. СМИ имеют большое влияние на мнение людей. Влияние родителей на детей огромно.;His influence on the public is significant. Media has great influence on people's opinions. The influence of parents on children is enormous.;;
2318;politics;4;Vlast;Власт;assets/images/words/vlast.webp;assets/sounds/words/vlast.mp3;Власть;Power / authority;Vlast je odgovorna prema narodu. Preuzeo je vlast posle izbora. Kritikovali su zloupotrebu vlasti.;Власть ответственна перед народом. Он пришёл к власти после выборов. Они раскритиковали злоупотребление властью.;Power is accountable to the people. He took power after the elections. They criticized the abuse of power.;;
2319;politics;4;Aktivizam;Активизам;assets/images/words/aktivizam.webp;assets/sounds/words/aktivizam.mp3;Активизм;Activism;Njen aktivizam je promenio zakon u zemlji. Aktivizam mladih je sve prisutniji. Posvetila je život aktivizmu za ljudska prava.;Её активизм изменил закон в стране. Активизм молодёжи становится всё более заметным. Она посвятила жизнь активизму в защиту прав человека.;Her activism changed the law in the country. Youth activism is becoming more prominent. She devoted her life to human rights activism.;;
2320;politics;4;Civilan;Цивилан;assets/images/words/civilan.webp;assets/sounds/words/civilan.mp3;Гражданский;Civil;Civilno društvo igra važnu ulogu. Zaposlen je u civilnoj službi. Civilni sektor je vrlo aktivan.;Гражданское общество играет важную роль. Он работает на гражданской службе. Гражданский сектор очень активен.;Civil society plays an important role. He works in civil service. The civil sector is very active.;;
2321;politics;4;Građanstvo;Грађанство;assets/images/words/gradjanstvo.webp;assets/sounds/words/gradjanstvo.mp3;Гражданство;Citizenship;Dobio je građanstvo posle deset godina života u zemlji. Aplicirala je za građanstvo prošle godine. Građanstvo donosi prava i obaveze.;Он получил гражданство после десяти лет жизни в стране. Она подала заявление на гражданство в прошлом году. Гражданство приносит права и обязанности.;He got citizenship after ten years of living in the country. She applied for citizenship last year. Citizenship brings rights and obligations.;;
2322;politics;4;Legitimitet;Легитимитет;assets/images/words/legitimitet.webp;assets/sounds/words/legitimitet.mp3;Легитимность;Legitimacy;Izbori su doveli u pitanje legitimitet vlade. Njegov legitimitet kao lidera je osporen. Legitimitet odluke zavisi od procedure.;Выборы поставили под сомнение легитимность правительства. Его легитимность как лидера была оспорена. Легитимность решения зависит от процедуры.;The elections called into question the legitimacy of the government. His legitimacy as a leader was challenged. The legitimacy of the decision depends on the procedure.;;
2323;politics;4;Ljudski;Људски;assets/images/words/ljudski.webp;assets/sounds/words/ljudski.mp3;Человеческий;Human;Ljudska prava su zagarantovana ustavom. Ovo je ljudski faktor u greškama. Poštovanje ljudskog dostojanstva je važno.;Права человека гарантированы конституцией. Это человеческий фактор в ошибках. Уважение человеческого достоинства важно.;Human rights are guaranteed by the constitution. This is the human factor in mistakes. Respect for human dignity is important.;;
2324;politics;4;Polemika;Полемика;assets/images/words/polemika.webp;assets/sounds/words/polemika.mp3;Полемика;Polemic / controversy;Njegova izjava je izazvala veliku polemiku. Polemika oko zakona traje već mesecima. Ušli su u oštru polemiku na televiziji.;Его заявление вызвало большую полемику. Полемика вокруг закона длится уже месяцами. Они вступили в острую полемику на телевидении.;His statement caused great controversy. The controversy over the law has lasted for months. They entered into a sharp polemic on television.;;
2325;politics;4;Učešće;Учешће;assets/images/words/ucesce.webp;assets/sounds/words/ucesce.mp3;Участие;Participation;Učešće građana na izborima je bilo visoko. Njeno učešće u projektu je bilo od velike koristi. Podstiču učešće mladih u politici.;Участие граждан в выборах было высоким. Её участие в проекте было очень полезным. Они поощряют участие молодёжи в политике.;Citizen participation in the elections was high. Her participation in the project was very beneficial. They encourage youth participation in politics.;;
2326;politics;4;Vladavina;Владавина;assets/images/words/vladavina.webp;assets/sounds/words/vladavina.mp3;Правление;Rule, reign;Vladavina zakona je osnova demokratije. Njegova vladavina je trajala deset godina. Zemlja se bori za vladavinu prava.;Верховенство закона — основа демократии. Его правление длилось десять лет. Страна борется за верховенство права.;The rule of law is the foundation of democracy. His reign lasted ten years. The country is fighting for the rule of law.;;
2327;politics;4;Zastupati;Заступати;assets/images/words/zastupati.webp;assets/sounds/words/zastupati.mp3;Представлять;To represent / advocate;Advokat zastupa svog klijenta na sudu. Poslanik zastupa interese svojih birača. Zastupala je stav da su reforme neophodne.;Адвокат представляет своего клиента в суде. Депутат представляет интересы своих избирателей. Она отстаивала позицию, что реформы необходимы.;The lawyer represents his client in court. The deputy represents the interests of his voters. She advocated the position that reforms were necessary.;;
1696;science;4;Eksperiment;Експеримент;assets/images/words/eksperiment.webp;assets/sounds/words/eksperiment.mp3;Эксперимент;Experiment;Naučnici su sproveli eksperiment u laboratoriji. Rezultati eksperimenta su bili iznenađujući. Ovaj eksperiment ponavljamo tri puta radi tačnosti.;Учёные провели эксперимент в лаборатории. Результаты эксперимента были удивительными. Этот эксперимент мы повторяем три раза ради точности.;The scientists conducted an experiment in the laboratory. The results of the experiment were surprising. We repeat this experiment three times for accuracy.;;
1697;science;4;Hipoteza;Хипотеза;assets/images/words/hipoteza.webp;assets/sounds/words/hipoteza.mp3;Гипотеза;Hypothesis;Naša hipoteza se pokazala tačnom. Istraživač je postavio novu hipotezu. Hipoteza mora biti proverena eksperimentom.;Наша гипотеза оказалась верной. Исследователь выдвинул новую гипотезу. Гипотезу нужно проверить экспериментом.;Our hypothesis turned out to be correct. The researcher put forward a new hypothesis. A hypothesis must be tested through experiment.;;
1698;science;4;Istraživanje;Истраживање;assets/images/words/istrazivanje.webp;assets/sounds/words/istrazivanje.mp3;Исследование;Research;Ovo istraživanje je trajalo pet godina. Istraživanje je pokazalo neočekivane rezultate. Fakultet finansira novo istraživanje o klimi.;Это исследование длилось пять лет. Исследование показало неожиданные результаты. Факультет финансирует новое исследование о климате.;This research lasted five years. The research showed unexpected results. The faculty is funding new research on climate.;;
1699;science;4;Podatak;Податак;assets/images/words/podatak.webp;assets/sounds/words/podatak.mp3;Данные;Data;Sakupili smo podatke iz više izvora. Ovaj podatak nije tačan. Analiza podataka je trajala nekoliko nedelja.;Мы собрали данные из нескольких источников. Эти данные неверны. Анализ данных занял несколько недель.;We collected data from several sources. This data point is incorrect. The data analysis took several weeks.;;
1700;science;4;Teorija;Теорија;assets/images/words/teorija.webp;assets/sounds/words/teorija.mp3;Теория;Theory;Ova teorija je opšte prihvaćena u nauci. Nova teorija objašnjava pojavu bolje od stare. Njegova teorija je izazvala brojne debate.;Эта теория общепринята в науке. Новая теория объясняет явление лучше старой. Его теория вызвала множество дискуссий.;This theory is widely accepted in science. The new theory explains the phenomenon better than the old one. His theory sparked numerous debates.;;
1701;science;4;Zaključak;Закључак;assets/images/words/zakljucak.webp;assets/sounds/words/zakljucak.mp3;Вывод;Conclusion;Zaključak istraživanja je bio jasan. Došli smo do istog zaključka. Zaključak studije podržava našu hipotezu.;Вывод исследования был ясен. Мы пришли к тому же заключению. Вывод исследования подтверждает нашу гипотезу.;The conclusion of the research was clear. We came to the same conclusion. The study's conclusion supports our hypothesis.;;
1702;science;4;Istraživati;Истраживати;assets/images/words/istrazivati.webp;assets/sounds/words/istrazivati.mp3;Исследовать;To research;Naučnici istražuju uzroke ove bolesti. Već godinama istražujem ovu temu. Tim istraživača istražuje efekte novog leka.;Учёные исследуют причины этой болезни. Я уже много лет исследую эту тему. Команда исследователей изучает эффекты нового лекарства.;Scientists are researching the causes of this disease. I've been researching this topic for years. The team of researchers is investigating the effects of the new drug.;;
1703;science;4;Istraživač;Истраживач;assets/images/words/istrazivac.webp;assets/sounds/words/istrazivac.mp3;Исследователь;Researcher;Istraživač je predstavio svoje rezultate na konferenciji. Ona radi kao istraživač u medicinskoj laboratoriji. Mladi istraživači dobijaju stipendije za projekat.;Исследователь представил свои результаты на конференции. Она работает исследователем в медицинской лаборатории. Молодые исследователи получают стипендии на проект.;The researcher presented his results at the conference. She works as a researcher in a medical laboratory. Young researchers receive scholarships for the project.;;
1704;science;4;Izračunati;Израчунати;assets/images/words/izracunati.webp;assets/sounds/words/izracunati.mp3;Вычислить;To calculate;Izračunali smo prosečnu vrednost podataka. Naučnik je izračunao brzinu reakcije. Ne mogu tačno da izračunam ovaj rezultat.;Мы вычислили среднее значение данных. Учёный вычислил скорость реакции. Я не могу точно вычислить этот результат.;We calculated the average value of the data. The scientist calculated the reaction speed. I can't calculate this result accurately.;;
1705;science;4;Laboratorija;Лабораторија;assets/images/words/laboratorija.webp;assets/sounds/words/laboratorija.mp3;Лаборатория;Laboratory;Radim u laboratoriji na fakultetu. Laboratorija je opremljena savremenim uređajima. Uzorci se čuvaju u posebnoj laboratoriji.;Я работаю в лаборатории при факультете. Лаборатория оснащена современным оборудованием. Образцы хранятся в специальной лаборатории.;I work in a laboratory at the university. The laboratory is equipped with modern devices. The samples are kept in a special laboratory.;;
1706;science;4;Merenje;Мерење;assets/images/words/merenje.webp;assets/sounds/words/merenje.mp3;Измерение;Measurement;Merenje temperature je izvršeno tri puta. Ovo merenje pokazuje visok nivo tačnosti. Rezultati merenja su zabeleženi u tabeli.;Измерение температуры проводилось трижды. Это измерение показывает высокую точность. Результаты измерения занесены в таблицу.;The temperature measurement was taken three times. This measurement shows a high level of accuracy. The measurement results were recorded in a table.;;
1707;science;4;Metoda;Метода;assets/images/words/metoda.webp;assets/sounds/words/metoda.mp3;Метод;Method;Koristili smo novu metodu istraživanja. Ova metoda je jednostavnija od prethodne. Naučnici su razvili preciznu metodu merenja.;Мы использовали новый метод исследования. Этот метод проще предыдущего. Учёные разработали точный метод измерения.;We used a new research method. This method is simpler than the previous one. Scientists developed a precise measurement method.;;
1708;science;4;Naučnik;Научник;assets/images/words/naucnik.webp;assets/sounds/words/naucnik.mp3;Учёный;Scientist;Naučnik je otkrio novu vrstu bakterije. Ona je poznati naučnik u oblasti fizike. Naučnici širom sveta prate ovaj fenomen.;Учёный открыл новый вид бактерий. Она известный учёный в области физики. Учёные со всего мира следят за этим феноменом.;The scientist discovered a new type of bacteria. She is a well-known scientist in the field of physics. Scientists around the world are following this phenomenon.;;
1709;science;4;Opasti;Опасти;assets/images/words/opasti.webp;assets/sounds/words/opasti.mp3;Снизиться / упасть;To decrease;Broj slučajeva je značajno opao. Temperatura je naglo opala tokom noći. Prodaja je opala za deset procenata.;Число случаев значительно снизилось. Температура резко упала ночью. Продажи снизились на десять процентов.;The number of cases has significantly decreased. The temperature dropped sharply during the night. Sales decreased by ten percent.;;
1710;science;4;Porasti;Порасти;assets/images/words/porasti.webp;assets/sounds/words/porasti.mp3;Вырасти;To increase;Cena goriva je porasla ove godine. Broj stanovnika je porastao za pet procenata. Interesovanje za ovu temu je poraslo.;Цена на топливо выросла в этом году. Численность населения выросла на пять процентов. Интерес к этой теме вырос.;The price of fuel has increased this year. The population has grown by five percent. Interest in this topic has increased.;;
1711;science;4;Procenat;Проценат;assets/images/words/procenat.webp;assets/sounds/words/procenat.mp3;Процент;Percent;Samo mali procenat učesnika je odgovorio tačno. Devedeset procenata ispitanika se slaže sa ovim. Procenat neuspeha je bio nizak.;Лишь небольшой процент участников ответил правильно. Девяносто процентов опрошенных согласны с этим. Процент неудач был низким.;Only a small percentage of participants answered correctly. Ninety percent of respondents agree with this. The failure percentage was low.;;
1712;science;4;Prosek;Просек;assets/images/words/prosek.webp;assets/sounds/words/prosek.mp3;Среднее;Average;Njegov prosek ocena je visok. Prosek temperature ove zime je bio niži nego obično. Izračunali smo prosek svih rezultata.;У него высокий средний балл. Средняя температура этой зимой была ниже обычного. Мы вычислили среднее значение всех результатов.;His grade average is high. The average temperature this winter was lower than usual. We calculated the average of all the results.;;
1713;science;4;Prosečan;Просечан;assets/images/words/prosecan.webp;assets/sounds/words/prosecan.mp3;Средний (значение);Average (adj.);Prosečan rezultat testa bio je vrlo dobar. Ovo je prosečna cena stana u gradu. Prosečna starost učesnika bila je trideset godina.;Средний результат теста был очень хорошим. Это средняя цена квартиры в городе. Средний возраст участников составлял тридцать лет.;The average test result was very good. This is the average price of an apartment in the city. The average age of the participants was thirty years.;;
1714;science;4;Statistika;Статистика;assets/images/words/statistika.webp;assets/sounds/words/statistika.mp3;Статистика;Statistics;Statistika pokazuje rast nezaposlenosti. Studirala je statistiku na fakultetu. Prema statistici, malo ljudi čita svaki dan.;Статистика показывает рост безработицы. Она изучала статистику в университете. Согласно статистике, мало людей читают каждый день.;Statistics show a rise in unemployment. She studied statistics at university. According to statistics, few people read every day.;;
1715;science;4;Studija;Студија;assets/images/words/studija.webp;assets/sounds/words/studija.mp3;Исследование;Study;Nova studija potvrđuje ranije rezultate. Studija je sprovedena na hiljadu ispitanika. Ova studija je objavljena u naučnom časopisu.;Новое исследование подтверждает прежние результаты. Исследование проводилось на тысяче испытуемых. Это исследование опубликовано в научном журнале.;The new study confirms earlier results. The study was conducted on a thousand subjects. This study was published in a scientific journal.;;
1716;science;4;Trend;Тренд;assets/images/words/trend.webp;assets/sounds/words/trend.mp3;Тенденция;Trend;Primetili smo trend rasta u poslednjih pet godina. Ovaj trend se očekuje da se nastavi. Trend pokazuje pad interesovanja za temu.;Мы заметили тенденцию роста за последние пять лет. Ожидается, что эта тенденция продолжится. Тенденция показывает снижение интереса к теме.;We noticed a growth trend over the last five years. This trend is expected to continue. The trend shows a decline in interest in the topic.;;
1717;science;4;Uzorak;Узорак;assets/images/words/uzorak.webp;assets/sounds/words/uzorak.mp3;Образец;Sample;Uzet je uzorak krvi za analizu. Uzorak je bio dovoljno veliki za pouzdane rezultate. Naučnici su analizirali uzorak zemljišta.;Для анализа взяли образец крови. Выборка была достаточно большой для надёжных результатов. Учёные проанализировали образец почвы.;A blood sample was taken for analysis. The sample was large enough for reliable results. The scientists analyzed a soil sample.;;
1718;science;4;Učesnik;Учесник;assets/images/words/ucesnik.webp;assets/sounds/words/ucesnik.mp3;Участник;Participant;Svaki učesnik je popunio upitnik. Istraživanje je uključivalo pedeset učesnika. Učesnici su bili podeljeni u dve grupe.;Каждый участник заполнил анкету. В исследовании участвовало пятьдесят человек. Участники были разделены на две группы.;Each participant filled out a questionnaire. The research included fifty participants. The participants were divided into two groups.;;
1719;science;4;Varijabla;Варијабла;assets/images/words/varijabla.webp;assets/sounds/words/varijabla.mp3;Переменная;Variable;Ova varijabla utiče direktno na rezultat. Naučnici su kontrolisali sve varijable u eksperimentu. Promena jedne varijable menja ceo ishod.;Эта переменная напрямую влияет на результат. Учёные контролировали все переменные в эксперименте. Изменение одной переменной меняет весь исход.;This variable directly affects the result. Scientists controlled all the variables in the experiment. Changing one variable changes the whole outcome.;;
1720;science;4;Zaključiti;Закључити;assets/images/words/zakljuciti.webp;assets/sounds/words/zakljuciti.mp3;Сделать вывод;To conclude;Istraživači su zaključili da je hipoteza tačna. Na osnovu podataka možemo zaključiti sledeće. Studija je zaključila da postoji jasna veza.;Исследователи заключили, что гипотеза верна. На основе данных мы можем заключить следующее. Авторы исследования пришли к выводу, что существует явная связь.;The researchers concluded that the hypothesis was correct. Based on the data, we can conclude the following. The study concluded that there is a clear link.;;
1721;science;4;Značajan;Значајан;assets/images/words/znacajan.webp;assets/sounds/words/znacajan.mp3;Значительный;Significant;Ovo je značajan napredak u nauci. Rezultati su pokazali značajnu razliku između grupa. Njegov doprinos nauci je izuzetno značajan.;Это значительный прогресс в науке. Результаты показали значительную разницу между группами. Его вклад в науку чрезвычайно значителен.;This is significant progress in science. The results showed a significant difference between the groups. His contribution to science is extremely significant.;;
1722;science;4;Veštački;Вештачки;assets/images/words/vestacki.webp;assets/sounds/words/vestacki.mp3;Искусственный;Artificial;Veštačka inteligencija menja svet. Ovo je veštački materijal. Koristimo veštačko osvetljenje u laboratoriji.;Искусственный интеллект меняет мир. Это искусственный материал. Мы используем искусственное освещение в лаборатории.;Artificial intelligence is changing the world. This is an artificial material. We use artificial lighting in the laboratory.;;
1723;science;4;Inteligencija;Интелигенција;assets/images/words/inteligencija.webp;assets/sounds/words/inteligencija.mp3;Интеллект;Intelligence;Veštačka inteligencija se brzo razvija. Njegova inteligencija je impresivna. Test meri nivo inteligencije.;Искусственный интеллект быстро развивается. Его интеллект впечатляет. Тест измеряет уровень интеллекта.;Artificial intelligence is developing rapidly. His intelligence is impressive. The test measures the level of intelligence.;;
779;study;4;Znanje;Знање;assets/images/words/znanje.webp;assets/sounds/words/znanje.mp3;Знание;Knowledge;Znanje je moć. Stekao sam novo znanje. Podeli svoje znanje sa drugima.;Знание — сила. Я приобрёл новые знания. Поделись своими знаниями с другими.;Knowledge is power. I gained new knowledge. Share your knowledge with others.;;
780;study;4;Zvono;Звоно;assets/images/words/zvono.webp;assets/sounds/words/zvono.mp3;Звонок / колокол;Bell;Zvono je zazvonilo za odmor. Čekamo zvono za kraj časa. Zvono se čulo u celoj školi.;Прозвенел звонок на перемену. Мы ждём звонка на конец урока. Звонок был слышен по всей школе.;The bell rang for the break. We're waiting for the bell to end class. The bell was heard throughout the school.;;
781;study;4;Čas;Час;assets/images/words/cas.webp;assets/sounds/words/cas.mp3;Урок / занятие / час;Class / period;Prvi čas počinje u osam. Čas matematike je dosadan. Propustio sam čas juče.;Первый урок начинается в восемь. Урок математики скучный. Вчера я пропустил урок.;The first class starts at eight. Math class is boring. I missed class yesterday.;;
782;study;4;Đak;Ђак;assets/images/words/djak.webp;assets/sounds/words/djak.mp3;Школьник;Pupil;Đak je stigao na vreme. Svaki đak ima svoju torbu. Đak je pažljivo slušao.;Школьник пришёл вовремя. У каждого школьника своя сумка. Школьник внимательно слушал.;The pupil arrived on time. Every pupil has their own bag. The pupil listened carefully.;;
783;study;4;Školarina;Школарина;assets/images/words/skolarina.webp;assets/sounds/words/skolarina.mp3;Плата за обучение;Tuition fee;Školarina se plaća na početku godine. Školarina je porasla ove godine. Roditelji plaćaju školarinu.;Плата за обучение вносится в начале года. Плата за обучение выросла в этом году. Родители платят за обучение.;Tuition is paid at the beginning of the year. Tuition has increased this year. Parents pay the tuition.;;
784;study;4;Akademski;Академски;assets/images/words/akademski.webp;assets/sounds/words/akademski.mp3;Академический;Academic;Akademska godina počinje u oktobru. Ima odličan akademski uspeh. Piše akademski rad za fakultet.;Академический год начинается в октябре. У него отличные академические результаты. Он пишет академическую работу для университета.;The academic year starts in October. He has excellent academic results. He's writing an academic paper for university.;;
785;study;4;Upis;Упис;assets/images/words/upis.webp;assets/sounds/words/upis.mp3;Зачисление;Enrollment;Upis počinje u julu. Upis zahteva dokumentaciju. Upis je završen za ovu godinu.;Зачисление начинается в июле. Зачисление требует документов. Зачисление на этот год завершено.;Enrollment begins in July. Enrollment requires documentation. Enrollment for this year is complete.;;
786;study;4;Prijem;Пријем;assets/images/words/prijem.webp;assets/sounds/words/prijem.mp3;Приём;Reception;Prijem studenata počinje u julu. Bio je prijem povodom diplomiranja. Prijemni ispit je veoma težak.;Приём студентов начинается в июле. По случаю выпуска был приём. Вступительный экзамен очень сложный.;Student admissions begin in July. There was a reception for the graduation. The entrance exam is very difficult.;;
787;study;4;Plan;План;assets/images/words/plan.webp;assets/sounds/words/plan.mp3;План;Plan;Napravio sam plan učenja za ispit. Nastavni plan se menja svake godine. Imamo plan za vikend.;Я составил план подготовки к экзамену. Учебный план меняется каждый год. У нас есть план на выходные.;I made a study plan for the exam. The curriculum changes every year. We have a plan for the weekend.;;
788;study;4;Konsultacije;Консултације;assets/images/words/konsultacije.webp;assets/sounds/words/konsultacije.mp3;Консультации;Consultations / office hours;Konsultacije su sredom. Otišao sam na konsultacije kod profesora. Konsultacije traju sat vremena.;Консультации по средам. Я пришёл на консультацию к профессору. Консультации длятся час.;Office hours are on Wednesdays. I went to office hours with the professor. Office hours last an hour.;;
789;study;4;Literatura;Литература;assets/images/words/literatura.webp;assets/sounds/words/literatura.mp3;Литература;Literature;Voli da čita svetsku literaturu. Profesor je preporučio dodatnu literaturu. Studira srpsku literaturu na fakultetu.;Она любит читать мировую литературу. Профессор порекомендовал дополнительную литературу. Она изучает сербскую литературу в университете.;She loves reading world literature. The professor recommended additional literature. She studies Serbian literature at university.;;
790;study;4;Kredit;Кредит;assets/images/words/kredit.webp;assets/sounds/words/kredit.mp3;Кредит;Credit;Osvojio je sve kredite ovog semestra. Uzeli smo kredit za stan. Studentski kredit se otplaćuje posle diplomiranja.;Он набрал все кредиты в этом семестре. Мы взяли кредит на квартиру. Студенческий кредит выплачивается после окончания учёбы.;He earned all his credits this semester. We took out a loan for an apartment. A student loan is repaid after graduation.;;
791;study;4;Odbrana;Одбрана;assets/images/words/odbrana.webp;assets/sounds/words/odbrana.mp3;Защита;Defense;Odbrana teze je zakazana za sledeću nedelju. Uspešno je prošao odbranu diplomskog rada. Priprema se za odbranu doktorata.;Защита диссертации назначена на следующую неделю. Он успешно прошёл защиту дипломной работы. Он готовится к защите докторской.;The thesis defense is scheduled for next week. He successfully passed the defense of his diploma thesis. He's preparing for his doctoral defense.;;
792;study;4;Komisija;Комисија;assets/images/words/komisija.webp;assets/sounds/words/komisija.mp3;Комиссия;Committee;Komisija je ocenila moj rad. Komisija ima tri člana. Komisija je postavila pitanja.;Комиссия оценила мою работу. В комиссии три члена. Комиссия задала вопросы.;The committee evaluated my thesis. The committee has three members. The committee asked questions.;;
793;study;4;Služba;Служба;assets/images/words/sluzba.webp;assets/sounds/words/sluzba.mp3;Служба;Service;Radi u državnoj službi. Studentska služba izdaje potvrde. Obratite se službi za informacije.;Он работает на государственной службе. Студенческая служба выдаёт справки. Обратитесь в информационную службу.;He works in civil service. The student service issues certificates. Contact the information service.;;
794;study;4;Overa;Овера;assets/images/words/overa.webp;assets/sounds/words/overa.mp3;Заверение;Certification;Potrebna je overa diplome kod notara. Overa dokumenata traje nekoliko dana. Odneo je papire na overu.;Диплом нужно заверить у нотариуса. Заверение документов занимает несколько дней. Он отнёс бумаги на заверение.;The diploma needs to be certified by a notary. Certifying documents takes several days. He took the papers for certification.;;
795;study;4;Iskaznica;Исказница;assets/images/words/iskaznica.webp;assets/sounds/words/iskaznica.mp3;Удостоверение;ID card;Studentska iskaznica važi godinu dana. Izgubio sam svoju iskaznicu. Pokaži iskaznicu na ulazu u biblioteku.;Студенческий билет действителен год. Я потерял свой студенческий билет. Покажи удостоверение на входе в библиотеку.;The student ID card is valid for one year. I lost my ID card. Show your ID at the library entrance.;;
796;study;4;Onlajn;Онлајн;assets/images/words/onlajn.webp;assets/sounds/words/onlajn.mp3;Онлайн;Online;Predavanja se održavaju onlajn. Prijavio sam se onlajn za ispit. Onlajn kursevi su vrlo popularni.;Лекции проходят онлайн. Я записался на экзамен онлайн. Онлайн-курсы очень популярны.;Lectures are held online. I registered for the exam online. Online courses are very popular.;;
797;study;4;Uslov;Услов;assets/images/words/uslov.webp;assets/sounds/words/uslov.mp3;Условие;Condition;Ispunio je sve uslove za upis. Ovo je jedan od uslova ugovora. Vremenski uslovi su bili loši.;Он выполнил все условия для поступления. Это одно из условий договора. Погодные условия были плохими.;He met all the conditions for enrollment. This is one of the conditions of the contract. The weather conditions were bad.;;
798;study;4;Doktor;Доктор;assets/images/words/doktor.webp;assets/sounds/words/doktor.mp3;Доктор;Doctor, PhD;On je doktor nauka. Postao je doktor medicine prošle godine. Otišla je kod doktora zbog prehlade.;Он доктор наук. В прошлом году он стал доктором медицины. Она пошла к врачу из-за простуды.;He is a doctor of science. He became a medical doctor last year. She went to the doctor because of a cold.;;
799;study;4;Plagijat;Плагијат;assets/images/words/plagijat.webp;assets/sounds/words/plagijat.mp3;Плагиат;Plagiarism;Plagijat je strogo kažnjiv. Otkriven je plagijat u radu. Izbegavajte plagijat u pisanju.;Плагиат строго наказуем. В работе обнаружен плагиат. Избегайте плагиата в письме.;Plagiarism is strictly punishable. Plagiarism was found in the paper. Avoid plagiarism in writing.;;
800;study;4;Apsolvent;Апсолвент;assets/images/words/apsolvent.webp;assets/sounds/words/apsolvent.mp3;Студент последнего курса;Final-year student;On je apsolvent na fakultetu. Apsolvent priprema diplomski rad. Postao sam apsolvent ove godine.;Он студент последнего курса факультета. Студент последнего курса готовит дипломную работу. В этом году я перешёл на последний курс.;He's a final-year student at the faculty. The final-year student is preparing his thesis. I became a final-year student this year.;;
801;study;4;Razmena;Размена;assets/images/words/razmena.webp;assets/sounds/words/razmena.mp3;Обмен;Exchange;Učestvovao je u studentskoj razmeni u Nemačkoj. Razmena iskustava je vrlo korisna. Napravili smo razmenu knjiga.;Он участвовал в студенческом обмене в Германии. Обмен опытом очень полезен. Мы обменялись книгами.;He took part in a student exchange in Germany. Exchanging experience is very useful. We did a book exchange.;;
802;study;4;Nauka;Наука;assets/images/words/nauka.webp;assets/sounds/words/nauka.mp3;Наука;Science;Nauka napreduje brzo. Volim prirodne nauke. Nauka objašnjava svet oko nas.;Наука быстро развивается. Я люблю естественные науки. Наука объясняет мир вокруг нас.;Science is advancing quickly. I love natural sciences. Science explains the world around us.;;
803;study;4;Otkriti;Открити;assets/images/words/otkriti.webp;assets/sounds/words/otkriti.mp3;Открыть / обнаружить / раскрыть;To discover;Naučnici su otkrili novu vrstu. Otkrio sam grešku u radu. Otkrili su lek za bolest.;Учёные открыли новый вид. Я обнаружил ошибку в работе. Они открыли лекарство от болезни.;Scientists discovered a new species. I discovered an error in the paper. They discovered a cure for the disease.;;
804;study;4;Podložan;Подложан;assets/images/words/podlozan.webp;assets/sounds/words/podlozan.mp3;Подверженный;Subject to / susceptible;Rezultat je podložan promenama. Deca su podložna uticaju okoline. Sistem je podložan greškama.;Результат подвержен изменениям. Дети подвержены влиянию окружения. Система подвержена ошибкам.;The result is subject to change. Children are susceptible to environmental influence. The system is prone to errors.;;
805;study;4;Aktivnost;Активност;assets/images/words/aktivnost.webp;assets/sounds/words/aktivnost.mp3;Активность;Activity;Škola nudi mnogo vannastavnih aktivnosti. Fizička aktivnost je važna svaki dan. Ova aktivnost mi oduzima mnogo vremena.;Школа предлагает много внеклассных занятий. Физическая активность важна каждый день. Эта деятельность отнимает у меня много времени.;The school offers many extracurricular activities. Physical activity is important every day. This activity takes up a lot of my time.;;
806;study;4;Vaspitanje;Васпитање;assets/images/words/vaspitanje.webp;assets/sounds/words/vaspitanje.mp3;Воспитание;Education, upbringing;Fizičko vaspitanje je obavezan predmet. Dobro vaspitanje se stiče u porodici. Roditelji brinu o vaspitanju dece.;Физическое воспитание — обязательный предмет. Хорошее воспитание получают в семье. Родители заботятся о воспитании детей.;Physical education is a mandatory subject. Good upbringing is gained in the family. Parents take care of their children's upbringing.;;
807;study;4;Nastava;Настава;assets/images/words/nastava.webp;assets/sounds/words/nastava.mp3;Занятия;Teaching, classes;Nastava počinje u osam ujutru. Onlajn nastava je uvedena prošle godine. Profesor drži nastavu tri puta nedeljno.;Занятия начинаются в восемь утра. Онлайн-обучение было введено в прошлом году. Профессор проводит занятия три раза в неделю.;Classes start at eight in the morning. Online teaching was introduced last year. The professor teaches classes three times a week.;;
1519;technique;4;Računar;Рачунар;assets/images/words/racunar.webp;assets/sounds/words/racunar.mp3;Компьютер;Computer;Kupio sam nov računar. Računar radi sporo. Popravio sam računar sam.;Я купил новый компьютер. Компьютер работает медленно. Я сам починил компьютер.;I bought a new computer. The computer runs slowly. I fixed the computer myself.;;
1520;technique;4;Sajt;Сајт;assets/images/words/sajt.webp;assets/sounds/words/sajt.mp3;Сайт;Website;Ovaj sajt je koristan. Napravio sam svoj sajt. Sajt je bio nedostupan juče.;Этот сайт полезный. Я сделал свой сайт. Сайт был недоступен вчера.;This website is useful. I made my own website. The website was down yesterday.;;
1521;technique;4;Sačuvati;Сачувати;assets/images/words/sacuvati.webp;assets/sounds/words/sacuvati.mp3;Сохранить;To save;Sačuvaj dokument pre nego što zatvoriš. Sačuvao sam sve slike. Ne zaboravi da sačuvaš izmene.;Сохрани документ, прежде чем закрыть. Я сохранил все фотографии. Не забудь сохранить изменения.;Save the document before closing. I saved all the pictures. Don't forget to save the changes.;;
1522;technique;4;Softver;Софтвер;assets/images/words/softver.webp;assets/sounds/words/softver.mp3;Программное обеспечение;Software;Ovaj softver je besplatan. Softver treba ažurirati. Instalirao sam novi softver.;Это программное обеспечение бесплатное. Программное обеспечение нужно обновить. Я установил новое программное обеспечение.;This software is free. The software needs to be updated. I installed new software.;;
1523;technique;4;Tastatura;Тастатура;assets/images/words/tastatura.webp;assets/sounds/words/tastatura.mp3;Клавиатура;Keyboard;Tastatura ne radi kako treba. Kupio sam bežičnu tastaturu. Slovo na tastaturi je zaglavljeno.;Клавиатура работает неправильно. Я купил беспроводную клавиатуру. Клавиша на клавиатуре застряла.;The keyboard isn't working properly. I bought a wireless keyboard. A key on the keyboard is stuck.;;
1524;technique;4;Virus;Вирус;assets/images/words/virus.webp;assets/sounds/words/virus.mp3;Вирус;Virus;Kompjuter je zaražen virusom. Antivirus je uklonio virus. Virus je oštetio fajlove.;Компьютер заражён вирусом. Антивирус удалил вирус. Вирус повредил файлы.;The computer is infected with a virus. The antivirus removed the virus. The virus damaged the files.;;
1525;technique;4;Zvučnik;Звучник;assets/images/words/zvucnik.webp;assets/sounds/words/zvucnik.mp3;Динамик / колонка;Speaker;Zvučnik je previše tih. Kupio sam bežični zvučnik. Zvučnik ne radi.;Динамик слишком тихий. Я купил беспроводную колонку. Динамик не работает.;The speaker is too quiet. I bought a wireless speaker. The speaker isn't working.;;
1526;technique;4;Štampač;Штампач;assets/images/words/stampac.webp;assets/sounds/words/stampac.mp3;Принтер;Printer;Štampač je ostao bez tonera. Kupio sam nov štampač. Štampač ne radi kako treba.;В принтере закончился тонер. Я купил новый принтер. Принтер работает неправильно.;The printer ran out of toner. I bought a new printer. The printer isn't working properly.;;
1527;technique;4;Procesor;Процесор;assets/images/words/procesor.webp;assets/sounds/words/procesor.mp3;Процессор;Processor;Ovaj kompjuter ima brz procesor. Procesor se pregreva. Kupio sam laptop sa jačim procesorom.;У этого компьютера быстрый процессор. Процессор перегревается. Я купил ноутбук с более мощным процессором.;This computer has a fast processor. The processor is overheating. I bought a laptop with a stronger processor.;;
1528;technique;4;Rezolucija;Резолуција;assets/images/words/rezolucija.webp;assets/sounds/words/rezolucija.mp3;Разрешение;Resolution;Ovaj telefon ima visoku rezoluciju kamere. Rezolucija ekrana je odlična. Fotografija je snimljena u niskoj rezoluciji.;У этого телефона высокое разрешение камеры. Разрешение экрана отличное. Фотография сделана в низком разрешении.;This phone has a high camera resolution. The screen resolution is excellent. The photo was taken in low resolution.;;
1529;technique;4;Zvučan;Звучан;assets/images/words/zvucan.webp;assets/sounds/words/zvucan.mp3;Звуковой;Sound (adj.);Kupio sam zvučni sistem za televizor. Ovaj zvučni signal je vrlo jak. Zvučna izolacija u sobi je odlična.;Я купил звуковую систему для телевизора. Этот звуковой сигнал очень громкий. Звукоизоляция в комнате отличная.;I bought a sound system for the TV. This sound signal is very loud. The sound insulation in the room is excellent.;;
1530;technique;4;Grafički;Графички;assets/images/words/graficki.webp;assets/sounds/words/graficki.mp3;Графический;Graphic;Ovaj laptop ima jaku grafičku karticu. Radi kao grafički dizajner. Grafički prikaz podataka je jasan.;У этого ноутбука мощная видеокарта. Он работает графическим дизайнером. Графическое представление данных понятное.;This laptop has a strong graphics card. He works as a graphic designer. The graphic representation of data is clear.;;
1531;technique;4;Disk;Диск;assets/images/words/disk.webp;assets/sounds/words/disk.mp3;Диск;Disk;Kupio sam spoljašnji disk za rezervnu kopiju. Disk je pun i mora se očistiti. Ovaj disk je vrlo brz.;Я купил внешний диск для резервной копии. Диск заполнен, его нужно очистить. Этот диск очень быстрый.;I bought an external disk for backup. The disk is full and needs to be cleaned. This disk is very fast.;;
1532;technique;4;SSD;SSD;assets/images/words/ssd.webp;assets/sounds/words/ssd.mp3;SSD;SSD;Ovaj laptop ima SSD disk. SSD je mnogo brži od običnog diska. Zamenio sam stari disk SSD-om.;У этого ноутбука SSD-диск. SSD намного быстрее обычного диска. Я заменил старый диск на SSD.;This laptop has an SSD drive. An SSD is much faster than a regular disk. I replaced the old disk with an SSD.;;
1533;technique;4;Skladištenje;Складиштење;assets/images/words/skladistenje.webp;assets/sounds/words/skladistenje.mp3;Хранение;Storage;Ovaj telefon ima veliko skladištenje podataka. Skladištenje u oblaku je vrlo praktično. Nedostaje mi prostor za skladištenje.;У этого телефона большое хранилище данных. Облачное хранилище очень удобно. Мне не хватает места для хранения.;This phone has a lot of data storage. Cloud storage is very convenient. I'm running out of storage space.;;
1534;technique;4;Auto;Ауто;assets/images/words/auto.webp;assets/sounds/words/auto.mp3;Машина / автомобиль;Car;Kupio je novi auto prošlog meseca. Auto mi je u kvaru. Parkirala je auto ispred zgrade.;В прошлом месяце он купил новую машину. Моя машина сломана. Она припарковала машину перед зданием.;He bought a new car last month. My car is broken. She parked the car in front of the building.;;
1535;technique;4;Laptop;Лаптоп;assets/images/words/laptop.webp;assets/sounds/words/laptop.mp3;Ноутбук;Laptop;Radim na laptopu ceo dan. Kupila sam novi laptop za studije. Laptop mi se ugasio bez upozorenja.;Я весь день работаю на ноутбуке. Я купила новый ноутбук для учёбы. Мой ноутбук выключился без предупреждения.;I work on my laptop all day. I bought a new laptop for my studies. My laptop shut down without warning.;;
1536;technique;4;Motor;Мотор;assets/images/words/motor.webp;assets/sounds/words/motor.mp3;Мотоцикл / мотор;Motorcycle;Vozi motor svako leto na moru. Kupio je stari motor i renovirao ga. Motor mu se pokvario na putu.;Каждое лето он ездит на мотоцикле к морю. Он купил старый мотоцикл и отреставрировал его. Его мотоцикл сломался по дороге.;He rides his motorcycle to the seaside every summer. He bought an old motorcycle and restored it. His motorcycle broke down on the road.;;
1537;technique;4;Slušalice;Слушалице;assets/images/words/slusalice.webp;assets/sounds/words/slusalice.mp3;Наушники;Headphones;Nosim slušalice dok trčim. Ove slušalice imaju odličan zvuk. Zaboravio je slušalice kod kuće.;Я ношу наушники, когда бегаю. У этих наушников отличный звук. Он забыл наушники дома.;I wear headphones while running. These headphones have great sound. He forgot his headphones at home.;;
1538;technique;4;Tablet;Таблет;assets/images/words/tablet.webp;assets/sounds/words/tablet.mp3;Планшет;Tablet;Deca crtaju na tabletu. Kupila sam tablet za čitanje knjiga. Tablet mi je pao i pukao ekran.;Дети рисуют на планшете. Я купила планшет для чтения книг. Я уронила планшет, и экран треснул.;The children draw on the tablet. I bought a tablet for reading books. I dropped my tablet and the screen cracked.;;
1539;technique;4;Sistem;Систем;assets/images/words/sistem.webp;assets/sounds/words/sistem.mp3;Система;System;Sistem se srušio tokom ažuriranja. Ovaj operativni sistem je vrlo brz. Uspostavili smo novi sistem bezbednosti.;Система рухнула во время обновления. Эта операционная система очень быстрая. Мы установили новую систему безопасности.;The system crashed during the update. This operating system is very fast. We set up a new security system.;;
1540;technique;4;Udarac;Ударац;assets/images/words/udarac.webp;assets/sounds/words/udarac.mp3;Удар;Impact, blow;Telefon je pao i primio jak udarac. Futrola štiti od udaraca. Ekran je pukao od udarca.;Телефон упал и получил сильный удар. Чехол защищает от ударов. Экран треснул от удара.;The phone fell and took a hard hit. The case protects against impacts. The screen cracked from the impact.;;
1541;technique;4;Upravljač;Управљач;assets/images/words/upravljac.webp;assets/sounds/words/upravljac.mp3;Контроллер / руль / пульт;Controller, steering wheel;Igram igrice pomoću upravljača. Upravljač automobila je bio zaglavljen. Kupio sam bežični upravljač za konzolu.;Я играю в игры с помощью контроллера. Руль автомобиля заклинило. Я купил беспроводной контроллер для консоли.;I play games using a controller. The car's steering wheel got stuck. I bought a wireless controller for the console.;;
1542;technique;4;Resetovanje;Ресетовање;assets/images/words/resetovanje.webp;assets/sounds/words/resetovanje.mp3;Сброс;Resetting;Resetovanje telefona je rešilo problem. Uradila sam resetovanje mreže. Resetovanje na fabrička podešavanja briše sve podatke.;Сброс телефона решил проблему. Я сделала сброс сети. Сброс до заводских настроек стирает все данные.;Resetting the phone solved the problem. I did a network reset. Resetting to factory settings erases all data.;;
1408;travel;4;Razglednica;Разгледница;assets/images/words/razglednica.webp;assets/sounds/words/razglednica.mp3;Открытка;Postcard;Poslao sam razglednicu iz Pariza. Kupio sam nekoliko razglednica. Razglednica je stigla za nedelju dana.;Я отправил открытку из Парижа. Я купил несколько открыток. Открытка пришла через неделю.;I sent a postcard from Paris. I bought a few postcards. The postcard arrived in a week.;;
1409;travel;4;Recepcija;Рецепција;assets/images/words/recepcija.webp;assets/sounds/words/recepcija.mp3;Ресепшен;Reception;Recepcija je otvorena non-stop. Ostavio sam poruku na recepciji. Recepcija je na prvom spratu.;Ресепшен работает круглосуточно. Я оставил сообщение на ресепшене. Ресепшен на первом этаже.;The reception is open 24/7. I left a message at the reception. The reception is on the first floor.;;
1410;travel;4;Recepcioner;Рецепционер;assets/images/words/recepcioner.webp;assets/sounds/words/recepcioner.mp3;Администратор (ресепшн);Receptionist;Recepcioner mi je dao ključeve. Recepcioner je bio veoma ljubazan. Pitao sam recepcionera za savet.;Администратор дал мне ключи. Администратор был очень вежливым. Я спросил администратора совета.;The receptionist gave me the keys. The receptionist was very polite. I asked the receptionist for advice.;;
1411;travel;4;Recepcionerka;Рецепционерка;assets/images/words/recepcionerka.webp;assets/sounds/words/recepcionerka.mp3;Администратор (женщина);Female receptionist;Recepcionerka mi je pomogla sa rezervacijom. Recepcionerka govori tri jezika. Recepcionerka je bila prijatna.;Администратор помогла мне с бронированием. Администратор говорит на трёх языках. Администратор была приветливой.;The receptionist helped me with the reservation. The receptionist speaks three languages. The receptionist was pleasant.;;
1412;travel;4;Ručak;Ручак;assets/images/words/rucak.webp;assets/sounds/words/rucak.mp3;Обед;Lunch;Ručak se služi u podne. Ručak je bio ukusan. Rezervisali smo sto za ručak.;Обед подаётся в полдень. Обед был вкусным. Мы забронировали столик на обед.;Lunch is served at noon. The lunch was delicious. We booked a table for lunch.;;
1413;travel;4;Smeštaj;Смештај;assets/images/words/smestaj.webp;assets/sounds/words/smestaj.mp3;Жильё / размещение;Accommodation;Tražim jeftin smeštaj. Smeštaj je uključen u aranžman. Smeštaj je bio udoban.;Я ищу дешёвое размещение. Проживание включено в тур. Размещение было комфортным.;I'm looking for cheap accommodation. Accommodation is included in the package. The accommodation was comfortable.;;
1414;travel;4;Spomenik;Споменик;assets/images/words/spomenik.webp;assets/sounds/words/spomenik.mp3;Памятник;Monument;Posetili smo poznati spomenik. Spomenik je star nekoliko vekova. Fotografisali smo se pored spomenika.;Мы посетили известный памятник. Памятнику несколько веков. Мы сфотографировались у памятника.;We visited a famous monument. The monument is centuries old. We took photos by the monument.;;
1415;travel;4;Strani;Страни;assets/images/words/strani.webp;assets/sounds/words/strani.mp3;Иностранный;Foreign;Strani turisti vole ovaj grad. Naučila sam strani jezik. Strani novac se menja u banci.;Иностранные туристы любят этот город. Я выучила иностранный язык. Иностранная валюта обменивается в банке.;Foreign tourists love this city. I learned a foreign language. Foreign currency is exchanged at the bank.;;
1416;travel;4;Suncobran;Сунцобран;assets/images/words/suncobran.webp;assets/sounds/words/suncobran.mp3;Пляжный зонт;Beach umbrella;Iznajmili smo suncobran na plaži. Suncobran nas štiti od sunca. Suncobran je pao od vetra.;Мы арендовали пляжный зонт. Зонт защищает нас от солнца. Зонт упал от ветра.;We rented a beach umbrella. The umbrella protects us from the sun. The umbrella fell over from the wind.;;
1417;travel;4;Suvenir;Сувенир;assets/images/words/suvenir.webp;assets/sounds/words/suvenir.mp3;Сувенир;Souvenir;Kupio sam suvenire za porodicu. Suvenir je bio jeftin. Prodavnica suvenira je blizu trga.;Я купил сувениры для семьи. Сувенир был недорогим. Магазин сувениров рядом с площадью.;I bought souvenirs for my family. The souvenir was cheap. The souvenir shop is near the square.;;
1418;travel;4;Tura;Тура;assets/images/words/tura.webp;assets/sounds/words/tura.mp3;Тур;Tour;Kupili smo turu po gradu. Tura je trajala tri sata. Tura je uključivala ručak.;Мы купили экскурсию по городу. Тур длился три часа. Тур включал обед.;We bought a city tour. The tour lasted three hours. The tour included lunch.;;
1419;travel;4;Turizam;Туризам;assets/images/words/turizam.webp;assets/sounds/words/turizam.mp3;Туризм;Tourism;Turizam je važan za ekonomiju grada. Turizam raste svake godine. Turizam donosi mnogo posla.;Туризм важен для экономики города. Туризм растёт каждый год. Туризм приносит много рабочих мест.;Tourism is important for the city's economy. Tourism grows every year. Tourism brings a lot of jobs.;;
1420;travel;4;Tvrđava;Тврђава;assets/images/words/tvrdjava.webp;assets/sounds/words/tvrdjava.mp3;Крепость;Fortress;Posetili smo staru tvrđavu. Tvrđava se nalazi na brdu. Tvrđava je bila odbrambena tačka.;Мы посетили старую крепость. Крепость находится на холме. Крепость служила оборонительным пунктом.;We visited the old fortress. The fortress is located on a hill. The fortress was a defensive point.;;
1421;travel;4;Uključen;Укључен;assets/images/words/ukljucen.webp;assets/sounds/words/ukljucen.mp3;Включён;Included;Doručak je uključen u cenu. Prevoz nije uključen. Sve je uključeno u aranžman.;Завтрак включён в стоимость. Транспорт не включён. Всё включено в тур.;Breakfast is included in the price. Transport isn't included. Everything is included in the package.;;
1422;travel;4;Ulaznica;Улазница;assets/images/words/ulaznica.webp;assets/sounds/words/ulaznica.mp3;Входной билет;Entrance ticket;Kupio sam ulaznicu za muzej. Ulaznica važi ceo dan. Ulaznica je jeftinija za studente.;Я купил входной билет в музей. Входной билет действует весь день. Входной билет дешевле для студентов.;I bought an entrance ticket to the museum. The entrance ticket is valid all day. The entrance ticket is cheaper for students.;;
1423;travel;4;Uživati;Уживати;assets/images/words/uzivati.webp;assets/sounds/words/uzivati.mp3;Наслаждаться;To enjoy;Uživamo u lepom vremenu. Uživao sam u putovanju. Uživajte u odmoru!;Мы наслаждаемся хорошей погодой. Я наслаждался поездкой. Наслаждайтесь отдыхом!;We're enjoying the nice weather. I enjoyed the trip. Enjoy your vacation!;;
1424;travel;4;Večera;Вечера;assets/images/words/vecera.webp;assets/sounds/words/vecera.mp3;Ужин;Dinner;Večera se služi u sedam. Večera je bila ukusna. Rezervisali smo sto za večeru.;Ужин подаётся в семь. Ужин был вкусным. Мы забронировали столик на ужин.;Dinner is served at seven. The dinner was delicious. We booked a table for dinner.;;
1425;travel;4;Vodič;Водич;assets/images/words/vodic.webp;assets/sounds/words/vodic.mp3;Гид;Guide;Vodič nam je pokazao grad. Vodič govori pet jezika. Angažovali smo lokalnog vodiča.;Гид показал нам город. Гид говорит на пяти языках. Мы наняли местного гида.;The guide showed us the city. The guide speaks five languages. We hired a local guide.;;
1426;travel;4;Zastava;Застава;assets/images/words/zastava.webp;assets/sounds/words/zastava.mp3;Флаг;Flag;Zastava se vijori na trgu. Kupio sam malu zastavu kao suvenir. Zastava zemlje je crvena, plava i bela.;Флаг развевается на площади. Я купил маленький флаг на память. Флаг страны красно-сине-белый.;The flag flies in the square. I bought a small flag as a souvenir. The country's flag is red, blue, and white.;;
1427;travel;4;Znamenitost;Знаменитост;assets/images/words/znamenitost.webp;assets/sounds/words/znamenitost.mp3;Достопримечательность;Landmark;Ovo je glavna znamenitost grada. Znamenitost privlači mnogo turista. Fotografisali smo znamenitost.;Это главная достопримечательность города. Достопримечательность привлекает много туристов. Мы сфотографировали достопримечательность.;This is the city's main landmark. The landmark attracts many tourists. We photographed the landmark.;;
1428;travel;4;Nacionalni;Национални;assets/images/words/nacionalni.webp;assets/sounds/words/nacionalni.mp3;Национальный;National;Posetili smo nacionalni park. Ovo je nacionalni praznik. Nacionalna kuhinja je vrlo raznovrsna.;Мы посетили национальный парк. Это национальный праздник. Национальная кухня очень разнообразна.;We visited the national park. This is a national holiday. The national cuisine is very diverse.;;
1429;travel;4;Staza;Стаза;assets/images/words/staza.webp;assets/sounds/words/staza.mp3;Тропа;Trail, path;Ova planinska staza je vrlo lepa. Prošli smo biciklističku stazu. Staza vodi do vodopada.;Эта горная тропа очень красивая. Мы прошли велосипедную дорожку. Тропа ведёт к водопаду.;This mountain trail is very beautiful. We walked along the bike path. The trail leads to a waterfall.;;
1430;travel;4;Banja;Бања;assets/images/words/banja.webp;assets/sounds/words/banja.mp3;Бальнеологический курорт (спа);Spa town;Otišli smo u banju na oporavak. Banja je poznata po lekovitoj vodi. Banja privlači starije goste.;Мы поехали на курорт для восстановления. Курорт известен целебной водой. Курорт привлекает пожилых гостей.;We went to a spa town to recover. The spa town is known for its healing water. The spa town attracts older guests.;;
1431;travel;4;Manastir;Манастир;assets/images/words/manastir.webp;assets/sounds/words/manastir.mp3;Монастырь;Monastery;Posetili smo stari manastir. Manastir je izgrađen u srednjem veku. Manastir je mesto mira.;Мы посетили старый монастырь. Монастырь построен в средневековье. Монастырь — место покоя.;We visited an old monastery. The monastery was built in the Middle Ages. The monastery is a place of peace.;;
1432;travel;4;Kulturni;Културни;assets/images/words/kulturni.webp;assets/sounds/words/kulturni.mp3;Культурный;Cultural;Grad ima bogato kulturno nasleđe. Posetili smo kulturni centar. Kulturni događaji se održavaju svakog leta.;Город имеет богатое культурное наследие. Мы посетили культурный центр. Культурные мероприятия проходят каждое лето.;The city has a rich cultural heritage. We visited the cultural center. Cultural events are held every summer.;;
1433;travel;4;Festival;Фестивал;assets/images/words/festival.webp;assets/sounds/words/festival.mp3;Фестиваль;Festival;Festival muzike traje tri dana. Posetili smo lokalni festival. Festival privlači turiste iz celog sveta.;Музыкальный фестиваль длится три дня. Мы посетили местный фестиваль. Фестиваль привлекает туристов со всего мира.;The music festival lasts three days. We attended a local festival. The festival attracts tourists from all over the world.;;
1434;travel;4;Razmena valute;Размена валуте;assets/images/words/razmena_valute.webp;assets/sounds/words/razmena_valute.mp3;Обмен валюты;Currency exchange;Uradio sam razmenu valute u banci. Razmena valute je povoljnija u gradu. Razmena valute traje nekoliko minuta.;Я сделал обмен валюты в банке. Обмен валюты выгоднее в городе. Обмен валюты занимает несколько минут.;I did a currency exchange at the bank. Currency exchange is better in the city. Currency exchange takes a few minutes.;;
1435;travel;4;Transport;Транспорт;assets/images/words/transport.webp;assets/sounds/words/transport.mp3;Транспорт / перевозка;Transport;Javni transport je vrlo pouzdan. Organizovali smo sopstveni transport do aerodroma. Transport je uključen u cenu aranžmana.;Общественный транспорт очень надёжный. Мы организовали собственный транспорт до аэропорта. Транспорт включён в стоимость тура.;Public transport is very reliable. We arranged our own transport to the airport. Transport is included in the price of the package.;;
1436;travel;4;Individualan;Индивидуалан;assets/images/words/individualan.webp;assets/sounds/words/individualan.mp3;Индивидуальный;Individual;Preferiram individualno putovanje umesto grupnog. Vodič nudi individualne ture. Ovo je individualan program razgledanja.;Я предпочитаю индивидуальное путешествие групповому. Гид предлагает индивидуальные туры. Это индивидуальная программа осмотра.;I prefer individual travel over group travel. The guide offers individual tours. This is an individual sightseeing program.;;
1437;travel;4;Razlika;Разлика;assets/images/words/razlika.webp;assets/sounds/words/razlika.mp3;Разница;Difference;Kakva je razlika između ova dva hotela? Razlika u ceni je velika. Nisam primetio veliku razliku.;Какая разница между этими двумя отелями? Разница в цене большая. Я не заметил большой разницы.;What's the difference between these two hotels? The price difference is significant. I didn't notice much difference.;;
1438;travel;4;Zemlja;Земља;assets/images/words/zemlja.webp;assets/sounds/words/zemlja.mp3;Страна;Country, land;Ova zemlja ima prelepu prirodu. Posetili smo mnoge strane zemlje. Voleo bih da putujem u tu zemlju.;В этой стране прекрасная природа. Мы посетили много зарубежных стран. Я бы хотел поехать в эту страну.;This country has beautiful nature. We've visited many foreign countries. I'd love to travel to that country.;;
1439;travel;4;Selfi;Селфи;assets/images/words/selfi.webp;assets/sounds/words/selfi.mp3;Селфи;Selfie;Napravila je selfi ispred znamenitosti. Volimo da pravimo selfije na putovanjima. Ovaj selfi je ispao odličan.;Она сделала селфи перед достопримечательностью. Мы любим делать селфи в путешествиях. Это селфи получилось отлично.;She took a selfie in front of the landmark. We love taking selfies while traveling. This selfie turned out great.;;
1440;travel;4;Ruta;Рута;assets/images/words/ruta.webp;assets/sounds/words/ruta.mp3;Маршрут;Route;Isplanirali smo rutu putovanja. Ova ruta prolazi kroz planine. Promenili smo rutu zbog radova na putu.;Мы спланировали маршрут поездки. Этот маршрут проходит через горы. Мы изменили маршрут из-за дорожных работ.;We planned the travel route. This route goes through the mountains. We changed the route because of roadworks.;;
1441;travel;4;Poslednji;Последњи;assets/images/words/poslednji.webp;assets/sounds/words/poslednji.mp3;Последний;Last;Ovo je poslednji dan našeg putovanja. Poslednji autobus polazi u ponoć. Poslednja destinacija je bila najlepša.;Это последний день нашего путешествия. Последний автобус отправляется в полночь. Последнее место назначения было самым красивым.;This is the last day of our trip. The last bus leaves at midnight. The last destination was the most beautiful.;;
1442;travel;4;Deklaracija;Декларација;assets/images/words/deklaracija.webp;assets/sounds/words/deklaracija.mp3;Декларация;Declaration;Popunio sam carinsku deklaraciju. Deklaracija je obavezna za veće sume novca. Predao je deklaraciju na granici.;Я заполнил таможенную декларацию. Декларация обязательна для крупных сумм денег. Он подал декларацию на границе.;I filled out a customs declaration. A declaration is mandatory for large sums of money. He submitted the declaration at the border.;;
1443;travel;4;Inostranstvo;Иностранство;assets/images/words/inostranstvo.webp;assets/sounds/words/inostranstvo.mp3;Заграница;Abroad, foreign countries;Putujemo u inostranstvo svake godine. Studirao je u inostranstvu tri godine. Rad u inostranstvu je veliko iskustvo.;Мы каждый год ездим за границу. Он учился за границей три года. Работа за границей — большой опыт.;We travel abroad every year. He studied abroad for three years. Working abroad is a great experience.;;
1444;travel;4;Dron;Дрон;assets/images/words/dron.webp;assets/sounds/words/dron.mp3;Дрон;Drone;Snimio je plažu dronom. Dron je zabranjen u ovom parku. Kupio sam nov dron za putovanja.;Он снял пляж на дрон. Дрон запрещён в этом парке. Я купил новый дрон для путешествий.;He filmed the beach with a drone. Drones are banned in this park. I bought a new drone for travel.;;
1445;travel;4;Nasleđe;Наслеђе;assets/images/words/nasledje.webp;assets/sounds/words/nasledje.mp3;Наследие;Heritage;Ovaj grad ima bogato kulturno nasleđe. Nasleđe predaka se čuva u muzeju. Zaštita prirodnog nasleđa je vrlo važna.;У этого города богатое культурное наследие. Наследие предков хранится в музее. Защита природного наследия очень важна.;This city has rich cultural heritage. The heritage of ancestors is kept in the museum. Protecting natural heritage is very important.;;
675;work;4;Pregovori;Преговори;assets/images/words/pregovori.webp;assets/sounds/words/pregovori.mp3;Переговоры;Negotiations;Pregovori su trajali ceo dan. Pregovori su uspešno završeni. Nastavljamo pregovore sutra.;Переговоры длились весь день. Переговоры успешно завершены. Мы продолжим переговоры завтра.;The negotiations lasted all day. The negotiations were successfully concluded. We'll continue negotiations tomorrow.;;
676;work;4;Cilj;Циљ;assets/images/words/cilj.webp;assets/sounds/words/cilj.mp3;Цель;Goal;Postavio sam jasan cilj. Cilj je povećati prodaju. Ostvarili smo naš cilj.;Я поставил чёткую цель. Цель — увеличить продажи. Мы достигли нашей цели.;I set a clear goal. The goal is to increase sales. We achieved our goal.;;
677;work;4;Analiza;Анализа;assets/images/words/analiza.webp;assets/sounds/words/analiza.mp3;Анализ;Analysis;Uradio sam analizu tržišta. Analiza pokazuje pozitivan trend. Analiza je trajala nedelju dana.;Я провёл анализ рынка. Анализ показывает положительную тенденцию. Анализ длился неделю.;I did a market analysis. The analysis shows a positive trend. The analysis took a week.;;
678;work;4;Rashod;Расход;assets/images/words/rashod.webp;assets/sounds/words/rashod.mp3;Расход / затраты;Expenditure;Rashod je veći od prihoda. Smanjili smo mesečni rashod. Rashod je pažljivo isplaniran.;Расходы больше доходов. Мы сократили ежемесячные расходы. Расходы тщательно спланированы.;The expenditure exceeds the income. We reduced the monthly expenditure. The expenditure is carefully planned.;;
679;work;4;Sredina;Средина;assets/images/words/sredina.webp;assets/sounds/words/sredina.mp3;Среда (окружение) / середина;Environment, middle;Radna sredina je vrlo prijatna. Nalazi se u sredini grada. Voli da radi u timskoj sredini.;Рабочая среда очень приятная. Он находится в центре города. Она любит работать в командной среде.;The work environment is very pleasant. It's located in the middle of the city. She likes working in a team environment.;;
680;work;4;Motivacija;Мотивација;assets/images/words/motivacija.webp;assets/sounds/words/motivacija.mp3;Мотивация;Motivation;Nedostaje mi motivacija. Motivacija tima je visoka. Šef nam podiže motivaciju.;Мне не хватает мотивации. Мотивация команды высока. Начальник поднимает нашу мотивацию.;I lack motivation. The team's motivation is high. The boss boosts our motivation.;;
681;work;4;Stres;Стрес;assets/images/words/stres.webp;assets/sounds/words/stres.mp3;Стресс;Stress;Posao mi izaziva mnogo stresa. Pokušavam da smanjim stres vežbanjem. Stres utiče na zdravlje.;Работа вызывает у меня много стресса. Я пытаюсь снизить стресс с помощью упражнений. Стресс влияет на здоровье.;My job causes me a lot of stress. I try to reduce stress through exercise. Stress affects health.;;
682;work;4;Referenca;Референца;assets/images/words/referenca.webp;assets/sounds/words/referenca.mp3;Рекомендация / ссылка;Reference;Priložio sam referencu bivšeg šefa. Treba mi referenca za posao. Referenca je bila odlična.;Я приложил рекомендацию от бывшего начальника. Мне нужна рекомендация для работы. Рекомендация была отличной.;I attached a reference from my former boss. I need a reference for the job. The reference was excellent.;;
683;work;4;Portfolio;Портфолио;assets/images/words/portfolio.webp;assets/sounds/words/portfolio.mp3;Портфолио;Portfolio;Poslao sam svoj portfolio. Portfolio prikazuje moje radove. Napravio sam nov portfolio.;Я отправил своё портфолио. Портфолио показывает мои работы. Я создал новое портфолио.;I sent my portfolio. The portfolio shows my work. I made a new portfolio.;;
684;work;4;Mentor;Ментор;assets/images/words/mentor.webp;assets/sounds/words/mentor.mp3;Наставник;Mentor;Imam odličnog mentora. Mentor mi pomaže da napredujem. Postao sam mentor mlađim kolegama.;У меня отличный наставник. Наставник помогает мне развиваться. Я стал наставником для младших коллег.;I have a great mentor. The mentor helps me grow. I became a mentor to junior colleagues.;;
685;work;4;Projekat;Пројекат;assets/images/words/projekat.webp;assets/sounds/words/projekat.mp3;Проект;Project;Radimo na novom projektu. Projekat treba da bude gotov do petka. Ovaj projekat je veoma zanimljiv.;Мы работаем над новым проектом. Проект должен быть готов к пятнице. Этот проект очень интересный.;We're working on a new project. The project needs to be finished by Friday. This project is very interesting.;;
686;work;4;Atmosfera;Атмосфера;assets/images/words/atmosfera.webp;assets/sounds/words/atmosfera.mp3;Атмосфера;Atmosphere;Atmosfera na poslu je prijatna. Volim opuštenu atmosferu u kancelariji. Atmosfera na zabavi je bila odlična.;Атмосфера на работе приятная. Мне нравится расслабленная атмосфера в офисе. Атмосфера на вечеринке была отличной.;The atmosphere at work is pleasant. I like the relaxed atmosphere in the office. The atmosphere at the party was great.;;
687;work;4;Bonus;Бонус;assets/images/words/bonus.webp;assets/sounds/words/bonus.mp3;Бонус;Bonus;Dobio sam bonus za dobar rad. Bonus se isplaćuje na kraju godine. Bonus je zavisio od učinka.;Я получил бонус за хорошую работу. Бонус выплачивается в конце года. Бонус зависел от результатов.;I got a bonus for good work. The bonus is paid at the end of the year. The bonus depended on performance.;;
688;work;4;Direktor;Директор;assets/images/words/direktor.webp;assets/sounds/words/direktor.mp3;Директор;Director;Direktor je sazvao sastanak. Postao je direktor prošle godine. Direktor je zadovoljan rezultatima.;Директор созвал встречу. Он стал директором в прошлом году. Директор доволен результатами.;The director called a meeting. He became director last year. The director is satisfied with the results.;;
689;work;4;Dosije;Досије;assets/images/words/dosije.webp;assets/sounds/words/dosije.mp3;Досье;File / dossier;Moj dosije je kod kadrovske službe. Ažurirao sam svoj dosije. Dosije sadrži sve dokumente.;Моё досье в отделе кадров. Я обновил своё досье. Досье содержит все документы.;My file is with the HR department. I updated my file. The file contains all the documents.;;
690;work;4;Efikasan;Ефикасан;assets/images/words/efikasan.webp;assets/sounds/words/efikasan.mp3;Эффективный;Efficient;Ovaj metod je efikasan. Postali smo efikasniji. Efikasan rad štedi vreme.;Этот метод эффективен. Мы стали более эффективными. Эффективная работа экономит время.;This method is efficient. We became more efficient. Efficient work saves time.;;
691;work;4;Faktura;Фактура;assets/images/words/faktura.webp;assets/sounds/words/faktura.mp3;Счёт-фактура;Invoice;Poslao sam fakturu klijentu. Faktura nije plaćena. Proveri broj fakture.;Я отправил счёт-фактуру клиенту. Счёт-фактура не оплачена. Проверь номер счёта-фактуры.;I sent the invoice to the client. The invoice hasn't been paid. Check the invoice number.;;
692;work;4;Firma;Фирма;assets/images/words/firma.webp;assets/sounds/words/firma.mp3;Фирма;Firm;Radim u velikoj firmi. Firma zapošljava pedeset ljudi. Firma je osnovana pre deset godina.;Я работаю в крупной фирме. На фирме работает пятьдесят человек. Фирма основана десять лет назад.;I work at a big firm. The firm employs fifty people. The firm was founded ten years ago.;;
693;work;4;Izvestiti;Известити;assets/images/words/izvestiti.webp;assets/sounds/words/izvestiti.mp3;Сообщить;To report;Moram da izvestim šefa. Izvestio sam o problemu. Izvestićemo o napretku sutra.;Мне нужно доложить начальнику. Я сообщил о проблеме. Мы доложим о прогрессе завтра.;I have to report to my boss. I reported the problem. We'll report on progress tomorrow.;;
694;work;4;Izveštaj;Извештај;assets/images/words/izvestaj.webp;assets/sounds/words/izvestaj.mp3;Отчёт;Report;Napisao sam izveštaj o radu. Izveštaj je poslat na vreme. Pripremam mesečni izveštaj.;Я написал отчёт о работе. Отчёт отправлен вовремя. Я готовлю ежемесячный отчёт.;I wrote a work report. The report was sent on time. I'm preparing the monthly report.;;
695;work;4;Kolega;Колега;assets/images/words/kolega.webp;assets/sounds/words/kolega.mp3;Коллега;Colleague;Moj kolega je otišao na odmor. Radim sa dobrim kolegama. Kolega mi je pomogao sa zadatkom.;Мой коллега ушёл в отпуск. Я работаю с хорошими коллегами. Коллега помог мне с заданием.;My colleague went on vacation. I work with good colleagues. My colleague helped me with the task.;;
696;work;4;Kopirati;Копирати;assets/images/words/kopirati.webp;assets/sounds/words/kopirati.mp3;Копировать;To copy;Kopiraj ovaj dokument. Kopirala sam fajlove na disk. Ne kopiraj tuđi rad.;Скопируй этот документ. Я скопировала файлы на диск. Не копируй чужую работу.;Copy this document. I copied the files to a disk. Don't copy someone else's work.;;
697;work;4;Kvalifikacija;Квалификација;assets/images/words/kvalifikacija.webp;assets/sounds/words/kvalifikacija.mp3;Квалификация;Qualification;Imam potrebnu kvalifikaciju. Kvalifikacija se stiče godinama. Firma traži visoku kvalifikaciju.;У меня есть необходимая квалификация. Квалификация приобретается годами. Компания требует высокую квалификацию.;I have the required qualification. Qualification is gained over the years. The company requires high qualification.;;
698;work;4;Nadležan;Надлежан;assets/images/words/nadlezan.webp;assets/sounds/words/nadlezan.mp3;Ответственный / компетентный;Responsible / in charge;Ko je nadležan za ovaj projekat? On je nadležan za finansije. Nadležna osoba će vas kontaktirati.;Кто отвечает за этот проект? Он отвечает за финансы. Ответственное лицо свяжется с вами.;Who is in charge of this project? He's responsible for finances. The person in charge will contact you.;;
699;work;4;Obaveza;Обавеза;assets/images/words/obaveza.webp;assets/sounds/words/obaveza.mp3;Обязанность;Obligation;Ovo je moja obaveza. Ispunio sam svoje obaveze. Obaveza prema klijentu je važna.;Это моя обязанность. Я выполнил свои обязанности. Обязательство перед клиентом важно.;This is my obligation. I fulfilled my obligations. The obligation to the client is important.;;
700;work;4;Odbor;Одбор;assets/images/words/odbor.webp;assets/sounds/words/odbor.mp3;Комитет;Committee;Odbor je doneo odluku. Sastanak odbora je sutra. Odbor ima sedam članova.;Комитет принял решение. Заседание комитета завтра. В комитете семь членов.;The committee made a decision. The committee meeting is tomorrow. The committee has seven members.;;
701;work;4;Odsustvo;Одсуство;assets/images/words/odsustvo.webp;assets/sounds/words/odsustvo.mp3;Отсутствие / отгул;Absence / leave;Prijavio sam odsustvo zbog bolesti. Odsustvo je odobreno. Odsustvo sa posla traje nedelju dana.;Я сообщил об отсутствии по болезни. Отгул согласован. Отсутствие на работе длится неделю.;I reported my absence due to illness. The absence was approved. The absence from work lasts a week.;;
702;work;4;Osoblje;Особље;assets/images/words/osoblje.webp;assets/sounds/words/osoblje.mp3;Персонал;Staff;Osoblje je ljubazno. Firma ima dvadeset zaposlenih u osoblju. Osoblje je prošlo obuku.;Персонал дружелюбный. В штате компании двадцать сотрудников. Персонал прошёл обучение.;The staff is friendly. The company has twenty staff members. The staff underwent training.;;
703;work;4;Ostavka;Оставка;assets/images/words/ostavka.webp;assets/sounds/words/ostavka.mp3;Отставка;Resignation;Podneo je ostavku juče. Ostavka je prihvaćena. Razmišljam o ostavci.;Он подал в отставку вчера. Отставка принята. Я думаю об отставке.;He submitted his resignation yesterday. The resignation was accepted. I'm thinking about resigning.;;
704;work;4;Otkaz;Отказ;assets/images/words/otkaz.webp;assets/sounds/words/otkaz.mp3;Увольнение;Dismissal;Dobio je otkaz juče. Otkaz je bio neočekivan. Zaštita od otkaza je zakonom regulisana.;Вчера его уволили. Увольнение было неожиданным. Защита от увольнения регулируется законом.;He was dismissed yesterday. The dismissal was unexpected. Protection from dismissal is regulated by law.;;
705;work;4;Partner;Партнер;assets/images/words/partner.webp;assets/sounds/words/partner.mp3;Партнёр;Partner;On je moj partner u firmi. Tražimo novog partnera. Partner je uložio novac u projekat.;Он мой партнёр по фирме. Мы ищем нового партнёра. Партнёр вложил деньги в проект.;He's my partner in the firm. We're looking for a new partner. The partner invested money in the project.;;
706;work;4;Plata;Плата;assets/images/words/plata.webp;assets/sounds/words/plata.mp3;Зарплата;Salary;Plata stiže petog u mesecu. Plata je porasla ove godine. Pregovarao sam o plati.;Зарплата приходит пятого числа. Зарплата выросла в этом году. Я вёл переговоры о зарплате.;The salary arrives on the fifth. The salary has increased this year. I negotiated my salary.;;
707;work;4;Podrška;Подршка;assets/images/words/podrska.webp;assets/sounds/words/podrska.mp3;Поддержка;Support;Cenim podršku tima. Firma pruža podršku zaposlenima. Zatražio sam podršku od menadžera.;Я ценю поддержку команды. Компания оказывает поддержку сотрудникам. Я попросил поддержки у менеджера.;I appreciate the team's support. The company provides support to employees. I asked the manager for support.;;
708;work;4;Poslodavac;Послодавац;assets/images/words/poslodavac.webp;assets/sounds/words/poslodavac.mp3;Работодатель;Employer;Moj poslodavac je pravedan. Poslodavac nudi dobre uslove. Razgovarao sam sa poslodavcem o plati.;Мой работодатель справедлив. Работодатель предлагает хорошие условия. Я поговорил с работодателем о зарплате.;My employer is fair. The employer offers good conditions. I talked to my employer about the salary.;;
709;work;4;Praksa;Пракса;assets/images/words/praksa.webp;assets/sounds/words/praksa.mp3;Практика;Internship / practice;Obavljam praksu u kompaniji. Praksa traje tri meseca. Praksa mi je dala vredno iskustvo.;Я прохожу практику в компании. Практика длится три месяца. Практика дала мне ценный опыт.;I'm doing an internship at the company. The internship lasts three months. The internship gave me valuable experience.;;
710;work;4;Predati;Предати;assets/images/words/predati.webp;assets/sounds/words/predati.mp3;Подать;To submit;Predao sam izveštaj na vreme. Moram da predam projekat sutra. Predala je molbu za posao.;Я сдал отчёт вовремя. Мне нужно сдать проект завтра. Она подала заявление на работу.;I submitted the report on time. I have to submit the project tomorrow. She submitted a job application.;;
711;work;4;Produktivan;Продуктиван;assets/images/words/produktivan.webp;assets/sounds/words/produktivan.mp3;Продуктивный;Productive;Danas sam bio veoma produktivan. Tim je produktivan i posvećen. Produktivan rad daje dobre rezultate.;Сегодня я был очень продуктивным. Команда продуктивная и преданная делу. Продуктивная работа даёт хорошие результаты.;I was very productive today. The team is productive and dedicated. Productive work yields good results.;;
712;work;4;Radnik;Радник;assets/images/words/radnik.webp;assets/sounds/words/radnik.mp3;Рабочий;Worker;Radnik je završio posao na vreme. Firma zapošljava sto radnika. Radnik je zadovoljan uslovima.;Рабочий закончил работу вовремя. Компания нанимает сто рабочих. Рабочий доволен условиями.;The worker finished the job on time. The company employs a hundred workers. The worker is satisfied with the conditions.;;
713;work;4;Rukovodilac;Руководилац;assets/images/words/rukovodilac.webp;assets/sounds/words/rukovodilac.mp3;Руководитель;Manager;On je rukovodilac odeljenja. Rukovodilac je odobrio plan. Postao je rukovodilac tima.;Он руководитель отдела. Руководитель одобрил план. Он стал руководителем команды.;He's the department manager. The manager approved the plan. He became the team manager.;;
714;work;4;Ugovor;Уговор;assets/images/words/ugovor.webp;assets/sounds/words/ugovor.mp3;Договор;Contract;Potpisao sam ugovor. Ugovor ističe za godinu dana. Pročitajte ugovor pažljivo.;Я подписал договор. Договор истекает через год. Внимательно прочитайте договор.;I signed the contract. The contract expires in a year. Read the contract carefully.;;
715;work;4;Zaposlen;Запослен;assets/images/words/zaposlen.webp;assets/sounds/words/zaposlen.mp3;Трудоустроенный;Employed;On je zaposlen u banci. Sada sam zaposlen puno radno vreme. Zaposlena je u velikoj kompaniji.;Он трудоустроен в банке. Сейчас я трудоустроен на полную ставку. Она трудоустроена в крупной компании.;He's employed at a bank. I'm now employed full-time. She's employed at a large company.;;
716;work;4;Zaposlenje;Запослење;assets/images/words/zaposlenje.webp;assets/sounds/words/zaposlenje.mp3;Трудоустройство;Employment;Tražim zaposlenje već mesec dana. Zaposlenje je pronašao brzo. Agencija pomaže sa zaposlenjem.;Я ищу трудоустройство уже месяц. Он быстро нашёл трудоустройство. Агентство помогает с трудоустройством.;I've been looking for employment for a month. He found employment quickly. The agency helps with employment.;;
717;work;4;Zaposliti;Запослити;assets/images/words/zaposliti.webp;assets/sounds/words/zaposliti.mp3;Нанять;To employ;Firma je zaposlila novog radnika. Odlučili smo da zaposlimo još ljudi. Zaposlili su je odmah posle intervjua.;Компания наняла нового работника. Мы решили нанять ещё людей. Её наняли сразу после собеседования.;The company employed a new worker. We decided to employ more people. They hired her right after the interview.;;
718;work;4;Šef;Шеф;assets/images/words/sef.webp;assets/sounds/words/sef.mp3;Начальник;Boss;Moj šef je strog ali pravedan. Razgovarao sam sa šefom o plati. Šef je pohvalio moj rad.;Мой начальник строгий, но справедливый. Я поговорил с начальником о зарплате. Начальник похвалил мою работу.;My boss is strict but fair. I talked to my boss about the salary. The boss praised my work.;;
719;work;4;Šefica;Шефица;assets/images/words/sefica.webp;assets/sounds/words/sefica.mp3;Начальница;Female boss;Moja šefica je vrlo organizovana. Šefica je odobrila moj odmor. Radim za novu šeficu.;Моя начальница очень организованная. Начальница одобрила мой отпуск. Я работаю на новую начальницу.;My boss is very organized. The boss approved my vacation. I work for a new boss.;;
2248;art;5;Platno;Платно;assets/images/words/platno.webp;assets/sounds/words/platno.mp3;Холст;Canvas;Umetnik je naneo boju na platno. Platno je bilo veliko i belo. Kupila je platno za novu sliku.;Художник нанёс краску на холст. Холст был большим и белым. Она купила холст для новой картины.;The artist applied paint to the canvas. The canvas was large and white. She bought a canvas for a new painting.;;
2249;art;5;Potez;Потез;assets/images/words/potez.webp;assets/sounds/words/potez.mp3;Ход;Move, stroke;Slikar je napravio smeo potez četkicom. Ovaj potez u šahu je bio genijalan. Njegov sledeći potez iznenadio je sve.;Художник сделал смелый мазок кистью. Этот ход в шахматах был гениальным. Его следующий ход всех удивил.;The painter made a bold brushstroke. This chess move was brilliant. His next move surprised everyone.;;
2250;art;5;Ram;Рам;assets/images/words/ram.webp;assets/sounds/words/ram.mp3;Рама;Frame;Slika je stavljena u zlatni ram. Kupio je novi ram za fotografiju. Ram oko slike je bio star i izrezbaren.;Картину поместили в золотую раму. Он купил новую рамку для фотографии. Рама вокруг картины была старой и резной.;The painting was placed in a gold frame. He bought a new frame for the photo. The frame around the painting was old and carved.;;
2251;art;5;Recenzija;Рецензија;assets/images/words/recenzija.webp;assets/sounds/words/recenzija.mp3;Рецензия;Review;Recenzija filma je bila pozitivna. Pročitala sam recenziju pre nego što sam kupila knjigu. Kritičar je napisao oštru recenziju predstave.;Рецензия на фильм была положительной. Я прочитала рецензию перед тем, как купить книгу. Критик написал резкую рецензию на спектакль.;The movie review was positive. I read the review before buying the book. The critic wrote a harsh review of the performance.;;
2252;art;5;Roman;Роман;assets/images/words/roman.webp;assets/sounds/words/roman.mp3;Роман;Novel;Čitam njegov najnoviji roman. Ovaj roman je preveden na deset jezika. Napisala je svoj prvi roman u dvadesetoj godini.;Я читаю его новейший роман. Этот роман переведён на десять языков. Она написала свой первый роман в двадцать лет.;I'm reading his latest novel. This novel has been translated into ten languages. She wrote her first novel at twenty.;;
2253;art;5;Skulptura;Скулптура;assets/images/words/skulptura.webp;assets/sounds/words/skulptura.mp3;Скульптура;Sculpture;Skulptura stoji u centru trga. Ova skulptura je napravljena od mermera. Umetnik je godinama radio na ovoj skulpturi.;Скульптура стоит в центре площади. Эта скульптура сделана из мрамора. Художник работал над этой скульптурой много лет.;The sculpture stands in the center of the square. This sculpture is made of marble. The artist worked on this sculpture for years.;;
2254;art;5;Tumačiti;Тумачити;assets/images/words/tumaciti.webp;assets/sounds/words/tumaciti.mp3;Толковать;To interpret;Kritičari različito tumače ovo delo. Teško je tumačiti njegovu poeziju. Svako tumači sliku na svoj način.;Критики по-разному интерпретируют это произведение. Его поэзию трудно интерпретировать. Каждый интерпретирует картину по-своему.;Critics interpret this work differently. His poetry is hard to interpret. Everyone interprets the painting in their own way.;;
2255;art;5;Vajar;Вајар;assets/images/words/vajar.webp;assets/sounds/words/vajar.mp3;Скульптор;Sculptor;Vajar je proveo mesece radeći na skulpturi. Poznati vajar je izložio svoja dela. Postao je vajar posle studija umetnosti.;Скульптор месяцами работал над скульптурой. Известный скульптор выставил свои работы. Он стал скульптором после изучения искусства.;The sculptor spent months working on the sculpture. A famous sculptor exhibited his works. He became a sculptor after studying art.;;
2256;art;5;Dirljiv;Дирљив;assets/images/words/dirljiv.webp;assets/sounds/words/dirljiv.mp3;Трогательный;Touching / moving;Priča je bila veoma dirljiva. Njen govor je bio iskren i dirljiv. Ovo je dirljiv trenutak za celu porodicu.;История была очень трогательной. Её речь была искренней и трогательной. Это трогательный момент для всей семьи.;The story was very touching. Her speech was sincere and moving. This is a touching moment for the whole family.;;
2257;art;5;Glumac;Глумац;assets/images/words/glumac.webp;assets/sounds/words/glumac.mp3;Актёр;Actor;Glumac je odigrao ulogu savršeno. Postao je poznat glumac posle ovog filma. Glumac je vežbao tekst danima.;Актёр сыграл роль превосходно. Он стал известным актёром после этого фильма. Актёр репетировал текст несколько дней.;The actor played the role perfectly. He became a famous actor after this movie. The actor rehearsed the lines for days.;;
2258;art;5;Književnost;Књижевност;assets/images/words/knjizevnost.webp;assets/sounds/words/knjizevnost.mp3;Литература;Literature;Studira književnost na fakultetu. Srpska književnost ima bogatu tradiciju. Voli klasičnu književnost više od moderne.;Он изучает литературу в университете. Сербская литература имеет богатую традицию. Он любит классическую литературу больше, чем современную.;He studies literature at university. Serbian literature has a rich tradition. He likes classic literature more than modern.;;
2259;art;5;Nadahnuće;Надахнуће;assets/images/words/nadahnuce.webp;assets/sounds/words/nadahnuce.mp3;Вдохновение;Inspiration;Priroda mu je izvor nadahnuća. Tražila je nadahnuće za novi roman. Nadahnuće je došlo iznenada, usred noći.;Природа — источник его вдохновения. Она искала вдохновение для нового романа. Вдохновение пришло внезапно, среди ночи.;Nature is his source of inspiration. She was looking for inspiration for a new novel. Inspiration came suddenly, in the middle of the night.;;
2260;art;5;Reditelj;Редитељ;assets/images/words/reditelj.webp;assets/sounds/words/reditelj.mp3;Режиссёр;Director;Reditelj je snimio nagrađivani film. Poznati reditelj je najavio novi projekat. Reditelj je radio sa glumcima mesecima.;Режиссёр снял отмеченный наградами фильм. Известный режиссёр анонсировал новый проект. Режиссёр работал с актёрами месяцами.;The director made an award-winning film. A famous director announced a new project. The director worked with the actors for months.;;
2261;art;5;Stvaralaštvo;Стваралаштво;assets/images/words/stvaralastvo.webp;assets/sounds/words/stvaralastvo.mp3;Творчество;Creativity / creative work;Njeno stvaralaštvo je prepoznato širom sveta. Stvaralaštvo zahteva vreme i strpljenje. Ovo je vrhunac njegovog umetničkog stvaralaštva.;Её творчество признано во всём мире. Творчество требует времени и терпения. Это вершина его художественного творчества.;Her creative work is recognized worldwide. Creativity requires time and patience. This is the pinnacle of his artistic creative work.;;
2262;art;5;Umetnost;Уметност;assets/images/words/umetnost.webp;assets/sounds/words/umetnost.mp3;Искусство;Art;Umetnost me je oduvek fascinirala. Ova galerija čuva savremenu umetnost. Studirala je istoriju umetnosti.;Искусство всегда меня завораживало. Эта галерея хранит современное искусство. Она изучала историю искусства.;Art has always fascinated me. This gallery holds contemporary art. She studied art history.;;
2263;art;5;Četkica;Четкица;assets/images/words/cetkica.webp;assets/sounds/words/cetkica.mp3;Кисточка;Small brush;Koristi tanku četkicu za detalje. Očistila je četkicu posle slikanja. Ova četkica je za akvarel.;Используй тонкую кисточку для деталей. Она почистила кисточку после рисования. Эта кисточка для акварели.;Use a thin brush for the details. She cleaned the brush after painting. This brush is for watercolor.;;
1350;MUP;5;Važenje;Важење;assets/images/words/vazenje.webp;assets/sounds/words/vazenje.mp3;Срок действия / действительность;Validity;Rok važenja pasoša ističe sledeće godine. Provera važenja vize je obavezna. Dozvola gubi važenje posle godinu dana.;Срок действия паспорта истекает в следующем году. Проверка действительности визы обязательна. Разрешение теряет силу через год.;The passport's validity expires next year. Checking the visa's validity is mandatory. The permit loses validity after one year.;;
1351;MUP;5;Istek;Истек;assets/images/words/istek.webp;assets/sounds/words/istek.mp3;Истечение;Expiration;Istek boravišne dozvole je za mesec dana. Nakon isteka roka, mora se obnoviti dokument. Primetio je istek vize kasno.;Срок действия вида на жительство истекает через месяц. После истечения срока документ нужно обновить. Он поздно заметил истечение визы.;The expiration of the residence permit is in a month. After the expiration of the deadline, the document must be renewed. He noticed the visa expiration too late.;;
1352;MUP;5;Ponovan;Понован;assets/images/words/ponovan.webp;assets/sounds/words/ponovan.mp3;Повторный;Repeated;Podneo je ponovan zahtev za vizu. Ponovan pregled dokumenata je bio potreban. Ponovan pokušaj je bio uspešan.;Он подал повторное заявление на визу. Потребовалась повторная проверка документов. Повторная попытка была успешной.;He submitted a repeated visa application. A repeated review of documents was necessary. The repeated attempt was successful.;;
1353;MUP;5;Matičan;Матичан;assets/images/words/matican.webp;assets/sounds/words/matican.mp3;Регистрационный / личный (номер);Registration (adj.);Matični broj se nalazi na ličnoj karti. Matična knjiga rođenih se čuva u opštini. Prijavio je promenu matičnih podataka.;Личный номер указан в удостоверении личности. Книга регистрации рождений хранится в муниципалитете. Он сообщил об изменении регистрационных данных.;The personal ID number is on the ID card. The birth registry is kept at the municipality. He reported a change in registration data.;;
1354;MUP;5;Studiranje;Студирање;assets/images/words/studiranje.webp;assets/sounds/words/studiranje.mp3;Учёба;Studying (university);Dozvola za studiranje se izdaje na godinu dana. Studiranje u inostranstvu je veliko iskustvo. Prijavio se za studiranje na fakultetu.;Разрешение на обучение выдаётся на год. Учёба за границей — большой опыт. Он подал заявку на учёбу в университете.;A study permit is issued for one year. Studying abroad is a great experience. He applied to study at the university.;;
1355;MUP;5;Spajanje;Спајање;assets/images/words/spajanje.webp;assets/sounds/words/spajanje.mp3;Соединение / объединение / воссоединение;Joining, union;Podneo je zahtev za spajanje porodice. Spajanje dokumenata je trajalo dugo. Spajanje računa nije bilo moguće.;Он подал заявление на воссоединение семьи. Объединение документов заняло много времени. Объединение счетов было невозможно.;He submitted a request for family reunification. Merging the documents took a long time. Merging the accounts wasn't possible.;;
1356;MUP;5;Prevod;Превод;assets/images/words/prevod.webp;assets/sounds/words/prevod.mp3;Перевод;Translation;Potreban je overen prevod dokumenata. Prevod diplome mora biti sudski. Naručio sam prevod ugovora.;Нужен заверенный перевод документов. Перевод диплома должен быть присяжным. Я заказал перевод договора.;A certified translation of the documents is required. The diploma translation must be a sworn translation. I ordered a translation of the contract.;;
1357;MUP;5;Tumač;Тумач;assets/images/words/tumac.webp;assets/sounds/words/tumac.mp3;Переводчик;Interpreter, translator;Sudski tumač je preveo dokumenta. Angažovali smo tumača za sastanak. Tumač za srpski jezik je bio dostupan.;Судебный переводчик перевёл документы. Мы наняли переводчика для встречи. Был доступен переводчик сербского языка.;A court interpreter translated the documents. We hired an interpreter for the meeting. A Serbian language interpreter was available.;;
1358;MUP;5;Apostille;Апостилле;assets/images/words/apostille.webp;assets/sounds/words/apostille.mp3;Апостиль;Apostille;Dokument treba apostille pečat. Apostille se izdaje u sudu. Apostille potvrđuje autentičnost dokumenta.;На документ нужен апостиль. Апостиль выдаётся в суде. Апостиль подтверждает подлинность документа.;The document needs an apostille. The apostille is issued at court. The apostille confirms the authenticity of the document.;;
1359;MUP;5;Duplikat;Дупликат;assets/images/words/duplikat.webp;assets/sounds/words/duplikat.mp3;Дубликат;Duplicate;Zatražio sam duplikat lične karte. Duplikat dokumenta se izdaje uz naknadu. Napravio sam duplikat ključa.;Я запросил дубликат удостоверения личности. Дубликат документа выдаётся за плату. Я сделал дубликат ключа.;I requested a duplicate ID card. A duplicate document is issued for a fee. I made a duplicate key.;;
1360;MUP;5;Predaja;Предаја;assets/images/words/predaja.webp;assets/sounds/words/predaja.mp3;Подача / сдача;Submission, handing in;Predaja dokumenata je do petka. Predaja zahteva se vrši lično. Rok za predaju je produžen.;Подача документов до пятницы. Подача заявления осуществляется лично. Срок подачи был продлён.;Document submission is until Friday. Applications are submitted in person. The submission deadline was extended.;;
1361;MUP;5;Provera;Провера;assets/images/words/provera.webp;assets/sounds/words/provera.mp3;Проверка;Check, verification;Provera dokumenata traje nekoliko minuta. Bezbednosna provera je obavezna. Provera podataka je pokazala grešku.;Проверка документов занимает несколько минут. Проверка безопасности обязательна. Проверка данных показала ошибку.;Document verification takes a few minutes. A security check is mandatory. The data check revealed an error.;;
1362;MUP;5;Klauzula;Клаузула;assets/images/words/klauzula.webp;assets/sounds/words/klauzula.mp3;Пункт (договора) / оговорка;Clause;Ova klauzula je nejasna. Pročitajte klauzulu pažljivo. Klauzula se odnosi na plaćanje.;Этот пункт неясен. Внимательно прочитайте пункт. Пункт касается оплаты.;This clause is unclear. Read the clause carefully. The clause concerns payment.;;
1363;MUP;5;Obavezujući;Обавезујући;assets/images/words/obavezujuci.webp;assets/sounds/words/obavezujuci.mp3;Обязывающий;Binding;Ugovor je pravno obavezujući. Ovo je obavezujuća odluka. Sporazum je obavezujući za obe strane.;Договор юридически обязывающий. Это обязывающее решение. Соглашение обязательно для обеих сторон.;The contract is legally binding. This is a binding decision. The agreement is binding on both parties.;;
1364;MUP;5;Odredba;Одредба;assets/images/words/odredba.webp;assets/sounds/words/odredba.mp3;Положение;Provision;Ova odredba zakona je nova. Odredba se odnosi na strance. Pročitajte odredbu pažljivo.;Это положение закона новое. Положение касается иностранцев. Внимательно прочитайте положение.;This provision of the law is new. The provision applies to foreigners. Read the provision carefully.;;
1365;MUP;5;Stupiti;Ступити;assets/images/words/stupiti.webp;assets/sounds/words/stupiti.mp3;Вступить;To enter (into force);Novi zakon stupa na snagu sledećeg meseca. Ugovor stupa na snagu danom potpisivanja. Stupio je u kontakt sa ambasadom.;Новый закон вступает в силу в следующем месяце. Договор вступает в силу с даты подписания. Он вступил в контакт с посольством.;The new law takes effect next month. The contract takes effect on the date of signing. He got in touch with the embassy.;;
1366;MUP;5;Ublažiti;Ублажити;assets/images/words/ublaziti.webp;assets/sounds/words/ublaziti.mp3;Смягчить;To mitigate;Sud je odlučio da ublaži kaznu. Pokušali smo da ublažimo posledice. Ublažena je odredba zakona.;Суд решил смягчить наказание. Мы попытались смягчить последствия. Положение закона было смягчено.;The court decided to mitigate the sentence. We tried to mitigate the consequences. The provision of the law was softened.;;
1367;MUP;5;Nostrifikacija;Нострификација;assets/images/words/nostrifikacija.webp;assets/sounds/words/nostrifikacija.mp3;Нострификация;Recognition of foreign diploma;Postupak nostrifikacije diplome traje nekoliko meseci. Podneo je zahtev za nostrifikaciju. Nostrifikacija je neophodna za rad u struci.;Процедура признания диплома занимает несколько месяцев. Он подал заявление на признание диплома. Признание диплома необходимо для работы по специальности.;The diploma recognition procedure takes several months. He submitted a request for diploma recognition. Diploma recognition is necessary to work in the profession.;;
1368;MUP;5;Podnošenje;Подношење;assets/images/words/podnosenje.webp;assets/sounds/words/podnosenje.mp3;Подача;Submission;Podnošenje zahteva se vrši onlajn. Rok za podnošenje prijave je istekao. Podnošenje dokumenata zahteva zakazan termin.;Подача заявления происходит онлайн. Срок подачи заявки истёк. Подача документов требует записи на приём.;Submitting the application is done online. The deadline for submitting the application has expired. Submitting documents requires a scheduled appointment.;;
2347;general;1;Ono;Оно;assets/images/words/ono.webp;assets/sounds/words/ono.mp3;Оно;It (neuter);Ono je malo dete. Selo je lepo i ono je blizu. Ono je moje.;Оно — маленький ребёнок. Село красивое, и оно близко. Оно моё.;It is a small child. The village is nice and it is close. It is mine.;;
2348;general;1;Oni;Они;assets/images/words/oni.webp;assets/sounds/words/oni.mp3;Они;They;Oni su studenti. Oni žive u Beogradu. Gde su oni?;Они студенты. Они живут в Белграде. Где они?;They are students. They live in Belgrade. Where are they?;;
2349;general;1;Sam;Сам;assets/images/words/sam_biti.webp;assets/sounds/words/sam_biti.mp3;(я) есть;(I) am;Grammar. Ja sam student. Umoran sam.;«sam» — форма глагола «biti» (быть) для 1-го лица единственного числа (ja + sam). Я студент. Я устал.;sam is the 1st person singular form of the verb biti (to be) (ja + sam). I am a student. I am tired.;;
2350;general;1;Su;Су;assets/images/words/su.webp;assets/sounds/words/su.mp3;(они) есть;(They) are;Grammar. Oni su ovde. Deca su u školi.;«su» — форма глагола «biti» (быть) для 3-го лица множественного числа (oni/one/ona + su). Они здесь. Дети в школе.;su is the 3rd person plural form of the verb biti (to be) (oni/one/ona + su). They are here. The children are at school.;;
2351;general;1;Nisam;Нисам;assets/images/words/nisam.webp;assets/sounds/words/nisam.mp3;(я) не (есть);I am not;Nisam umoran. Nisam kod kuće. Ja nisam student.;Я не устал. Я не дома. Я не студент.;I am not tired. I am not at home. I am not a student.;;
2352;general;1;Nije;Није;assets/images/words/nije.webp;assets/sounds/words/nije.mp3;(он/она/оно) не (есть);(He/she/it) is not;On nije ovde. Nije hladno. To nije moja torba.;Его здесь нет. Не холодно. Это не моя сумка.;He is not here. It is not cold. That is not my bag.;;
2353;general;1;Ovaj;Овај;assets/images/words/ovaj.webp;assets/sounds/words/ovaj.mp3;Этот;This;Ovaj grad je lep. Ova knjiga je nova. Ovo je moj brat.;Этот город красивый. Эта книга новая. Это мой брат.;This city is beautiful. This book is new. This is my brother.;;
2354;general;1;Taj;Тај;assets/images/words/taj.webp;assets/sounds/words/taj.mp3;Тот (рядом с собеседником);That (near you);Taj sok je hladan. Ta torba je tvoja. To je dobro.;Тот сок холодный. Та сумка твоя. Это хорошо.;That juice is cold. That bag is yours. That is good.;;
2355;general;1;Onaj;Онај;assets/images/words/onaj.webp;assets/sounds/words/onaj.mp3;Тот (вдалеке);That (over there);Onaj most je star. Ona zgrada je visoka. Ono je moje selo.;Тот мост старый. То здание высокое. Вон то — моё село.;That bridge over there is old. That building is tall. That over there is my village.;;
2356;general;1;Moj;Мој;assets/images/words/moj.webp;assets/sounds/words/moj.mp3;Мой;My;Moj brat je visok. Moja sestra živi ovde. Ovo je moje mesto.;Мой брат высокий. Моя сестра живёт здесь. Это моё место.;My brother is tall. My sister lives here. This is my seat.;;
2357;general;1;Tvoj;Твој;assets/images/words/tvoj.webp;assets/sounds/words/tvoj.mp3;Твой;Your (informal);Tvoj telefon je ovde. Gde je tvoja torba? Tvoje ime je lepo.;Твой телефон здесь. Где твоя сумка? Твоё имя красивое.;Your phone is here. Where is your bag? Your name is beautiful.;;
2358;general;1;Njegov;Његов;assets/images/words/njegov.webp;assets/sounds/words/njegov.mp3;Его;His;Njegov auto je nov. Njegova žena je lekar. Ovo je njegovo pismo.;Его машина новая. Его жена врач. Это его письмо.;His car is new. His wife is a doctor. This is his letter.;;
2359;general;1;Njen;Њен;assets/images/words/njen.webp;assets/sounds/words/njen.mp3;Её;Her;Njen brat je student. Njena kuća je velika. Njeno dete spava.;Её брат студент. Её дом большой. Её ребёнок спит.;Her brother is a student. Her house is big. Her child is sleeping.;;
2360;general;1;Naš;Наш;assets/images/words/nas.webp;assets/sounds/words/nas.mp3;Наш;Our;Naš stan je mali. Naša škola je blizu. Ovo je naše selo.;Наша квартира маленькая. Наша школа близко. Это наше село.;Our apartment is small. Our school is close. This is our village.;;
2361;general;1;Vaš;Ваш;assets/images/words/vas.webp;assets/sounds/words/vas.mp3;Ваш;Your (plural / formal);Vaš sto je slobodan. Da li je ovo vaša torba? Kako je vaše ime?;Ваш стол свободен. Это ваша сумка? Как ваше имя?;Your table is free. Is this your bag? What is your name?;;
2362;general;1;Njihov;Њихов;assets/images/words/njihov.webp;assets/sounds/words/njihov.mp3;Их;Their;Njihov sin je mali. Njihova kuća je stara. Njihovo dete ide u školu.;Их сын маленький. Их дом старый. Их ребёнок ходит в школу.;Their son is little. Their house is old. Their child goes to school.;;
2363;general;1;Svoj;Свој;assets/images/words/svoj.webp;assets/sounds/words/svoj.mp3;Свой;One's own;On voli svoj posao. Ona čita svoju knjigu. Svako ima svoje mesto.;Он любит свою работу. Она читает свою книгу. У каждого своё место.;He loves his job. She is reading her book. Everyone has their own place.;;
2364;general;1;Ko;Ко;assets/images/words/ko.webp;assets/sounds/words/ko.mp3;Кто;Who;Ko je to? Ko živi ovde? Ko zna odgovor?;Кто это? Кто здесь живёт? Кто знает ответ?;Who is that? Who lives here? Who knows the answer?;;
2365;general;1;Kada;Када;assets/images/words/kada.webp;assets/sounds/words/kada.mp3;Когда;When;Kada počinje film? Kada ideš kući? Ne znam kada dolazi.;Когда начинается фильм? Когда ты идёшь домой? Не знаю, когда он придёт.;When does the film start? When are you going home? I do not know when he is coming.;;
2366;general;1;Kako;Како;assets/images/words/kako.webp;assets/sounds/words/kako.mp3;Как;How;Kako si? Kako se zoveš? Kako se kaže na srpskom?;Как дела? Как тебя зовут? Как это сказать по-сербски?;How are you? What is your name? How do you say it in Serbian?;;
2367;general;1;Zašto;Зашто;assets/images/words/zasto.webp;assets/sounds/words/zasto.mp3;Почему;Why;Zašto kasniš? Zašto si tužan? Ne znam zašto.;Почему ты опаздываешь? Почему ты грустный? Не знаю почему.;Why are you late? Why are you sad? I do not know why.;;
2368;general;1;Koji;Који;assets/images/words/koji.webp;assets/sounds/words/koji.mp3;Какой / который;Which;Koji autobus ide u centar? Koja je tvoja torba? Koje je ovo mesto?;Какой автобус идёт в центр? Какая сумка твоя? Что это за место?;Which bus goes to the center? Which bag is yours? What place is this?;;
2369;general;1;Čiji;Чији;assets/images/words/ciji.webp;assets/sounds/words/ciji.mp3;Чей;Whose;Čiji je ovo telefon? Čija je ova knjiga? Čije je ovo dete?;Чей это телефон? Чья это книга? Чей это ребёнок?;Whose phone is this? Whose book is this? Whose child is this?;;
2370;general;1;Nemam;Немам;assets/images/words/nemam.webp;assets/sounds/words/nemam.mp3;У меня нет;I do not have;Nemam vremena. Nemam brata. Nemam novca za taksi.;У меня нет времени. У меня нет брата. У меня нет денег на такси.;I do not have time. I do not have a brother. I do not have money for a taxi.;;
2371;general;1;Nula;Нула;assets/images/words/nula.webp;assets/sounds/words/nula.mp3;Ноль;Zero;Broj počinje nulom. Napolju je nula stepeni. Rezultat je dva nula.;Номер начинается с нуля. На улице ноль градусов. Счёт два ноль.;The number starts with zero. It is zero degrees outside. The score is two nil.;;
2372;general;1;Jedanaest;Једанаест;assets/images/words/jedanaest.webp;assets/sounds/words/jedanaest.mp3;Одиннадцать;Eleven;Imam jedanaest godina. Voz kreće u jedanaest sati. U razredu je jedanaest učenika.;Мне одиннадцать лет. Поезд отправляется в одиннадцать часов. В классе одиннадцать учеников.;I am eleven years old. The train leaves at eleven o'clock. There are eleven pupils in the class.;;
2373;general;1;Dvadeset;Двадесет;assets/images/words/dvadeset.webp;assets/sounds/words/dvadeset.mp3;Двадцать;Twenty;Imam dvadeset godina. To košta dvadeset evra. Čekam već dvadeset minuta.;Мне двадцать лет. Это стоит двадцать евро. Я жду уже двадцать минут.;I am twenty years old. It costs twenty euros. I have been waiting for twenty minutes.;;
2374;general;1;Sto;Сто;assets/images/words/sto_broj.webp;assets/sounds/words/sto_broj.mp3;Сто (100);One hundred;Sto dinara je malo. Ovde živi sto ljudi. Do grada ima sto kilometara.;Сто динаров — это мало. Здесь живут сто человек. До города сто километров.;One hundred dinars is not much. One hundred people live here. It is one hundred kilometers to the city.;;
2375;general;1;Ljudi;Људи;assets/images/words/ljudi.webp;assets/sounds/words/ljudi.mp3;Люди;People;Ovde ima mnogo ljudi. Ljudi su ljubazni. Ti ljudi su moji prijatelji.;Здесь много людей. Люди приветливые. Эти люди — мои друзья.;There are many people here. People are kind. Those people are my friends.;;
2376;general;1;Deca;Деца;assets/images/words/deca.webp;assets/sounds/words/deca.mp3;Дети;Children;Deca se igraju u parku. Moja deca idu u školu. Deca vole sladoled.;Дети играют в парке. Мои дети ходят в школу. Дети любят мороженое.;The children are playing in the park. My children go to school. Children love ice cream.;;
2377;general;1;Bez;Без;assets/images/words/bez.webp;assets/sounds/words/bez.mp3;Без;Without;Kafa bez šećera, molim. Ne mogu bez tebe. Ostao sam bez novca.;Кофе без сахара, пожалуйста. Я не могу без тебя. Я остался без денег.;Coffee without sugar, please. I cannot live without you. I am out of money.;;
2378;general;1;Iz;Из;assets/images/words/iz.webp;assets/sounds/words/iz.mp3;Из;From / out of;Ja sam iz Rusije. Izlazim iz kuće. Uzmi vodu iz frižidera.;Я из России. Я выхожу из дома. Возьми воду из холодильника.;I am from Russia. I am leaving the house. Take water from the fridge.;;
2379;general;1;Od;Од;assets/images/words/od.webp;assets/sounds/words/od.mp3;От / из (материала);From / of;Ovo je poklon od mame. Sto je od drveta. Radim od devet do pet.;Это подарок от мамы. Стол из дерева. Я работаю с девяти до пяти.;This is a gift from mom. The table is made of wood. I work from nine to five.;;
2380;general;1;Piti;Пити;assets/images/words/piti.webp;assets/sounds/words/piti.mp3;Пить;To drink;Šta želiš da piješ? Volim da pijem čaj. Moraš piti više vode.;Что ты хочешь пить? Я люблю пить чай. Тебе нужно пить больше воды.;What do you want to drink? I like to drink tea. You need to drink more water.;;
2381;general;1;Selo;Село;assets/images/words/selo.webp;assets/sounds/words/selo.mp3;Село / деревня;Village;Moja baka živi na selu. Selo je malo i mirno. Leti idemo u selo.;Моя бабушка живёт в деревне. Деревня маленькая и тихая. Летом мы ездим в деревню.;My grandmother lives in the countryside. The village is small and quiet. In summer we go to the village.;;
2382;general;1;Otići;Отићи;assets/images/words/otici.webp;assets/sounds/words/otici.mp3;Уйти / уехать;To leave / go away;Moram da odem. On je otišao kući. Sutra ćemo otići na more.;Мне нужно уйти. Он ушёл домой. Завтра мы уедем на море.;I have to go. He went home. Tomorrow we will go to the seaside.;;
2383;general;1;Ući;Ући;assets/images/words/uci.webp;assets/sounds/words/uci.mp3;Войти;To enter;Mogu li da uđem? Uđite, molim vas. Ušao je u sobu.;Можно войти? Входите, пожалуйста. Он вошёл в комнату.;May I come in? Come in, please. He entered the room.;;
2384;general;1;Izaći;Изаћи;assets/images/words/izaci.webp;assets/sounds/words/izaci.mp3;Выйти;To go out / exit;Izaći ću na sledećoj stanici. Hajde da izađemo večeras. Izašla je iz kuće.;Я выйду на следующей остановке. Давай сходим куда-нибудь вечером. Она вышла из дома.;I will get off at the next stop. Let us go out tonight. She left the house.;;
2385;time;1;Juče;Јуче;assets/images/words/juce.webp;assets/sounds/words/juce.mp3;Вчера;Yesterday;Juče sam bio kod kuće. Juče je padala kiša. Gde si bio juče?;Вчера я был дома. Вчера шёл дождь. Где ты был вчера?;Yesterday I was at home. It rained yesterday. Where were you yesterday?;;
2386;time;1;Sutra;Сутра;assets/images/words/sutra.webp;assets/sounds/words/sutra.mp3;Завтра;Tomorrow;Vidimo se sutra. Sutra idem na posao. Šta radiš sutra?;Увидимся завтра. Завтра я иду на работу. Что ты делаешь завтра?;See you tomorrow. Tomorrow I am going to work. What are you doing tomorrow?;;
2387;family;1;Mama;Мама;assets/images/words/mama.webp;assets/sounds/words/mama.mp3;Мама;Mom;Moja mama je lekar. Mama kuva ručak. Volim te, mama.;Моя мама врач. Мама готовит обед. Я люблю тебя, мама.;My mom is a doctor. Mom is cooking lunch. I love you, mom.;;
2388;family;1;Tata;Тата;assets/images/words/tata.webp;assets/sounds/words/tata.mp3;Папа;Dad;Moj tata radi u banci. Tata vozi auto. Tata, gde si?;Мой папа работает в банке. Папа водит машину. Папа, где ты?;My dad works at a bank. Dad drives the car. Dad, where are you?;;
2389;general;2;Nemoj;Немој;assets/images/words/nemoj.webp;assets/sounds/words/nemoj.mp3;Не надо / не (делай);Do not;Nemoj da kasniš. Nemoj da brineš. Nemojte da pušite ovde.;Не опаздывай. Не волнуйся. Не курите здесь.;Do not be late. Do not worry. Do not smoke here.;;
2390;general;2;Me;Ме;assets/images/words/me.webp;assets/sounds/words/me.mp3;Меня;Me;Da li me čuješ? On me zove. Čekaj me ovde.;Ты меня слышишь? Он меня зовёт. Жди меня здесь.;Can you hear me? He is calling me. Wait for me here.;;
2391;general;2;Ga;Га;assets/images/words/ga.webp;assets/sounds/words/ga.mp3;Его (кого? что?);Him / it;Vidim ga svaki dan. Ne poznajem ga. Gde je telefon? Ne mogu da ga nađem.;Я вижу его каждый день. Я его не знаю. Где телефон? Не могу его найти.;I see him every day. I do not know him. Where is the phone? I cannot find it.;;
2392;general;2;Mu;Му;assets/images/words/mu.webp;assets/sounds/words/mu.mp3;Ему;(To) him;Daj mu knjigu. Reci mu da dođe. Kupila sam mu poklon.;Дай ему книгу. Скажи ему, чтобы пришёл. Я купила ему подарок.;Give him the book. Tell him to come. I bought him a present.;;
2393;general;2;Joj;Јој;assets/images/words/joj.webp;assets/sounds/words/joj.mp3;Ей;(To) her;Pišem joj pismo. Reci joj hvala. Sviđa joj se ovaj grad.;Я пишу ей письмо. Скажи ей спасибо. Ей нравится этот город.;I am writing her a letter. Tell her thank you. She likes this city.;;
2394;general;2;Ih;Их;assets/images/words/ih.webp;assets/sounds/words/ih.mp3;Их;Them;Vidim ih u parku. Zovem ih svaki dan. Ne poznajem ih.;Я вижу их в парке. Я звоню им каждый день. Я их не знаю.;I see them in the park. I call them every day. I do not know them.;;
2395;general;2;Li;Ли;assets/images/words/li.webp;assets/sounds/words/li.mp3;Ли (вопросительная частица);Question particle;Grammar. Da li si gladan? Znaš li gde je pošta?;«li» — вопросительная частица, ставится после первого слова (da li, ima li, znaš li). Ты голоден? Ты знаешь, где почта?;li is a question particle placed after the first word (da li, ima li, znaš li). Are you hungry? Do you know where the post office is?;;
2396;general;2;Se;Се;assets/images/words/se.webp;assets/sounds/words/se.mp3;Себя / -ся;Oneself (reflexive);Grammar. Kako se zoveš? Vidimo se sutra.;«se» — возвратная частица (-ся), пишется отдельно от глагола. Как тебя зовут? Увидимся завтра.;se is the reflexive particle written separately from the verb. What is your name? See you tomorrow.;;
2397;general;2;Bolji;Бољи;assets/images/words/bolji.webp;assets/sounds/words/bolji.mp3;Лучше / лучший;Better;Ovaj telefon je bolji. Danas je bolji dan nego juče. Ti si bolji od mene.;Этот телефон лучше. Сегодня день лучше, чем вчера. Ты лучше меня.;This phone is better. Today is a better day than yesterday. You are better than me.;;
2398;general;2;Najbolji;Најбољи;assets/images/words/najbolji.webp;assets/sounds/words/najbolji.mp3;Самый лучший;The best;Ovo je najbolji restoran u gradu. Ti si moj najbolji prijatelj. Najbolja kafa je ovde.;Это лучший ресторан в городе. Ты мой лучший друг. Самый лучший кофе здесь.;This is the best restaurant in town. You are my best friend. The best coffee is here.;;
2399;general;2;Više;Више;assets/images/words/vise.webp;assets/sounds/words/vise.mp3;Больше;More;Želim više vremena. Treba da piješ više vode. On radi više od mene.;Я хочу больше времени. Тебе нужно пить больше воды. Он работает больше меня.;I want more time. You should drink more water. He works more than me.;;
2400;general;2;Manje;Мање;assets/images/words/manje.webp;assets/sounds/words/manje.mp3;Меньше;Less;Jedi manje šećera. Danas ima manje ljudi. Košta manje nego juče.;Ешь меньше сахара. Сегодня меньше людей. Стоит меньше, чем вчера.;Eat less sugar. There are fewer people today. It costs less than yesterday.;;
2401;general;2;Brzo;Брзо;assets/images/words/brzo.webp;assets/sounds/words/brzo.mp3;Быстро;Quickly;On brzo vozi. Dođi brzo. Vreme brzo prolazi.;Он быстро водит. Приходи быстро. Время быстро проходит.;He drives fast. Come quickly. Time passes quickly.;;
2402;general;2;Treći;Трећи;assets/images/words/treci.webp;assets/sounds/words/treci.mp3;Третий;Third;Živim na trećem spratu. Ovo je moj treći dan ovde. Treća vrata levo.;Я живу на третьем этаже. Это мой третий день здесь. Третья дверь налево.;I live on the third floor. This is my third day here. The third door on the left.;;
2403;general;2;Bih;Бих;assets/images/words/bih.webp;assets/sounds/words/bih.mp3;Бы (я бы);Would (I would);Grammar. Voleo bih kafu. Mogla bih da dođem sutra.;«bih» — форма вспомогательного глагола для 1-го лица в условном наклонении (ja bih). Я бы хотел кофе. Я могла бы прийти завтра.;bih is the 1st person singular form used in the conditional (ja bih). I would like a coffee. I could come tomorrow.;;
2404;general;2;Niko;Нико;assets/images/words/niko.webp;assets/sounds/words/niko.mp3;Никто;Nobody;Niko nije došao. Niko ne zna odgovor. Ovde nema nikoga.;Никто не пришёл. Никто не знает ответа. Здесь никого нет.;Nobody came. Nobody knows the answer. There is nobody here.;;
2405;general;2;Ništa;Ништа;assets/images/words/nista.webp;assets/sounds/words/nista.mp3;Ничего;Nothing;Ne razumem ništa. Ništa nije važno. Ništa ne želim.;Я ничего не понимаю. Ничего не важно. Я ничего не хочу.;I do not understand anything. Nothing matters. I do not want anything.;;
2406;general;2;Nigde;Нигде;assets/images/words/nigde.webp;assets/sounds/words/nigde.mp3;Нигде;Nowhere;Ne mogu nigde da nađem ključ. Nigde nisam bio danas. Takvog mesta nema nigde.;Я нигде не могу найти ключ. Сегодня я нигде не был. Такого места нигде нет.;I cannot find the key anywhere. I have not been anywhere today. There is no such place anywhere.;;
2407;general;2;Ako;Ако;assets/images/words/ako.webp;assets/sounds/words/ako.mp3;Если;If;Ako pada kiša, ostajem kod kuće. Pozovi me ako imaš vremena. Ako želiš, idemo zajedno.;Если идёт дождь, я остаюсь дома. Позвони мне, если у тебя есть время. Если хочешь, пойдём вместе.;If it rains, I stay at home. Call me if you have time. If you want, we can go together.;;
2408;general;2;Pročitati;Прочитати;assets/images/words/procitati.webp;assets/sounds/words/procitati.mp3;Прочитать;To read (through);Pročitao sam celu knjigu. Moraš da pročitaš ovaj članak. Pročitaću pismo sutra.;Я прочитал всю книгу. Тебе нужно прочитать эту статью. Я прочитаю письмо завтра.;I read the whole book. You must read this article. I will read the letter tomorrow.;;
2409;general;2;Davati;Давати;assets/images/words/davati.webp;assets/sounds/words/davati.mp3;Давать;To give (repeatedly);Ona mi uvek daje dobre savete. Ne treba mu davati novac. Baka deci daje slatkiše.;Она всегда даёт мне хорошие советы. Не надо давать ему деньги. Бабушка даёт детям сладости.;She always gives me good advice. You should not give him money. Grandma gives the children sweets.;;
2410;general;2;Misao;Мисао;assets/images/words/misao.webp;assets/sounds/words/misao.mp3;Мысль;Thought;To je dobra misao. Imam jednu misao. Njegove misli su daleko.;Это хорошая мысль. У меня есть одна мысль. Его мысли далеко.;That is a good thought. I have one thought. His thoughts are far away.;;
2411;general;2;Čitalac;Читалац;assets/images/words/citalac.webp;assets/sounds/words/citalac.mp3;Читатель;Reader;Ova knjiga ima mnogo čitalaca. On je redovan čitalac novina. Pismo čitaocu je na poslednjoj strani.;У этой книги много читателей. Он постоянный читатель газеты. Письмо читателю — на последней странице.;This book has many readers. He is a regular reader of the newspaper. The letter to the reader is on the last page.;;
2412;general;2;Gledalac;Гледалац;assets/images/words/gledalac.webp;assets/sounds/words/gledalac.mp3;Зритель;Viewer;Na utakmici je bilo deset hiljada gledalaca. Svaki gledalac dobija kartu. Gledaoci su zadovoljni.;На матче было десять тысяч зрителей. Каждый зритель получает билет. Зрители довольны.;There were ten thousand spectators at the match. Every viewer gets a ticket. The viewers are pleased.;;
2413;general;2;Slušalac;Слушалац;assets/images/words/slusalac.webp;assets/sounds/words/slusalac.mp3;Слушатель;Listener;On je dobar slušalac. Dragi slušaoci, dobro veče. Emisija ima mnogo slušalaca.;Он хороший слушатель. Дорогие слушатели, добрый вечер. У передачи много слушателей.;He is a good listener. Dear listeners, good evening. The show has many listeners.;;
2414;everyday;2;Drug;Друг;assets/images/words/drug.webp;assets/sounds/words/drug.mp3;Друг / товарищ;Friend / buddy;On je moj stari drug. Druže, kako si? Idem sa drugom u bioskop.;Он мой старый друг. Дружище, как дела? Я иду с другом в кино.;He is my old friend. Buddy, how are you? I am going to the cinema with a friend.;;
2415;family;2;Devojka;Девојка;assets/images/words/devojka.webp;assets/sounds/words/devojka.mp3;Девушка;Girl / girlfriend;Ona je lepa devojka. Moja devojka je iz Novog Sada. Devojko, izvoli.;Она красивая девушка. Моя девушка из Нови-Сада. Девушка, пожалуйста.;She is a beautiful girl. My girlfriend is from Novi Sad. Here you go, miss.;;
2416;shop;2;Dinar;Динар;assets/images/words/dinar.webp;assets/sounds/words/dinar.mp3;Динар;Dinar;Hleb košta sto dinara. Imam samo dvesta dinara. Plaćam u dinarima.;Хлеб стоит сто динаров. У меня только двести динаров. Я плачу в динарах.;Bread costs one hundred dinars. I only have two hundred dinars. I pay in dinars.;;
2417;time;2;Januar;Јануар;assets/images/words/januar.webp;assets/sounds/words/januar.mp3;Январь;January;U januaru je hladno. Rođen sam u januaru. Prvi januar je praznik.;В январе холодно. Я родился в январе. Первое января — праздник.;It is cold in January. I was born in January. The first of January is a holiday.;;
2418;time;2;Februar;Фебруар;assets/images/words/februar.webp;assets/sounds/words/februar.mp3;Февраль;February;Februar je kratak mesec. U februaru pada sneg. Vraćam se u februaru.;Февраль — короткий месяц. В феврале идёт снег. Я вернусь в феврале.;February is a short month. It snows in February. I am coming back in February.;;
2419;time;2;Mart;Март;assets/images/words/mart.webp;assets/sounds/words/mart.mp3;Март;March;Proleće počinje u martu. Osmi mart je Dan žena. U martu imam ispit.;Весна начинается в марте. Восьмое марта — женский день. В марте у меня экзамен.;Spring starts in March. The eighth of March is Women's Day. I have an exam in March.;;
2420;time;2;April;Април;assets/images/words/april.webp;assets/sounds/words/april.mp3;Апрель;April;U aprilu često pada kiša. Rođendan mi je u aprilu. Prvi april je dan šale.;В апреле часто идёт дождь. Мой день рождения в апреле. Первое апреля — день шуток.;It often rains in April. My birthday is in April. The first of April is a day of jokes.;;
2421;time;2;Maj;Мај;assets/images/words/maj.webp;assets/sounds/words/maj.mp3;Май;May;Maj je lep mesec. Prvi maj je praznik rada. U maju idemo na izlet.;Май — красивый месяц. Первое мая — праздник труда. В мае мы едем на экскурсию.;May is a lovely month. The first of May is Labour Day. In May we go on a trip.;;
2422;time;2;Jun;Јун;assets/images/words/jun.webp;assets/sounds/words/jun.mp3;Июнь;June;U junu počinje leto. Škola se završava u junu. Venčanje je u junu.;В июне начинается лето. Школа заканчивается в июне. Свадьба в июне.;Summer begins in June. School ends in June. The wedding is in June.;;
2423;time;2;Jul;Јул;assets/images/words/jul.webp;assets/sounds/words/jul.mp3;Июль;July;U julu je vrućina. Idemo na more u julu. Jul je moj omiljeni mesec.;В июле жара. Мы едем на море в июле. Июль — мой любимый месяц.;It is hot in July. We are going to the seaside in July. July is my favourite month.;;
2424;time;2;Avgust;Август;assets/images/words/avgust.webp;assets/sounds/words/avgust.mp3;Август;August;U avgustu sam na odmoru. Avgust je topao mesec. Vraćamo se krajem avgusta.;В августе я в отпуске. Август — тёплый месяц. Мы возвращаемся в конце августа.;I am on holiday in August. August is a warm month. We are coming back at the end of August.;;
2425;time;2;Septembar;Септембар;assets/images/words/septembar.webp;assets/sounds/words/septembar.mp3;Сентябрь;September;Škola počinje u septembru. U septembru je još toplo. Rođena sam u septembru.;Школа начинается в сентябре. В сентябре ещё тепло. Я родилась в сентябре.;School starts in September. It is still warm in September. I was born in September.;;
2426;time;2;Oktobar;Октобар;assets/images/words/oktobar.webp;assets/sounds/words/oktobar.mp3;Октябрь;October;U oktobru opada lišće. Oktobar je jesenji mesec. Selim se u oktobru.;В октябре опадают листья. Октябрь — осенний месяц. Я переезжаю в октябре.;The leaves fall in October. October is an autumn month. I am moving in October.;;
2427;time;2;Novembar;Новембар;assets/images/words/novembar.webp;assets/sounds/words/novembar.mp3;Ноябрь;November;Novembar je hladan i kišovit. U novembru ima mnogo magle. Ispit je u novembru.;Ноябрь холодный и дождливый. В ноябре много тумана. Экзамен в ноябре.;November is cold and rainy. There is a lot of fog in November. The exam is in November.;;
2428;time;2;Decembar;Децембар;assets/images/words/decembar.webp;assets/sounds/words/decembar.mp3;Декабрь;December;U decembru pada sneg. Decembar je poslednji mesec u godini. Vidimo se u decembru.;В декабре идёт снег. Декабрь — последний месяц года. Увидимся в декабре.;It snows in December. December is the last month of the year. See you in December.;;
2429;feelings;2;Ljubav;Љубав;assets/images/words/ljubav.webp;assets/sounds/words/ljubav.mp3;Любовь;Love;Ljubav je važna. Pisao je pesme o ljubavi. To je ljubav na prvi pogled.;Любовь важна. Он писал стихи о любви. Это любовь с первого взгляда.;Love is important. He wrote poems about love. It is love at first sight.;;
2430;general;3;Svaki;Сваки;assets/images/words/svaki.webp;assets/sounds/words/svaki.mp3;Каждый;Every;Svaki dan idem na posao. Svako dete voli igru. Svake godine idemo na more.;Каждый день я хожу на работу. Каждый ребёнок любит игру. Каждый год мы ездим на море.;Every day I go to work. Every child loves to play. Every year we go to the seaside.;;
2431;travel;3;Srbija;Србија;assets/images/words/srbija.webp;assets/sounds/words/srbija.mp3;Сербия;Serbia;Srbija je lepa zemlja. Živim u Srbiji. Glavni grad Srbije je Beograd.;Сербия — красивая страна. Я живу в Сербии. Столица Сербии — Белград.;Serbia is a beautiful country. I live in Serbia. The capital of Serbia is Belgrade.;;
2432;travel;3;Rusija;Русија;assets/images/words/rusija.webp;assets/sounds/words/rusija.mp3;Россия;Russia;Rusija je velika zemlja. Došao sam iz Rusije. U Rusiji je zima duga.;Россия — большая страна. Я приехал из России. В России зима долгая.;Russia is a big country. I came from Russia. Winter is long in Russia.;;
2433;travel;3;Nemačka;Немачка;assets/images/words/nemacka.webp;assets/sounds/words/nemacka.mp3;Германия;Germany;Moj brat radi u Nemačkoj. Nemačka je bogata zemlja. Vratio se iz Nemačke.;Мой брат работает в Германии. Германия — богатая страна. Он вернулся из Германии.;My brother works in Germany. Germany is a rich country. He came back from Germany.;;
2434;travel;3;Francuska;Француска;assets/images/words/francuska.webp;assets/sounds/words/francuska.mp3;Франция;France;Pariz je u Francuskoj. Francuska ima dobro vino. Putujem u Francusku.;Париж находится во Франции. У Франции хорошее вино. Я еду во Францию.;Paris is in France. France has good wine. I am travelling to France.;;
2435;travel;3;Engleska;Енглеска;assets/images/words/engleska.webp;assets/sounds/words/engleska.mp3;Англия;England;London je u Engleskoj. Studirao je u Engleskoj. Leti u Englesku.;Лондон находится в Англии. Он учился в Англии. Он летит в Англию.;London is in England. He studied in England. He is flying to England.;;
2436;travel;3;Italija;Италија;assets/images/words/italija.webp;assets/sounds/words/italija.mp3;Италия;Italy;Italija je poznata po hrani. Leto provodimo u Italiji. Kupio sam ovo u Italiji.;Италия известна своей едой. Лето мы проводим в Италии. Я купил это в Италии.;Italy is famous for its food. We spend the summer in Italy. I bought this in Italy.;;
2437;travel;3;Kina;Кина;assets/images/words/kina.webp;assets/sounds/words/kina.mp3;Китай;China;Kina je daleko. Ovaj telefon je iz Kine. On radi u Kini.;Китай далеко. Этот телефон из Китая. Он работает в Китае.;China is far away. This phone is from China. He works in China.;;
2438;documents;3;Prezime;Презиме;assets/images/words/prezime.webp;assets/sounds/words/prezime.mp3;Фамилия;Surname;Kako se piše vaše prezime? Napišite ime i prezime. Imamo isto prezime.;Как пишется ваша фамилия? Напишите имя и фамилию. У нас одинаковая фамилия.;How do you spell your surname? Write your first name and surname. We have the same surname.;;
2439;general;3;Dvoje;Двоје;assets/images/words/dvoje.webp;assets/sounds/words/dvoje.mp3;Двое;Two (collective);Imam dvoje dece. Nas dvoje idemo u bioskop. Sto za dvoje, molim.;У меня двое детей. Мы вдвоём идём в кино. Столик на двоих, пожалуйста.;I have two children. The two of us are going to the cinema. A table for two, please.;;
2440;general;3;Troje;Троје;assets/images/words/troje.webp;assets/sounds/words/troje.mp3;Трое;Three (collective);Oni imaju troje dece. Nas troje živimo zajedno. Došlo je troje studenata.;У них трое детей. Мы втроём живём вместе. Пришли трое студентов.;They have three children. The three of us live together. Three students came.;;
2441;general;4;Budem;Будем;assets/images/words/budem.webp;assets/sounds/words/budem.mp3;(я) буду;(I) will be;Grammar. Kad budem imao vremena, zvaću te. Ako budem mogao, doći ću.;«budem» — форма глагола «biti» для футура II и условий (kad budem, ako budem). Когда у меня будет время, я тебе позвоню. Если смогу, приду.;budem is a form of the verb biti used in the future II and in conditions (kad budem, ako budem). When I have time, I will call you. If I can, I will come.;;
2442;general;4;Zbog;Због;assets/images/words/zbog.webp;assets/sounds/words/zbog.mp3;Из-за;Because of;Zakasnio sam zbog gužve. Zbog kiše ostajemo kod kuće. Zbog čega si tužan?;Я опоздал из-за пробки. Из-за дождя мы остаёмся дома. Из-за чего ты грустный?;I was late because of the traffic. Because of the rain we are staying at home. Why are you sad?;;
2443;general;4;Jer;Јер;assets/images/words/jer.webp;assets/sounds/words/jer.mp3;Потому что;Because;Ne idem jer sam umoran. Nosim kišobran jer pada kiša. Učim srpski jer živim ovde.;Я не иду, потому что устал. Я беру зонт, потому что идёт дождь. Я учу сербский, потому что живу здесь.;I am not going because I am tired. I am taking an umbrella because it is raining. I am learning Serbian because I live here.;;
2444;general;4;Zato;Зато;assets/images/words/zato.webp;assets/sounds/words/zato.mp3;Поэтому;That is why / so;Umoran sam, zato idem kući. Pada kiša, zato nosim kišobran. Zato što si zakasnio, propustio si početak.;Я устал, поэтому иду домой. Идёт дождь, поэтому я беру зонт. Так как ты опоздал, ты пропустил начало.;I am tired, so I am going home. It is raining, so I am taking an umbrella. Because you were late, you missed the beginning.;;
2445;general;4;Dvojica;Двојица;assets/images/words/dvojica.webp;assets/sounds/words/dvojica.mp3;Двое (мужчин);Two (men);Došla su dvojica mojih prijatelja. Dvojica igrača su povređena. Nas dvojica smo braća.;Пришли двое моих друзей. Двое игроков травмированы. Мы двое — братья.;Two of my friends came. Two players are injured. The two of us are brothers.;;
2446;general;4;Desetak;Десетак;assets/images/words/desetak.webp;assets/sounds/words/desetak.mp3;Около десяти;About ten;Čekao sam desetak minuta. Došlo je desetak ljudi. Do centra ima desetak kilometara.;Я ждал минут десять. Пришло человек десять. До центра около десяти километров.;I waited about ten minutes. About ten people came. It is about ten kilometers to the center.;;
